age,fnlwgt,education-num,capital-gain,capital-loss,hours-per-week,cluster
2.067863323624293,-0.1257529170401983,-0.0306643346086596,-0.1448838105613269,-0.2172505640230674,0.7725582445718663,0
3.089143477309017,0.4804555658263334,1.1366299862406606,-0.1448838105613269,-0.2172505640230674,-0.8412913198535819,0
0.3170973458790516,-0.2355646495283442,-0.0306643346086596,-0.1448838105613269,-0.2172505640230674,0.7725582445718663,0
-0.9230285550238276,0.2185094207136375,-0.419762441558433,-0.1448838105613269,-0.2172505640230674,-0.0343665376408577,0
0.5359430930972068,-0.7757516450143068,-0.0306643346086596,-0.1448838105613269,-0.2172505640230674,-0.0343665376408577,0
-1.214822884648035,0.2485140232532939,-0.419762441558433,-0.1448838105613269,-0.2172505640230674,-0.0343665376408577,0
0.3170973458790516,-0.5143830577289756,-0.0306643346086596,-0.1448838105613269,-0.2172505640230674,0.7725582445718663,0
-0.6312342253996209,0.5972737375316917,1.1366299862406606,-0.1448838105613269,-0.2172505640230674,-0.0343665376408577,0
-1.5066172142722416,-0.4256758563424056,-0.419762441558433,-0.1448838105613269,4.05100803910301,-0.0343665376408577,0
1.7031204115940344,0.6141460006196272,-0.0306643346086596,-0.1448838105613269,-0.2172505640230674,-0.0343665376408577,0
-0.9230285550238276,0.010342430673598,-0.0306643346086596,-0.1448838105613269,-0.2172505640230674,-1.809601058508851,0
0.3170973458790516,3.908867233547076,1.5257280931904338,-0.1448838105613269,-0.2172505640230674,0.7725582445718663,0
1.1195317523456203,0.1874159796469819,-0.0306643346086596,-0.1448838105613269,-0.2172505640230674,-0.0343665376408577,0
-0.850079972617776,-0.8190495457444578,-1.1979586554579795,-0.1448838105613269,-0.2172505640230674,-0.0343665376408577,0
1.1924803347516724,-0.6060632617023088,-0.419762441558433,-0.1448838105613269,-0.2172505640230674,-2.7779107971641195,0
1.046583169939569,0.3748382287074104,0.7475318792908872,-0.1448838105613269,-0.2172505640230674,0.3690958534655043,0
1.6301718291879828,0.1822558318451161,1.5257280931904338,-0.1448838105613269,-0.2172505640230674,1.5794830267845903,0
0.0253030162548446,0.7579484314723571,1.1366299862406606,-0.1448838105613269,-0.2172505640230674,2.386407808997314,0
0.3900459282851033,-1.537891273108229,0.7475318792908872,-0.1448838105613269,-0.2172505640230674,-0.0343665376408577,0
-0.6312342253996209,-0.332537555559004,1.5257280931904338,-0.1448838105613269,-0.2172505640230674,1.9829454178909525,0
2.067863323624293,0.7490388918731723,1.1366299862406606,-0.1448838105613269,3.527706141799348,-2.616525840721575,0
-0.7771313902117244,0.0558937537465822,-0.419762441558433,-0.1448838105613269,-0.2172505640230674,0.7725582445718663,0
1.265428917157724,0.5198999249870176,-0.419762441558433,-0.1448838105613269,-0.2172505640230674,-0.0343665376408577,0
-0.1205941485572587,-1.4613127860963198,-0.419762441558433,-0.1448838105613269,3.922042642611113,1.1760206356782283,0
0.9006860051274654,-0.4571385556921304,-0.419762441558433,-0.1448838105613269,-0.2172505640230674,1.1760206356782283,0
-0.1935427309633105,0.0651820197899406,-0.0306643346086596,1.8701635077678724,-0.2172505640230674,-0.0343665376408577,0
-0.9959771374298796,0.6305164511690327,0.7475318792908872,-0.1448838105613269,-0.2172505640230674,-0.0343665376408577,0
0.2441487634729998,0.8450933862767109,-0.0306643346086596,-0.1448838105613269,-0.2172505640230674,-0.0343665376408577,0
-1.0689257198359312,0.1418646565739978,-0.0306643346086596,-0.1448838105613269,-0.2172505640230674,-0.0343665376408577,0
-1.0689257198359312,0.8961362427902129,1.1366299862406606,-0.1448838105613269,-0.2172505640230674,-0.8412913198535819,0
-0.1205941485572587,-0.2088360307307898,-0.419762441558433,-0.1448838105613269,-0.2172505640230674,-0.0343665376408577,0
-0.339439895775414,0.6793248216619101,-0.419762441558433,-0.1448838105613269,-0.2172505640230674,-0.0343665376408577,0
-1.0689257198359312,-0.3498548222188435,-0.0306643346086596,-0.1448838105613269,-0.2172505640230674,-2.051678493172668,0
-0.1935427309633105,-0.7704873474402932,-0.419762441558433,-0.1448838105613269,-0.2172505640230674,-1.3254461891812162,0
0.2441487634729998,0.1359943966893064,1.1366299862406606,-0.1448838105613269,-0.2172505640230674,-0.4378289287472198,0
-0.339439895775414,0.2230352017215125,1.1366299862406606,-0.1448838105613269,-0.2172505640230674,1.9829454178909525,0
0.3170973458790516,1.3927034200684767,-0.0306643346086596,-0.1448838105613269,1.965240761224433,0.127018418801687,0
0.3900459282851033,0.8853141346479512,1.1366299862406606,-0.1448838105613269,-0.2172505640230674,-0.0343665376408577,0
1.8490175764061376,-0.972358010345946,-0.0306643346086596,-0.1448838105613269,-0.2172505640230674,-0.0343665376408577,0
-0.047645566151207,-0.730683198157644,1.1366299862406606,-0.1448838105613269,-0.2172505640230674,1.5794830267845903,0
0.8277374227214137,-0.0174182176843294,1.1366299862406606,-0.1448838105613269,-0.2172505640230674,0.7725582445718663,0
-0.9959771374298796,-0.1871350054796405,-0.0306643346086596,-0.1448838105613269,-0.2172505640230674,-0.0343665376408577,0
-1.0689257198359312,0.8799172828184768,-0.0306643346086596,-0.1448838105613269,-0.2172505640230674,-1.3254461891812162,0
0.462994510691155,0.9031710864907382,1.1366299862406606,-0.1448838105613269,-0.2172505640230674,0.7725582445718663,0
0.3900459282851033,1.6210375932607624,-0.0306643346086596,-0.1448838105613269,4.499906823045962,3.1933325912100385,0
-0.4123884781814657,0.6185960363386674,-0.0306643346086596,-0.1448838105613269,-0.2172505640230674,0.7725582445718663,0
-1.141874302241983,0.3261340079866808,1.1366299862406606,-0.1448838105613269,-0.2172505640230674,-0.8412913198535819,0
0.2441487634729998,0.791162740626385,1.1366299862406606,-0.1448838105613269,-0.2172505640230674,4.000257373422762,0
0.5359430930972068,-0.0016253249622888,1.1366299862406606,-0.1448838105613269,4.365981218996684,0.3690958534655043,0
-0.6312342253996209,1.7899874600066217,-0.0306643346086596,-0.1448838105613269,-0.2172505640230674,1.1760206356782283,0
-0.047645566151207,-0.2886905014848012,1.9148262001402072,-0.1448838105613269,-0.2172505640230674,0.3690958534655043,0
-0.4123884781814657,-0.2851967500372994,0.7475318792908872,-0.1448838105613269,-0.2172505640230674,-0.0343665376408577,0
-1.5066172142722416,0.8055164728605659,-0.419762441558433,-0.1448838105613269,-0.2172505640230674,-1.6482161020663058,0
0.9736345875335172,-0.6238539364173654,-0.419762441558433,-0.1448838105613269,-0.2172505640230674,-0.1957514940834025,0
-0.5582856429935692,2.4318246331087883,-0.0306643346086596,-0.1448838105613269,-0.2172505640230674,-0.0343665376408577,0
-0.9959771374298796,0.193390389303821,-1.1979586554579795,-0.1448838105613269,-0.2172505640230674,-0.0343665376408577,0
1.046583169939569,0.0535172453093926,-0.0306643346086596,-0.1448838105613269,-0.2172505640230674,-0.8412913198535819,0
0.5359430930972068,1.3117790471096749,1.1366299862406606,-0.1448838105613269,4.499906823045962,0.127018418801687,0
0.2441487634729998,-0.1862828709802498,-0.419762441558433,-0.1448838105613269,-0.2172505640230674,0.6111732881293215,0
0.1712001810669481,1.521697646954017,1.1366299862406606,-0.1448838105613269,-0.2172505640230674,-0.0343665376408577,0
0.0253030162548446,0.3930265661888494,-0.419762441558433,-0.1448838105613269,-0.2172505640230674,0.7725582445718663,0
-1.214822884648035,-1.0141220689771937,-0.0306643346086596,-0.1448838105613269,-0.2172505640230674,-0.0343665376408577,0
-0.339439895775414,0.6037688960492695,-0.0306643346086596,-0.1448838105613269,-0.2172505640230674,1.5794830267845903,0
0.3900459282851033,-0.8939332319186901,-0.0306643346086596,-0.1448838105613269,-0.2172505640230674,-0.0343665376408577,0
-0.9230285550238276,1.0473711801098504,-1.1979586554579795,-0.1448838105613269,-0.2172505640230674,-0.0343665376408577,0
0.0982515986608963,0.5415062686271237,1.1366299862406606,-0.1448838105613269,-0.2172505640230674,-2.616525840721575,0
0.6818402579093102,-0.2909155193443213,-0.419762441558433,-0.1448838105613269,-0.2172505640230674,1.5794830267845903,0
-0.4123884781814657,-0.8845597524253926,-0.419762441558433,-0.1448838105613269,-0.2172505640230674,4.726489677414214,0
-0.047645566151207,1.4141204004864958,-0.419762441558433,-0.1448838105613269,3.698833302528982,-0.0343665376408577,0
-0.7771313902117244,-0.6092635001555761,-0.419762441558433,-0.1448838105613269,-0.2172505640230674,-0.0343665376408577,0
-0.5582856429935692,-0.1315284953138462,0.7475318792908872,-0.1448838105613269,-0.2172505640230674,-0.0343665376408577,0
-0.339439895775414,3.518977827431421,-0.0306643346086596,-0.1448838105613269,-0.2172505640230674,0.7725582445718663,0
0.9006860051274654,-0.4057737817010809,-0.0306643346086596,-0.1448838105613269,-0.2172505640230674,-0.0343665376408577,0
2.578503400466655,0.3636279259598708,-0.0306643346086596,2.5443942631752794,-0.2172505640230674,-1.2447537109599438,0
-0.5582856429935692,0.2181022897861509,-0.0306643346086596,-0.1448838105613269,-0.2172505640230674,-0.0343665376408577,0
1.1924803347516724,0.838484609825881,-1.5870567624077532,-0.1448838105613269,-0.2172505640230674,-0.4378289287472198,0
-1.141874302241983,-0.5310470212726157,-3.1434491902068467,-0.1448838105613269,-0.2172505640230674,-0.3571364505259474,0
0.3900459282851033,0.1785537808533188,0.7475318792908872,-0.1448838105613269,-0.2172505640230674,-0.8412913198535819,0
0.0253030162548446,-1.5515159569373758,-0.0306643346086596,-0.1448838105613269,-0.2172505640230674,1.1760206356782283,0
-0.4123884781814657,-1.4646739832883608,-0.0306643346086596,-0.1448838105613269,-0.2172505640230674,0.3690958534655043,0
0.754788840315362,0.2845025036108937,1.1366299862406606,1.8701635077678724,-0.2172505640230674,-0.0343665376408577,0
-1.5795657966782934,-0.328844972728311,-1.1979586554579795,-0.1448838105613269,-0.2172505640230674,-1.6482161020663058,0
-0.1935427309633105,-0.0259016900338189,-0.419762441558433,-0.1448838105613269,-0.2172505640230674,0.7725582445718663,0
1.8490175764061376,-0.1600276602379124,-0.419762441558433,-0.1448838105613269,-0.2172505640230674,-0.0343665376408577,0
-0.4853370605875174,-1.177760297343518,-0.419762441558433,0.2011506730175691,-0.2172505640230674,-0.0343665376408577,0
0.2441487634729998,0.2644205339085866,-0.419762441558433,-0.1448838105613269,-0.2172505640230674,0.7725582445718663,0
2.5055548180606038,-0.7111409136382844,-2.754351083257073,-0.1448838105613269,-0.2172505640230674,-1.2447537109599438,0
0.1712001810669481,-0.230698014720713,-0.0306643346086596,-0.1448838105613269,-0.2172505640230674,0.7725582445718663,0
-0.4123884781814657,-0.08342076874269,-0.419762441558433,-0.1448838105613269,-0.2172505640230674,-0.0343665376408577,0
-1.2877714670540863,0.9952868258748708,-0.0306643346086596,-0.1448838105613269,-0.2172505640230674,-1.2447537109599438,0
0.462994510691155,0.0199431460333997,1.5257280931904338,3.2398162776545725,-0.2172505640230674,0.127018418801687,0
-1.0689257198359312,1.2939599679113052,1.1366299862406606,-0.1448838105613269,-0.2172505640230674,-1.6482161020663058,0
1.265428917157724,-1.4949058216945212,-1.5870567624077532,-0.1448838105613269,-0.2172505640230674,-0.0343665376408577,0
-0.5582856429935692,-1.5638150982119146,-0.419762441558433,-0.1448838105613269,-0.2172505640230674,0.7725582445718663,0
-0.850079972617776,-0.7175697950281318,-1.5870567624077532,0.4597376824517209,-0.2172505640230674,-0.0343665376408577,0
-0.339439895775414,-0.1789261098021769,-0.419762441558433,-0.1448838105613269,-0.2172505640230674,0.7725582445718663,0
0.0253030162548446,0.6479283994399156,-0.0306643346086596,-0.1448838105613269,-0.2172505640230674,0.7725582445718663,0
1.9949147412182413,0.8027233653347853,-1.9761548693575264,-0.1448838105613269,-0.2172505640230674,-1.2447537109599438,0
0.0982515986608963,1.88468800737224,-0.0306643346086596,-0.1448838105613269,-0.2172505640230674,-0.0343665376408577,0
0.9006860051274654,0.010342430673598,-3.1434491902068467,-0.1448838105613269,-0.2172505640230674,-0.0343665376408577,0
-0.6312342253996209,0.94466056844996,-0.419762441558433,-0.1448838105613269,-0.2172505640230674,-0.0343665376408577,0
-1.5066172142722416,-0.3884375787190328,-0.419762441558433,-0.1448838105613269,-0.2172505640230674,-1.0026762762961263,0
-0.2664913133693622,-1.3600223986020803,0.7475318792908872,-0.1448838105613269,-0.2172505640230674,0.7725582445718663,0
-0.9959771374298796,-0.2784459511699043,1.1366299862406606,-0.1448838105613269,-0.2172505640230674,-0.4378289287472198,0
-1.2877714670540863,1.982181662263638,-0.419762441558433,-0.1448838105613269,-0.2172505640230674,-1.3254461891812162,0
0.0253030162548446,-0.238168393832038,-0.419762441558433,-0.1448838105613269,-0.2172505640230674,-0.0343665376408577,0
0.9736345875335172,-0.8015713203458444,-0.0306643346086596,-0.1448838105613269,-0.2172505640230674,-0.8412913198535819,0
-1.5066172142722416,2.733555991181925,-1.1979586554579795,-0.1448838105613269,-0.2172505640230674,-1.2447537109599438,0
-0.047645566151207,0.3549077495827728,1.1366299862406606,-0.1448838105613269,-0.2172505640230674,-0.0343665376408577,0
0.5359430930972068,-0.460263048856563,-0.419762441558433,0.8339377635312247,-0.2172505640230674,-0.0343665376408577,0
0.8277374227214137,-0.0640299748009998,-0.419762441558433,-0.1448838105613269,-0.2172505640230674,-1.2447537109599438,0
0.3170973458790516,-0.0858824906298186,1.9148262001402072,1.8701635077678724,-0.2172505640230674,1.5794830267845903,0
0.9736345875335172,0.4823302617249929,-0.419762441558433,-0.1448838105613269,-0.2172505640230674,-0.0343665376408577,0
1.6301718291879828,0.40759806612843,1.5257280931904338,-0.1448838105613269,-0.2172505640230674,0.7725582445718663,0
-0.7771313902117244,0.2231298833325559,-0.419762441558433,-0.1448838105613269,-0.2172505640230674,-0.0343665376408577,0
-0.850079972617776,-0.7480478056230052,-0.419762441558433,-0.1448838105613269,-0.2172505640230674,0.7725582445718663,0
-0.850079972617776,-1.26607930412481,-0.0306643346086596,-0.1448838105613269,-0.2172505640230674,-0.0343665376408577,0
2.432606235654552,-0.8171180408791723,-0.0306643346086596,-0.1448838105613269,-0.2172505640230674,-1.5675236238450334,0
0.9006860051274654,-0.2908776466999039,-0.419762441558433,-0.1448838105613269,-0.2172505640230674,3.516102504095128,0
-1.43366863186619,-0.8395481145353559,-1.1979586554579795,-0.1448838105613269,-0.2172505640230674,-0.8412913198535819,0
-0.5582856429935692,-1.2255650427593352,-0.419762441558433,-0.1448838105613269,-0.2172505640230674,-0.0343665376408577,0
1.4113260819698277,-0.2510924337394634,-0.419762441558433,-0.1448838105613269,-0.2172505640230674,-1.0026762762961263,0
1.1924803347516724,-0.2252348857635083,-0.419762441558433,-0.1448838105613269,-0.2172505640230674,-0.0343665376408577,0
0.0253030162548446,0.0202366590276343,-0.419762441558433,-0.1448838105613269,-0.2172505640230674,0.6111732881293215,0
-1.43366863186619,3.958915933144622,-0.419762441558433,-0.1448838105613269,-0.2172505640230674,1.5794830267845903,0
-1.360720049460138,-0.1067976585093077,-0.0306643346086596,-0.1448838105613269,-0.2172505640230674,-0.8412913198535819,0
-1.141874302241983,-1.1800326560085597,-0.419762441558433,-0.1448838105613269,-0.2172505640230674,-0.0343665376408577,0
0.6088916755032585,-0.6038571801649973,-0.419762441558433,-0.1448838105613269,-0.2172505640230674,-0.0343665376408577,0
-0.7771313902117244,-0.5186626665481378,-0.419762441558433,-0.1448838105613269,-0.2172505640230674,-0.0343665376408577,0
-0.2664913133693622,-0.1015144246130855,1.5257280931904338,-0.1448838105613269,-0.2172505640230674,-0.6799063634110369,0
1.3383774995637758,-1.459125640881217,-0.419762441558433,-0.1448838105613269,-0.2172505640230674,1.5794830267845903,0
-0.047645566151207,0.457059739737507,1.9148262001402072,-0.1448838105613269,-0.2172505640230674,0.7725582445718663,0
0.2441487634729998,0.0366165777381441,-2.3652529763073,-0.1448838105613269,-0.2172505640230674,-0.4378289287472198,0
-1.0689257198359312,-1.5156505626741323,1.1366299862406606,-0.1448838105613269,-0.2172505640230674,-0.0343665376408577,0
0.0253030162548446,-0.8208295600320739,1.5257280931904338,-0.1448838105613269,-0.2172505640230674,0.7725582445718663,0
1.046583169939569,-1.286322232565891,-0.0306643346086596,-0.1448838105613269,-0.2172505640230674,1.095328157456956,0
-0.4123884781814657,2.9829946954757864,-1.1979586554579795,0.319714426305842,-0.2172505640230674,-0.0343665376408577,0
0.5359430930972068,-0.910010169473861,-0.0306643346086596,-0.1448838105613269,-0.2172505640230674,-0.0343665376408577,0
1.046583169939569,0.3928940119333886,-0.419762441558433,-0.1448838105613269,-0.2172505640230674,-0.0343665376408577,0
-1.5795657966782934,-0.5400039016773223,-1.1979586554579795,-0.1448838105613269,-0.2172505640230674,-1.970986014951396,0
-1.2877714670540863,0.3555326482156593,-0.419762441558433,-0.1448838105613269,-0.2172505640230674,-0.5992138851897646,0
-1.5066172142722416,0.3584583099969007,-0.0306643346086596,-0.1448838105613269,-0.2172505640230674,-2.45514088427903,0
-1.43366863186619,1.9932878152390296,-0.419762441558433,-0.1448838105613269,-0.2172505640230674,-1.6482161020663058,0
-0.1935427309633105,-0.0432757656602845,-0.419762441558433,-0.1448838105613269,-0.2172505640230674,2.386407808997314,0
-0.4853370605875174,0.3654268765696956,-0.419762441558433,-0.1448838105613269,-0.2172505640230674,-0.8412913198535819,0
0.8277374227214137,-0.806390614347954,-0.419762441558433,-0.1448838105613269,-0.2172505640230674,-0.0343665376408577,0
-1.43366863186619,0.0930278815978073,-0.0306643346086596,-0.1448838105613269,-0.2172505640230674,1.5794830267845903,0
-1.2877714670540863,0.9201474993508214,-0.419762441558433,-0.1448838105613269,-0.2172505640230674,-0.4378289287472198,0
0.1712001810669481,-1.2283202776406985,-0.419762441558433,-0.1448838105613269,-0.2172505640230674,0.2077108970229594,0
-0.4853370605875174,0.3561196742041285,-0.0306643346086596,-0.1448838105613269,-0.2172505640230674,0.7725582445718663,0
-0.1935427309633105,-0.5561944571657452,1.1366299862406606,0.3478800238064498,-0.2172505640230674,-0.0343665376408577,0
-0.7771313902117244,-0.1281294254773878,-0.419762441558433,-0.1448838105613269,-0.2172505640230674,-0.6799063634110369,0
0.0982515986608963,1.9041545466027645,-0.419762441558433,-0.1448838105613269,-0.2172505640230674,0.6111732881293215,0
-1.5795657966782934,0.2101963752640262,-1.9761548693575264,-0.1448838105613269,-0.2172505640230674,-2.7779107971641195,0
0.6818402579093102,0.0955653487737707,-0.419762441558433,-0.1448838105613269,-0.2172505640230674,-2.616525840721575,0
0.754788840315362,-0.1523016407767702,1.1366299862406606,-0.1448838105613269,-0.2172505640230674,0.7725582445718663,0
1.8490175764061376,0.479915880643386,-0.419762441558433,-0.1448838105613269,-0.2172505640230674,-0.0343665376408577,0
0.9736345875335172,-0.9527683850210646,1.5257280931904338,13.267171353549536,-0.2172505640230674,-0.0343665376408577,1
-1.43366863186619,0.9659639309347272,-0.0306643346086596,-0.1448838105613269,-0.2172505640230674,-1.0026762762961263,0
-0.2664913133693622,-1.433713096477166,-0.0306643346086596,-0.1448838105613269,-0.2172505640230674,1.5794830267845903,0
-0.4123884781814657,-0.2048878075502797,-0.419762441558433,-0.1448838105613269,-0.2172505640230674,-0.6799063634110369,0
-0.4853370605875174,-0.785172465313126,-0.419762441558433,-0.1448838105613269,-0.2172505640230674,-0.0343665376408577,0
0.6088916755032585,-0.0919799863810142,-0.0306643346086596,-0.1448838105613269,-0.2172505640230674,-1.2447537109599438,0
0.1712001810669481,-1.51403150712529,-0.419762441558433,-0.1448838105613269,-0.2172505640230674,0.9339432010144112,0
-0.9959771374298796,-0.1059644603321257,1.1366299862406606,-0.1448838105613269,-0.2172505640230674,-0.0343665376408577,0
-0.1205941485572587,-0.7991474711031332,-0.0306643346086596,-0.1448838105613269,-0.2172505640230674,-0.0343665376408577,0
0.2441487634729998,-0.8857906133689569,1.1366299862406606,-0.1448838105613269,-0.2172505640230674,-0.0343665376408577,0
-0.850079972617776,0.0309262129144352,1.1366299862406606,-0.1448838105613269,-0.2172505640230674,-0.8412913198535819,0
0.754788840315362,-0.121719480409749,-0.0306643346086596,-0.1448838105613269,-0.2172505640230674,0.7725582445718663,0
-1.5795657966782934,-0.2084099634810945,-0.8088605485082063,-0.1448838105613269,-0.2172505640230674,-2.7779107971641195,0
0.9736345875335172,-0.8468670030690114,1.1366299862406606,-0.1448838105613269,-0.2172505640230674,-0.0343665376408577,0
-0.9230285550238276,1.833380042347816,-0.8088605485082063,-0.1448838105613269,-0.2172505640230674,-0.0343665376408577,0
-0.1935427309633105,-0.6917595878576985,-0.419762441558433,-0.1448838105613269,-0.2172505640230674,-0.0343665376408577,0
-0.2664913133693622,-0.0546470271465979,0.3584337723411137,0.8339377635312247,-0.2172505640230674,0.7725582445718663,0
0.462994510691155,-0.1005676085026514,-0.8088605485082063,-0.1448838105613269,-0.2172505640230674,-0.4378289287472198,0
-0.9959771374298796,-0.9365683613715372,1.1366299862406606,-0.1448838105613269,-0.2172505640230674,0.7725582445718663,0
0.6088916755032585,0.1084799205200917,-0.0306643346086596,-0.1448838105613269,-0.2172505640230674,0.7725582445718663,0
0.8277374227214137,-0.2460932446763714,-0.0306643346086596,-0.1448838105613269,-0.2172505640230674,-0.0343665376408577,0
-1.214822884648035,-0.408358589682566,-1.1979586554579795,-0.1448838105613269,-0.2172505640230674,0.7725582445718663,0
-0.6312342253996209,-1.4583397835095566,0.3584337723411137,-0.1448838105613269,-0.2172505640230674,-0.0343665376408577,0
1.265428917157724,0.2095714766311397,1.1366299862406606,1.8701635077678724,-0.2172505640230674,0.7725582445718663,0
-1.2877714670540863,-0.6941266281337837,-0.419762441558433,-0.1448838105613269,-0.2172505640230674,-0.0343665376408577,0
-1.360720049460138,-0.17529033593811,-0.0306643346086596,-0.1448838105613269,-0.2172505640230674,-0.4378289287472198,0
-0.5582856429935692,-0.3726730904803051,1.1366299862406606,-0.1448838105613269,-0.2172505640230674,2.386407808997314,0
1.6301718291879828,0.6005781257571067,1.1366299862406606,-0.1448838105613269,-0.2172505640230674,-1.3254461891812162,0
-0.339439895775414,1.800165733193788,1.5257280931904338,-0.1448838105613269,-0.2172505640230674,-0.0343665376408577,0
-0.9959771374298796,1.9029804946258264,-0.0306643346086596,-0.1448838105613269,-0.2172505640230674,-0.0343665376408577,0
-1.214822884648035,2.108051395984746,-0.419762441558433,-0.1448838105613269,-0.2172505640230674,-0.0343665376408577,0
0.9006860051274654,-0.5694593508729269,-0.419762441558433,-0.1448838105613269,-0.2172505640230674,-0.0343665376408577,0
-0.5582856429935692,0.6029735705165049,-1.5870567624077532,-0.1448838105613269,-0.2172505640230674,-0.0343665376408577,0
-0.7771313902117244,-1.26607930412481,1.1366299862406606,-0.1448838105613269,-0.2172505640230674,-0.0343665376408577,0
-1.360720049460138,0.0074546415367741,-0.419762441558433,-0.1448838105613269,-0.2172505640230674,-0.8412913198535819,0
1.4842746643758793,-0.123300663314174,-0.419762441558433,-0.1448838105613269,-0.2172505640230674,-0.0343665376408577,0
-0.7041828078056727,1.2339696991542013,-1.9761548693575264,-0.1448838105613269,-0.2172505640230674,-0.0343665376408577,0
-0.1205941485572587,-0.1173357218184392,-0.0306643346086596,-0.1448838105613269,-0.2172505640230674,-0.0343665376408577,0
-0.7041828078056727,-0.6690738738516976,-0.419762441558433,-0.1448838105613269,5.186895569743186,-0.0343665376408577,0
-1.43366863186619,0.0680508726045559,-0.0306643346086596,-0.1448838105613269,-0.2172505640230674,-1.6482161020663058,0
0.2441487634729998,-0.0526871177979994,0.3584337723411137,-0.1448838105613269,-0.2172505640230674,0.3690958534655043,0
-0.5582856429935692,-0.8275140817717386,-2.3652529763073,-0.1448838105613269,-0.2172505640230674,-0.0343665376408577,0
2.286709070842448,-0.956584053946114,1.5257280931904338,0.914142655461527,-0.2172505640230674,0.7725582445718663,0
-0.7771313902117244,-0.7313649057571565,1.1366299862406606,-0.1448838105613269,-0.2172505640230674,-0.0343665376408577,0
0.2441487634729998,0.3540650832444865,1.5257280931904338,-0.1448838105613269,-0.2172505640230674,-1.486831145623761,0
0.0253030162548446,0.2537783208273074,1.1366299862406606,-0.1448838105613269,-0.2172505640230674,1.5794830267845903,0
-1.0689257198359312,1.7577010306408192,-0.0306643346086596,-0.1448838105613269,-0.2172505640230674,-0.0343665376408577,0
0.3900459282851033,1.2366113161023122,1.1366299862406606,-0.1448838105613269,-0.2172505640230674,-0.0343665376408577,0
-1.0689257198359312,0.1137158136107922,-0.419762441558433,-0.1448838105613269,-0.2172505640230674,1.5794830267845903,0
-1.360720049460138,-0.0267064837276879,-0.419762441558433,-0.1448838105613269,-0.2172505640230674,-0.0343665376408577,0
-1.5066172142722416,-0.4548851333492973,-0.0306643346086596,0.146965428302114,-0.2172505640230674,-1.6482161020663058,0
-0.7041828078056727,-0.2619618826872468,-0.419762441558433,-0.1448838105613269,-0.2172505640230674,-0.4378289287472198,0
-0.2664913133693622,-0.6567936688993674,-0.0306643346086596,-0.1448838105613269,-0.2172505640230674,0.3690958534655043,0
0.6818402579093102,-1.4850305296626938,-0.419762441558433,-0.1448838105613269,-0.2172505640230674,-0.0343665376408577,0
-0.7041828078056727,0.1065957564603278,-0.419762441558433,-0.1448838105613269,-0.2172505640230674,-0.0343665376408577,0
-0.6312342253996209,-0.6733629508319641,1.1366299862406606,-0.1448838105613269,-0.2172505640230674,-1.970986014951396,0
1.6301718291879828,-1.265520682619654,-0.0306643346086596,-0.1448838105613269,-0.2172505640230674,-0.0343665376408577,0
0.5359430930972068,-0.1229503413533133,0.7475318792908872,-0.1448838105613269,-0.2172505640230674,-0.0343665376408577,0
0.0982515986608963,-0.3633469517925293,-0.419762441558433,-0.1448838105613269,-0.2172505640230674,0.6111732881293215,0
-0.2664913133693622,0.1636224907917732,-0.0306643346086596,-0.1448838105613269,-0.2172505640230674,-0.0343665376408577,0
-0.7041828078056727,-1.4934571930455571,-0.419762441558433,-0.1448838105613269,-0.2172505640230674,-0.0343665376408577,0
-0.4123884781814657,0.3991429982622536,-1.1979586554579795,-0.1448838105613269,-0.2172505640230674,-0.0343665376408577,0
-1.141874302241983,0.2198349632682452,-0.0306643346086596,-0.1448838105613269,-0.2172505640230674,-0.0343665376408577,0
-0.5582856429935692,-1.509032318062198,-0.419762441558433,-0.1448838105613269,-0.2172505640230674,-0.0343665376408577,0
-0.6312342253996209,-0.1255446174959028,0.3584337723411137,0.8339377635312247,-0.2172505640230674,-1.970986014951396,0
-1.5066172142722416,-1.0748981951059582,-1.1979586554579795,-0.1448838105613269,-0.2172505640230674,-2.616525840721575,0
2.1408119060303448,-0.7667947646096003,-0.0306643346086596,-0.1448838105613269,-0.2172505640230674,-2.293755927836485,0
-0.6312342253996209,1.1477242196547597,0.3584337723411137,-0.1448838105613269,-0.2172505640230674,0.7725582445718663,0
-0.4853370605875174,0.4206357239691075,-1.1979586554579795,-0.1448838105613269,-0.2172505640230674,-0.0343665376408577,0
-0.7771313902117244,1.408288013246222,1.1366299862406606,-0.1448838105613269,-0.2172505640230674,-0.0343665376408577,0
0.2441487634729998,-0.7801164672834079,-0.0306643346086596,-0.1448838105613269,5.844123071096126,-0.0343665376408577,0
0.462994510691155,0.0860593150250124,2.3039243070899804,-0.1448838105613269,-0.2172505640230674,1.5794830267845903,0
-1.0689257198359312,2.459471663533464,-0.8088605485082063,-0.1448838105613269,-0.2172505640230674,-0.0343665376408577,0
-1.141874302241983,1.6104332528239005,-0.419762441558433,-0.1448838105613269,-0.2172505640230674,-0.0343665376408577,0
-0.6312342253996209,-0.8731222138113488,-0.419762441558433,-0.1448838105613269,-0.2172505640230674,1.095328157456956,0
-0.850079972617776,-0.3357377940122712,0.7475318792908872,-0.1448838105613269,-0.2172505640230674,-0.0343665376408577,0
0.0253030162548446,0.2193804915352369,1.1366299862406606,-0.1448838105613269,-0.2172505640230674,-0.0343665376408577,0
-1.214822884648035,-0.8533337571032763,-0.0306643346086596,-0.1448838105613269,-0.2172505640230674,-1.6482161020663058,0
-0.1205941485572587,-0.7798702950946951,-0.0306643346086596,1.8701635077678724,-0.2172505640230674,0.3690958534655043,0
-0.9230285550238276,0.975432092039068,-0.8088605485082063,-0.1448838105613269,-0.2172505640230674,-0.0343665376408577,0
-1.360720049460138,-0.545523839601153,-0.0306643346086596,-0.1448838105613269,-0.2172505640230674,-3.1006807100492093,0
-0.850079972617776,-1.0171424123694786,1.1366299862406606,-0.1448838105613269,-0.2172505640230674,0.3690958534655043,0
-1.214822884648035,1.17544699536827,-0.419762441558433,-0.1448838105613269,-0.2172505640230674,0.7725582445718663,0
-0.9230285550238276,0.3458372512448142,-0.419762441558433,-0.1448838105613269,-0.2172505640230674,-0.0343665376408577,0
0.8277374227214137,3.833197690001184,-1.9761548693575264,-0.1448838105613269,-0.2172505640230674,-0.0343665376408577,0
0.9736345875335172,0.4224346745789323,-0.419762441558433,1.8701635077678724,-0.2172505640230674,-0.0343665376408577,0
-0.1205941485572587,-0.8901554356380581,-1.5870567624077532,-0.1448838105613269,-0.2172505640230674,-0.4378289287472198,0
1.6301718291879828,0.0553824730469478,1.5257280931904338,-0.1448838105613269,-0.2172505640230674,-1.2447537109599438,0
-1.2877714670540863,4.397689455041989,-0.419762441558433,-0.1448838105613269,-0.2172505640230674,-0.6799063634110369,0
-1.43366863186619,-1.516417483723584,-0.0306643346086596,-0.1448838105613269,-0.2172505640230674,-1.6482161020663058,0
1.7760689940000862,0.6176776247115464,0.3584337723411137,-0.1448838105613269,-0.2172505640230674,-1.6482161020663058,0
0.8277374227214137,0.1394881481368082,-0.419762441558433,-0.1448838105613269,-0.2172505640230674,3.516102504095128,0
0.3170973458790516,1.1181646206870075,-0.419762441558433,-0.1448838105613269,-0.2172505640230674,-0.0343665376408577,0
-1.360720049460138,-0.3748034267287818,-0.419762441558433,-0.1448838105613269,-0.2172505640230674,-1.2447537109599438,0
-0.7041828078056727,-1.47581800890817,-0.0306643346086596,-0.1448838105613269,-0.2172505640230674,-1.6482161020663058,0
-1.141874302241983,-0.7416378605553664,-0.419762441558433,-0.1448838105613269,3.68395267985684,-0.0343665376408577,0
0.9736345875335172,0.0217610329654332,-0.419762441558433,-0.1448838105613269,-0.2172505640230674,-0.0343665376408577,0
0.2441487634729998,-0.8292656915760417,-0.419762441558433,-0.1448838105613269,-0.2172505640230674,-2.051678493172668,0
-0.6312342253996209,-0.2354510315950922,1.1366299862406606,1.0104421745350338,-0.2172505640230674,-0.0343665376408577,0
-0.5582856429935692,-0.8145237647365828,-0.419762441558433,-0.1448838105613269,-0.2172505640230674,0.3690958534655043,0
-0.1205941485572587,-1.5856202732352116,1.1366299862406606,0.8339377635312247,-0.2172505640230674,-0.0343665376408577,0
0.9736345875335172,0.7277165930661965,-0.0306643346086596,-0.1448838105613269,-0.2172505640230674,0.3690958534655043,0
-0.7041828078056727,0.9934215981373158,1.5257280931904338,-0.1448838105613269,-0.2172505640230674,0.3690958534655043,0
0.2441487634729998,-0.4029617378530917,1.1366299862406606,-0.1448838105613269,-0.2172505640230674,-0.0343665376408577,0
0.3170973458790516,-0.4014563002375015,-1.5870567624077532,-0.1448838105613269,-0.2172505640230674,1.5794830267845903,0
0.3170973458790516,-1.267840382090217,-0.0306643346086596,-0.1448838105613269,-0.2172505640230674,-0.0343665376408577,0
0.3170973458790516,-0.7829001066480842,1.1366299862406606,-0.1448838105613269,-0.2172505640230674,-0.0343665376408577,0
0.3170973458790516,0.8756660784826278,0.7475318792908872,0.4787829912378462,-0.2172505640230674,-0.0343665376408577,0
-0.339439895775414,-0.8705658103131767,1.9148262001402072,-0.1448838105613269,-0.2172505640230674,-0.0343665376408577,0
0.2441487634729998,-0.6811552474208367,-0.419762441558433,-0.1448838105613269,-0.2172505640230674,0.7725582445718663,0
-1.0689257198359312,-1.3037341808367735,1.1366299862406606,-0.1448838105613269,-0.2172505640230674,-1.6482161020663058,0
1.6301718291879828,-1.105726527661692,-0.419762441558433,-0.1448838105613269,-0.2172505640230674,-0.1957514940834025,0
0.6818402579093102,-0.3830785995339758,-0.419762441558433,-0.1448838105613269,-0.2172505640230674,0.3690958534655043,0
-0.9959771374298796,0.751254441571588,-0.419762441558433,-0.1448838105613269,-0.2172505640230674,-0.0343665376408577,0
-0.7041828078056727,0.333168851687206,-0.0306643346086596,-0.1448838105613269,-0.2172505640230674,0.3690958534655043,0
2.432606235654552,2.905478860514547,-0.419762441558433,0.7081314280285098,-0.2172505640230674,-0.0343665376408577,0
-1.2877714670540863,1.8715272634372055,-0.0306643346086596,-0.1448838105613269,4.046047831545629,-2.5358333625003024,0
0.0253030162548446,-0.3316570165763002,-0.419762441558433,-0.1448838105613269,-0.2172505640230674,1.5794830267845903,0
0.2441487634729998,0.3062129970231474,-0.0306643346086596,-0.1448838105613269,-0.2172505640230674,0.2077108970229594,0
-0.9230285550238276,0.4094443575437765,-0.0306643346086596,-0.1448838105613269,-0.2172505640230674,-0.0343665376408577,0
-1.2877714670540863,-1.1538437223939528,-1.9761548693575264,-0.1448838105613269,-0.2172505640230674,-1.6482161020663058,0
-1.0689257198359312,-0.0558400154457449,-0.419762441558433,-0.1448838105613269,-0.2172505640230674,-0.0343665376408577,0
0.2441487634729998,-0.0912509379759799,1.5257280931904338,-0.1448838105613269,-0.2172505640230674,-0.0343665376408577,0
-0.9959771374298796,-0.5397671976497137,0.3584337723411137,-0.1448838105613269,-0.2172505640230674,1.5794830267845903,0
-0.1935427309633105,-0.7798702950946951,-0.419762441558433,-0.1448838105613269,-0.2172505640230674,0.7725582445718663,0
-0.047645566151207,-0.2104740226018408,-0.419762441558433,-0.1448838105613269,-0.2172505640230674,-0.0343665376408577,0
0.2441487634729998,0.0885115687510367,-0.419762441558433,-0.1448838105613269,-0.2172505640230674,1.1760206356782283,0
0.0253030162548446,0.0960671613123007,-0.419762441558433,-0.1448838105613269,-0.2172505640230674,0.7725582445718663,0
0.2441487634729998,0.3618763161555677,1.1366299862406606,-0.1448838105613269,3.4657035473320894,-0.0343665376408577,0
-0.4853370605875174,0.9973792894789304,-0.0306643346086596,-0.1448838105613269,-0.2172505640230674,-0.0343665376408577,0
0.1712001810669481,-0.1643924825070135,-1.9761548693575264,-0.1448838105613269,-0.2172505640230674,-0.0343665376408577,0
-0.2664913133693622,3.4770149374169823,-0.419762441558433,-0.1448838105613269,-0.2172505640230674,-0.0343665376408577,0
0.5359430930972068,0.0254725521183348,1.1366299862406606,-0.1448838105613269,-0.2172505640230674,-0.4378289287472198,0
-0.1935427309633105,-0.6219318997131842,1.1366299862406606,-0.1448838105613269,-0.2172505640230674,1.1760206356782283,0
-0.4123884781814657,-0.3072765017326224,1.5257280931904338,-0.1448838105613269,-0.2172505640230674,-0.0343665376408577,0
-0.4853370605875174,-0.8198638075994311,1.1366299862406606,-0.1448838105613269,-0.2172505640230674,-0.0343665376408577,0
-0.1205941485572587,-1.1573564101636633,-0.419762441558433,-0.1448838105613269,-0.2172505640230674,-0.0343665376408577,0
-0.9230285550238276,-0.1201382975053241,1.1366299862406606,-0.1448838105613269,-0.2172505640230674,0.7725582445718663,0
-0.7041828078056727,0.2123929886402333,-0.419762441558433,-0.1448838105613269,-0.2172505640230674,-0.8412913198535819,0
1.6301718291879828,-0.1181689199956212,1.1366299862406606,-0.1448838105613269,-0.2172505640230674,0.127018418801687,0
-0.850079972617776,0.3058910795455999,-3.1434491902068467,-0.1448838105613269,-0.2172505640230674,-0.0343665376408577,0
1.4842746643758793,-0.2903095570336435,-0.0306643346086596,-0.1448838105613269,-0.2172505640230674,1.256713113899501,0
0.0253030162548446,0.9811035205405684,-0.419762441558433,-0.1448838105613269,-0.2172505640230674,0.7725582445718663,0
-0.047645566151207,-1.2150175112890995,-1.9761548693575264,-0.1448838105613269,-0.2172505640230674,-0.0343665376408577,0
-0.9959771374298796,-0.0755432587038784,-0.419762441558433,-0.1448838105613269,-0.2172505640230674,1.5794830267845903,0
0.9736345875335172,-1.2113059921361975,-1.1979586554579795,-0.1448838105613269,-0.2172505640230674,-0.0343665376408577,0
-1.2877714670540863,0.4582432598755496,-0.419762441558433,-0.1448838105613269,-0.2172505640230674,-0.0343665376408577,0
0.3900459282851033,1.1958414143870204,1.5257280931904338,-0.1448838105613269,-0.2172505640230674,1.1760206356782283,0
-0.9230285550238276,1.1035647162641138,1.1366299862406606,-0.1448838105613269,-0.2172505640230674,-0.0343665376408577,0
-0.7041828078056727,0.0117531866781448,1.5257280931904338,-0.1448838105613269,-0.2172505640230674,-0.0343665376408577,0
0.1712001810669481,1.1755700814626264,-0.419762441558433,-0.1448838105613269,-0.2172505640230674,-0.0343665376408577,0
-1.360720049460138,-1.4317247826452544,-0.419762441558433,-0.1448838105613269,-0.2172505640230674,-0.0343665376408577,0
2.870297730090862,0.2176762225364555,-1.1979586554579795,-0.1448838105613269,-0.2172505640230674,-2.45514088427903,0
-0.2664913133693622,-0.7228719652465627,0.3584337723411137,-0.1448838105613269,-0.2172505640230674,-0.0343665376408577,0
-0.9959771374298796,2.7166931962550938,1.1366299862406606,-0.1448838105613269,-0.2172505640230674,-0.0343665376408577,0
0.1712001810669481,1.344302180503086,1.9148262001402072,-0.1448838105613269,-0.2172505640230674,0.7725582445718663,0
0.6818402579093102,-0.2110326441069969,-0.419762441558433,-0.1448838105613269,-0.2172505640230674,-1.2447537109599438,0
-0.6312342253996209,-0.1300798666648821,-0.419762441558433,-0.1448838105613269,-0.2172505640230674,-0.0343665376408577,0
-0.1935427309633105,-0.480316614075557,1.1366299862406606,0.4433748115227963,-0.2172505640230674,0.7725582445718663,0
0.1712001810669481,-0.3462947936436113,-0.419762441558433,-0.1448838105613269,-0.2172505640230674,0.7725582445718663,0
-0.5582856429935692,0.1308342488874406,0.7475318792908872,-0.1448838105613269,-0.2172505640230674,-0.0343665376408577,0
-1.214822884648035,1.8545319142549137,-1.5870567624077532,-0.1448838105613269,-0.2172505640230674,-0.0343665376408577,0
-1.0689257198359312,0.1311182937205708,1.1366299862406606,-0.1448838105613269,-0.2172505640230674,-0.0343665376408577,0
0.1712001810669481,0.519350771642966,-0.419762441558433,-0.1448838105613269,-0.2172505640230674,1.1760206356782283,0
-0.1935427309633105,0.2772120195605512,-1.9761548693575264,-0.1448838105613269,-0.2172505640230674,-0.0343665376408577,0
-1.0689257198359312,0.3011854034767424,-0.0306643346086596,-0.1448838105613269,-0.2172505640230674,-0.0343665376408577,0
-1.141874302241983,0.128486144933564,-0.0306643346086596,-0.1448838105613269,-0.2172505640230674,-0.0343665376408577,0
-0.7771313902117244,0.1413628440354677,-0.419762441558433,-0.1448838105613269,-0.2172505640230674,-0.0343665376408577,0
0.6818402579093102,0.2125634155401114,-0.419762441558433,-0.1448838105613269,-0.2172505640230674,-0.0343665376408577,0
-0.5582856429935692,-0.5875908793877397,1.1366299862406606,-0.1448838105613269,-0.2172505640230674,0.7725582445718663,0
-1.360720049460138,-0.6518796932862145,-0.0306643346086596,-0.1448838105613269,-0.2172505640230674,-0.8412913198535819,0
1.557223246781931,0.8804474998403199,-2.3652529763073,-0.1448838105613269,-0.2172505640230674,-0.0343665376408577,0
-1.0689257198359312,-0.3988146832893904,1.5257280931904338,-0.1448838105613269,-0.2172505640230674,-1.6482161020663058,0
-0.1205941485572587,-0.642866003914882,-0.419762441558433,-0.1448838105613269,-0.2172505640230674,-0.0343665376408577,0
0.1712001810669481,0.0807287403232684,1.9148262001402072,1.8701635077678724,-0.2172505640230674,0.7725582445718663,0
0.6088916755032585,-1.548277845839691,0.3584337723411137,-0.1448838105613269,-0.2172505640230674,-0.0343665376408577,0
0.0982515986608963,1.9132723857462448,-0.419762441558433,-0.1448838105613269,-0.2172505640230674,-0.0343665376408577,0
-0.5582856429935692,0.8968747593563514,1.1366299862406606,-0.1448838105613269,-0.2172505640230674,-0.0343665376408577,0
2.651451982872707,-0.2244111557474306,0.3584337723411137,-0.1448838105613269,-0.2172505640230674,-0.8412913198535819,0
-1.214822884648035,0.7726430175062942,-1.1979586554579795,-0.1448838105613269,-0.2172505640230674,-0.0343665376408577,0
-0.6312342253996209,-0.2386796745316724,-1.1979586554579795,-0.1448838105613269,1.402257203461725,-0.0343665376408577,0
-0.047645566151207,2.9173140618949733,-0.419762441558433,-0.1448838105613269,-0.2172505640230674,0.7725582445718663,0
1.046583169939569,-0.4268593764804482,-0.0306643346086596,-0.1448838105613269,-0.2172505640230674,-0.0343665376408577,0
-1.141874302241983,-0.8238972442298803,-0.419762441558433,-0.1448838105613269,-0.2172505640230674,-0.4378289287472198,0
-1.2877714670540863,1.223242272622983,-0.0306643346086596,-0.1448838105613269,-0.2172505640230674,-0.8412913198535819,0
-0.7771313902117244,-1.4696258315459312,0.3584337723411137,-0.1448838105613269,-0.2172505640230674,0.7725582445718663,0
1.1924803347516724,0.2725536842972155,1.5257280931904338,-0.1448838105613269,-0.2172505640230674,0.7725582445718663,0
-0.1205941485572587,0.0197348464891042,1.1366299862406606,-0.1448838105613269,-0.2172505640230674,0.7725582445718663,0
0.6088916755032585,1.475360466509373,1.9148262001402072,13.267171353549536,-0.2172505640230674,1.1760206356782283,1
-1.2877714670540863,-0.6900553188589171,-0.419762441558433,-0.1448838105613269,-0.2172505640230674,-0.0343665376408577,0
1.046583169939569,-0.2565271582133551,-2.3652529763073,-0.1448838105613269,-0.2172505640230674,4.726489677414214,0
0.8277374227214137,-0.4769459487224117,-1.1979586554579795,-0.1448838105613269,-0.2172505640230674,-0.0343665376408577,0
-1.2877714670540863,0.2981271874400403,-0.419762441558433,-0.1448838105613269,-0.2172505640230674,-0.8412913198535819,0
-0.6312342253996209,-0.7730437509384652,1.1366299862406606,-0.1448838105613269,-0.2172505640230674,1.5794830267845903,0
-0.4853370605875174,-1.5182921796222435,-1.5870567624077532,-0.1448838105613269,-0.2172505640230674,3.1933325912100385,0
-1.43366863186619,-1.4263184626546757,-0.419762441558433,-0.1448838105613269,-0.2172505640230674,-0.8412913198535819,0
-0.9230285550238276,1.8953964975812487,1.1366299862406606,-0.1448838105613269,-0.2172505640230674,1.5794830267845903,0
0.2441487634729998,0.1005929423201757,1.1366299862406606,-0.1448838105613269,-0.2172505640230674,-0.0343665376408577,0
1.046583169939569,-0.3483020437977316,-0.419762441558433,-0.1448838105613269,-0.2172505640230674,-0.0343665376408577,0
0.1712001810669481,-0.8747886101657127,0.3584337723411137,-0.1448838105613269,-0.2172505640230674,-2.45514088427903,0
0.5359430930972068,1.2465528852618704,-0.0306643346086596,0.8339377635312247,-0.2172505640230674,0.3690958534655043,0
-0.4123884781814657,-0.5187005391925551,-0.419762441558433,-0.1448838105613269,-0.2172505640230674,-1.6482161020663058,0
-0.9230285550238276,0.0557896039744345,-0.419762441558433,-0.1448838105613269,-0.2172505640230674,-0.0343665376408577,0
-0.339439895775414,-0.8705658103131767,1.1366299862406606,-0.1448838105613269,-0.2172505640230674,-0.0343665376408577,0
0.754788840315362,1.0269199521244738,-2.3652529763073,-0.1448838105613269,-0.2172505640230674,-0.0343665376408577,0
-0.5582856429935692,0.2678764127116711,-0.8088605485082063,-0.1448838105613269,-0.2172505640230674,-0.0343665376408577,0
-0.6312342253996209,1.4320341612959089,1.5257280931904338,1.8701635077678724,-0.2172505640230674,1.5794830267845903,0
-0.9959771374298796,-0.6207199750918285,-0.0306643346086596,-0.1448838105613269,-0.2172505640230674,-0.0343665376408577,0
-1.5795657966782934,-0.3647955804414935,-1.1979586554579795,-0.1448838105613269,-0.2172505640230674,-2.051678493172668,0
-1.360720049460138,-0.2064216496491829,-0.419762441558433,-0.1448838105613269,-0.2172505640230674,-0.4378289287472198,0
0.1712001810669481,-0.4418474755086199,1.5257280931904338,-0.1448838105613269,4.462705266365607,0.3690958534655043,0
-0.339439895775414,0.5375012364799875,-0.419762441558433,-0.1448838105613269,-0.2172505640230674,0.3690958534655043,0
-1.5066172142722416,-0.9801408387737142,-0.419762441558433,-0.1448838105613269,-0.2172505640230674,-2.051678493172668,0
-1.141874302241983,-0.0389677523578094,1.1366299862406606,-0.1448838105613269,-0.2172505640230674,-0.0343665376408577,0
-1.214822884648035,0.5178737385106887,1.1366299862406606,-0.1448838105613269,-0.2172505640230674,-0.0343665376408577,0
-0.047645566151207,0.6541679176076762,-0.419762441558433,-0.1448838105613269,-0.2172505640230674,0.7725582445718663,0
-0.5582856429935692,-0.9769027276760296,0.3584337723411137,-0.1448838105613269,-0.2172505640230674,-0.8412913198535819,0
-0.4123884781814657,-0.3263832508411823,-1.9761548693575264,-0.1448838105613269,-0.2172505640230674,-0.4378289287472198,0
0.0982515986608963,0.0751709297550203,-0.0306643346086596,-0.1448838105613269,3.10608849942199,-0.0343665376408577,0
1.1195317523456203,-0.2309441869094259,-0.0306643346086596,-0.1448838105613269,-0.2172505640230674,-0.0343665376408577,0
1.1195317523456203,-0.8222308478755164,-0.419762441558433,-0.1448838105613269,-0.2172505640230674,0.6918657663505939,0
-0.1205941485572587,-0.5961311607038552,-0.419762441558433,-0.1448838105613269,-0.2172505640230674,1.5794830267845903,0
2.432606235654552,0.9492810310688784,1.1366299862406606,-0.01196901473703,-0.2172505640230674,-2.697218318942847,0
0.9006860051274654,-0.7100710114334938,-0.0306643346086596,-0.1448838105613269,-0.2172505640230674,1.1760206356782283,0
-0.4853370605875174,-0.6838442051744694,1.1366299862406606,-0.1448838105613269,-0.2172505640230674,0.7725582445718663,0
-1.214822884648035,-0.8506258630274348,-0.0306643346086596,-0.1448838105613269,-0.2172505640230674,-0.8412913198535819,0
0.3170973458790516,-1.105717059500588,1.1366299862406606,-0.1448838105613269,-0.2172505640230674,-0.0343665376408577,0
-0.5582856429935692,-1.1951911819366094,-0.419762441558433,-0.1448838105613269,-0.2172505640230674,-0.0343665376408577,0
0.0253030162548446,0.025254784412935,1.1366299862406606,-0.1448838105613269,-0.2172505640230674,0.7725582445718663,0
-0.1205941485572587,-0.0546470271465979,-0.0306643346086596,-0.1448838105613269,-0.2172505640230674,-0.0343665376408577,0
-1.214822884648035,-1.4709703104227474,-0.0306643346086596,-0.1448838105613269,-0.2172505640230674,-1.2447537109599438,0
-0.2664913133693622,-1.4425279544653071,-0.0306643346086596,0.5274692383460396,-0.2172505640230674,-0.0343665376408577,0
-0.1935427309633105,-1.1545633026378823,-0.419762441558433,0.5274692383460396,-0.2172505640230674,-0.0343665376408577,0
2.067863323624293,-0.0591728081544729,-0.419762441558433,-0.1448838105613269,-0.2172505640230674,-1.5675236238450334,0
-0.2664913133693622,-1.540192036256584,1.1366299862406606,-0.1448838105613269,-0.2172505640230674,0.127018418801687,0
-1.2877714670540863,-0.6823103630755663,-0.0306643346086596,-0.1448838105613269,-0.2172505640230674,-0.0343665376408577,0
-0.1935427309633105,-0.2157761928202717,-0.419762441558433,-0.1448838105613269,-0.2172505640230674,2.386407808997314,0
0.3900459282851033,-0.4250414895484147,-0.0306643346086596,-0.1448838105613269,-0.2172505640230674,0.3690958534655043,0
1.4842746643758793,-0.2991244150217849,-0.0306643346086596,-0.1448838105613269,-0.2172505640230674,-0.0343665376408577,0
0.6088916755032585,1.597395594983223,-0.0306643346086596,-0.1448838105613269,-0.2172505640230674,-0.0343665376408577,0
0.0982515986608963,0.1215554510051865,1.9148262001402072,0.8862453017466392,-0.2172505640230674,0.6111732881293215,0
-0.4123884781814657,-0.7099100526947201,1.1366299862406606,-0.1448838105613269,-0.2172505640230674,1.5794830267845903,0
0.754788840315362,2.4416904569795115,1.1366299862406606,0.8862453017466392,-0.2172505640230674,-0.0343665376408577,0
1.6301718291879828,-0.8510519302771301,1.5257280931904338,-0.1448838105613269,-0.2172505640230674,-0.0343665376408577,0
-0.4123884781814657,2.4925344821098223,-0.419762441558433,-0.1448838105613269,-0.2172505640230674,-0.0343665376408577,0
0.754788840315362,0.0925828780259033,0.3584337723411137,-0.1448838105613269,-0.2172505640230674,-0.0343665376408577,0
-0.9230285550238276,1.093187611693756,-1.1979586554579795,-0.1448838105613269,-0.2172505640230674,0.3690958534655043,0
2.724400565278758,-0.9964450121953892,-0.0306643346086596,0.1316755325160698,-0.2172505640230674,-0.276443972304675,0
0.2441487634729998,0.0470220867918148,-0.419762441558433,-0.1448838105613269,-0.2172505640230674,-0.0343665376408577,0
-0.4123884781814657,0.1816498695344383,1.9148262001402072,-0.1448838105613269,-0.2172505640230674,1.5794830267845903,0
-0.850079972617776,0.8512855636389499,1.5257280931904338,-0.1448838105613269,-0.2172505640230674,0.127018418801687,0
-0.9230285550238276,0.5241511293228668,1.1366299862406606,-0.1448838105613269,-0.2172505640230674,-0.0343665376408577,0
-0.4853370605875174,-0.2009774570141869,1.5257280931904338,-0.1448838105613269,-0.2172505640230674,-0.0343665376408577,0
-0.1935427309633105,0.7559317131571325,-0.419762441558433,-0.1448838105613269,-0.2172505640230674,-0.4378289287472198,0
-0.339439895775414,0.4423651537035699,-1.1979586554579795,-0.1448838105613269,-0.2172505640230674,-0.8412913198535819,0
-0.9230285550238276,0.4650508677095707,1.1366299862406606,-0.1448838105613269,-0.2172505640230674,-1.6482161020663058,0
0.462994510691155,0.2240577631207813,1.5257280931904338,-0.1448838105613269,-0.2172505640230674,0.3690958534655043,0
0.5359430930972068,-0.3100222684528813,-0.0306643346086596,-0.1448838105613269,-0.2172505640230674,1.5794830267845903,0
1.8490175764061376,0.9030953412019034,-0.0306643346086596,-0.1448838105613269,-0.2172505640230674,-2.45514088427903,0
1.9219661588121892,1.4626636624684517,1.5257280931904338,0.6002974261690398,-0.2172505640230674,0.7725582445718663,0
-0.1935427309633105,-0.931616513113967,-0.0306643346086596,-0.1448838105613269,-0.2172505640230674,-0.0343665376408577,0
-0.4853370605875174,0.4302269711678048,1.1366299862406606,-0.1448838105613269,-0.2172505640230674,-0.0343665376408577,0
-0.5582856429935692,-0.2376571131324036,-0.0306643346086596,-0.1448838105613269,-0.2172505640230674,0.6111732881293215,0
1.4113260819698277,0.6584759309101514,-1.9761548693575264,-0.1448838105613269,-0.2172505640230674,-0.0343665376408577,0
0.6088916755032585,0.1268481530625131,1.1366299862406606,-0.1448838105613269,-0.2172505640230674,0.7725582445718663,0
-0.4853370605875174,0.3080498202773896,-0.0306643346086596,-0.1448838105613269,-0.2172505640230674,-0.0343665376408577,0
-0.1205941485572587,0.8450744499545022,-0.419762441558433,-0.1448838105613269,-0.2172505640230674,-0.0343665376408577,0
0.0982515986608963,-0.2476649594196919,-2.754351083257073,-0.1448838105613269,-0.2172505640230674,-2.616525840721575,0
-1.5066172142722416,0.2801282131806882,-0.0306643346086596,-0.1448838105613269,-0.2172505640230674,-1.2447537109599438,0
-0.7771313902117244,0.4721709248600351,-0.419762441558433,-0.1448838105613269,-0.2172505640230674,0.3690958534655043,0
-1.43366863186619,-0.3129384620730183,-0.419762441558433,-0.1448838105613269,3.7558756894388594,-1.6482161020663058,0
-1.43366863186619,-0.6641030892719186,-0.0306643346086596,-0.1448838105613269,-0.2172505640230674,-2.051678493172668,0
0.1712001810669481,-1.5372947789586555,1.5257280931904338,-0.1448838105613269,-0.2172505640230674,-0.0343665376408577,0
1.4842746643758793,-0.6144709887629636,1.1366299862406606,-0.1448838105613269,-0.2172505640230674,-0.8412913198535819,0
-0.4123884781814657,-1.266353880796836,0.3584337723411137,-0.1448838105613269,-0.2172505640230674,2.386407808997314,0
-0.7041828078056727,1.3974659051039602,0.3584337723411137,-0.1448838105613269,-0.2172505640230674,-0.0343665376408577,0
0.3900459282851033,-0.5637689860492179,1.9148262001402072,-0.1448838105613269,-0.2172505640230674,0.3690958534655043,0
0.754788840315362,-0.203174070390394,-0.419762441558433,-0.1448838105613269,-0.2172505640230674,-0.0343665376408577,0
0.5359430930972068,-0.4435044037018795,-0.419762441558433,-0.1448838105613269,-0.2172505640230674,-0.0343665376408577,0
-0.9230285550238276,2.122537682474388,1.1366299862406606,-0.1448838105613269,-0.2172505640230674,-0.0343665376408577,0
0.8277374227214137,-0.8030956942836434,1.9148262001402072,-0.1448838105613269,-0.2172505640230674,-0.0343665376408577,0
0.2441487634729998,-1.3780781818280587,1.5257280931904338,-0.1448838105613269,4.435424124800013,-0.0343665376408577,0
-1.2877714670540863,2.532660548870019,-0.0306643346086596,-0.1448838105613269,-0.2172505640230674,-1.890293536730123,0
0.9736345875335172,-0.8567233587786304,-0.419762441558433,0.8339377635312247,-0.2172505640230674,0.7725582445718663,0
2.2137604884363964,-0.2854429222260122,-2.3652529763073,0.2526534798758234,-0.2172505640230674,-0.0343665376408577,0
1.557223246781931,-0.2260775521017946,1.5257280931904338,-0.1448838105613269,-0.2172505640230674,-2.616525840721575,0
-0.4853370605875174,-1.0999320130658354,-2.3652529763073,-0.1448838105613269,-0.2172505640230674,-0.0343665376408577,0
1.1195317523456203,0.8489848004905951,-2.3652529763073,-0.1448838105613269,-0.2172505640230674,-0.0343665376408577,0
1.6301718291879828,-0.4760464734174993,-0.0306643346086596,13.267171353549536,-0.2172505640230674,-0.8412913198535819,1
-0.9959771374298796,-0.5060132033127384,-0.419762441558433,-0.1448838105613269,-0.2172505640230674,-0.0343665376408577,0
0.0253030162548446,-0.7235252683627622,1.1366299862406606,-0.1448838105613269,-0.2172505640230674,0.7725582445718663,0
0.754788840315362,1.122652529050465,-0.419762441558433,-0.1448838105613269,-0.2172505640230674,1.5794830267845903,0
-0.1935427309633105,-0.9772151769924728,0.3584337723411137,-0.1448838105613269,4.462705266365607,0.7725582445718663,0
-1.214822884648035,0.4242146888665483,-0.0306643346086596,-0.1448838105613269,-0.2172505640230674,-1.2447537109599438,0
1.9219661588121892,1.039834523870795,-1.1979586554579795,0.0961332309081599,-0.2172505640230674,-0.0343665376408577,0
-0.7041828078056727,-0.096306936005698,-0.419762441558433,-0.1448838105613269,-0.2172505640230674,-0.0343665376408577,0
-1.5795657966782934,0.3625390874328716,-1.1979586554579795,-0.1448838105613269,-0.2172505640230674,-2.45514088427903,0
-1.2877714670540863,-0.3790356947424222,-0.0306643346086596,-0.1448838105613269,-0.2172505640230674,-1.2447537109599438,0
-0.4853370605875174,1.2211782135022369,1.1366299862406606,-0.1448838105613269,-0.2172505640230674,0.6111732881293215,0
0.9006860051274654,-0.9469833385863125,-0.419762441558433,0.4971576905596713,-0.2172505640230674,-1.3254461891812162,0
2.3596576532485,-0.479455011415062,-0.419762441558433,-0.1448838105613269,-0.2172505640230674,-0.0343665376408577,0
-0.9230285550238276,-0.2313513178369125,1.1366299862406606,-0.1448838105613269,-0.2172505640230674,-0.0343665376408577,0
-0.7771313902117244,-1.1307792819437783,-0.419762441558433,-0.1448838105613269,-0.2172505640230674,-0.0343665376408577,0
-0.850079972617776,-1.5888867888162093,-0.0306643346086596,-0.1448838105613269,-0.2172505640230674,-0.0343665376408577,0
-0.5582856429935692,-0.8090227631349608,1.1366299862406606,-0.1448838105613269,-0.2172505640230674,-0.0343665376408577,0
0.9736345875335172,0.2228742429827387,-0.0306643346086596,-0.1448838105613269,-0.2172505640230674,-0.0343665376408577,0
0.9736345875335172,-1.2480424572210405,1.9148262001402072,-0.1448838105613269,-0.2172505640230674,1.5794830267845903,0
0.462994510691155,-1.497784142670241,1.1366299862406606,0.2345470243397183,-0.2172505640230674,1.5794830267845903,0
0.3900459282851033,1.2828348786137047,-0.0306643346086596,-0.1448838105613269,-0.2172505640230674,-0.0343665376408577,0
1.3383774995637758,-0.6491244584048513,-0.419762441558433,-0.1448838105613269,-0.2172505640230674,-0.0343665376408577,0
1.8490175764061376,-1.4944892226059303,-0.419762441558433,-0.1448838105613269,-0.2172505640230674,0.3690958534655043,0
-1.5795657966782934,0.2900319096958288,-1.5870567624077532,-0.1448838105613269,-0.2172505640230674,-0.0343665376408577,0
-1.43366863186619,0.2367829716450155,-0.419762441558433,-0.1448838105613269,-0.2172505640230674,-0.8412913198535819,0
0.1712001810669481,1.861121754383535,-2.754351083257073,-0.1448838105613269,-0.2172505640230674,-0.8412913198535819,0
-0.047645566151207,-0.4647604253811249,1.5257280931904338,-0.1448838105613269,-0.2172505640230674,2.386407808997314,0
-0.7771313902117244,0.2235086097767295,-0.419762441558433,-0.1448838105613269,-0.2172505640230674,0.7725582445718663,0
-0.6312342253996209,-0.5614682229008631,0.3584337723411137,-0.1448838105613269,-0.2172505640230674,-0.0343665376408577,0
-1.360720049460138,0.5142758372910392,-0.0306643346086596,-0.1448838105613269,-0.2172505640230674,-1.6482161020663058,0
-1.5795657966782934,-1.536253281237178,-1.1979586554579795,-0.1448838105613269,-0.2172505640230674,-1.6482161020663058,0
0.9006860051274654,0.8580268943452406,-0.419762441558433,-0.1448838105613269,-0.2172505640230674,-0.0343665376408577,0
0.0253030162548446,-1.5034934438161585,1.1366299862406606,-0.1448838105613269,-0.2172505640230674,-0.0343665376408577,0
0.1712001810669481,2.403382277151348,1.1366299862406606,-0.1448838105613269,-0.2172505640230674,0.6111732881293215,0
0.0982515986608963,0.2068635825552982,1.1366299862406606,-0.1448838105613269,-0.2172505640230674,-1.6482161020663058,0
-0.9230285550238276,-0.8807724879836563,2.3039243070899804,-0.1448838105613269,-0.2172505640230674,-1.6482161020663058,0
1.6301718291879828,0.355968183626459,-0.419762441558433,-0.1448838105613269,-0.2172505640230674,-0.0343665376408577,0
1.046583169939569,-0.1828838011437914,-0.0306643346086596,-0.1448838105613269,-0.2172505640230674,-0.0343665376408577,0
-0.850079972617776,-0.7637838893784199,-0.0306643346086596,-0.1448838105613269,-0.2172505640230674,0.6918657663505939,0
-0.9230285550238276,-0.2341633616849018,-0.419762441558433,-0.1448838105613269,-0.2172505640230674,-0.0343665376408577,0
0.6818402579093102,0.8088682018915025,-0.419762441558433,-0.1448838105613269,-0.2172505640230674,2.386407808997314,0
1.557223246781931,-1.4968467947209112,0.3584337723411137,-0.1448838105613269,-0.2172505640230674,-0.0343665376408577,0
-0.9959771374298796,1.1444671722348665,-0.0306643346086596,-0.1448838105613269,-0.2172505640230674,-0.8412913198535819,0
-0.047645566151207,-0.2579663187012149,1.1366299862406606,-0.1448838105613269,-0.2172505640230674,-0.0343665376408577,0
-1.5795657966782934,1.5578092134059736,-0.419762441558433,-0.1448838105613269,-0.2172505640230674,-0.0343665376408577,0
0.5359430930972068,1.942775175747371,-0.419762441558433,-0.1448838105613269,-0.2172505640230674,-0.0343665376408577,0
0.462994510691155,1.900244196066672,-0.0306643346086596,1.8701635077678724,-0.2172505640230674,4.726489677414214,0
0.6088916755032585,0.9260840363632432,-0.0306643346086596,-0.1448838105613269,-0.2172505640230674,-0.0343665376408577,0
0.5359430930972068,-0.1298242263150649,-0.8088605485082063,-0.1448838105613269,-0.2172505640230674,0.3690958534655043,0
-1.5066172142722416,-0.4805343817809569,-1.1979586554579795,-0.1448838105613269,-0.2172505640230674,-2.45514088427903,0
1.265428917157724,0.1102883392910208,-1.9761548693575264,0.31260596598426,-0.2172505640230674,0.7725582445718663,0
-1.214822884648035,1.027838363751595,-0.419762441558433,-0.1448838105613269,-0.2172505640230674,-0.4378289287472198,0
-0.2664913133693622,-0.0641151882509389,-0.419762441558433,-0.1448838105613269,-0.2172505640230674,-0.0343665376408577,0
0.0253030162548446,-0.0976892875269318,-0.0306643346086596,-0.1448838105613269,-0.2172505640230674,-0.4378289287472198,0
-0.9959771374298796,0.5887713288599935,-1.1979586554579795,-0.1448838105613269,-0.2172505640230674,-0.0343665376408577,0
-0.7041828078056727,-0.6110624507654008,-0.419762441558433,-0.1448838105613269,-0.2172505640230674,-0.0343665376408577,0
1.4842746643758793,-0.5814555109921268,-0.419762441558433,-0.1448838105613269,-0.2172505640230674,-0.1957514940834025,0
-1.0689257198359312,-0.0575253481223176,0.3584337723411137,-0.1448838105613269,-0.2172505640230674,-1.6482161020663058,0
-0.850079972617776,2.0843715250627897,-0.0306643346086596,-0.1448838105613269,-0.2172505640230674,0.7725582445718663,0
-0.339439895775414,1.081238792380078,1.1366299862406606,-0.1448838105613269,-0.2172505640230674,-0.0343665376408577,0
1.1195317523456203,-0.6276980098257278,-2.3652529763073,-0.1448838105613269,-0.2172505640230674,-0.0343665376408577,0
0.9736345875335172,0.1146910342045393,-0.0306643346086596,0.8862453017466392,-0.2172505640230674,-0.0343665376408577,0
-1.43366863186619,-0.6409723716940138,-0.419762441558433,-0.1448838105613269,-0.2172505640230674,-0.0343665376408577,0
-0.7041828078056727,-0.3522976077837634,1.1366299862406606,1.778960620623047,-0.2172505640230674,0.7725582445718663,0
-0.7771313902117244,0.3633249448045319,1.1366299862406606,-0.1448838105613269,-0.2172505640230674,0.6111732881293215,0
-1.2877714670540863,0.0122928718610923,-0.419762441558433,-0.1448838105613269,-0.2172505640230674,-1.2447537109599438,0
-1.360720049460138,0.3696307401000229,-0.0306643346086596,-0.1448838105613269,-0.2172505640230674,-0.0343665376408577,0
-1.43366863186619,-0.0878139954951042,-0.0306643346086596,-0.1448838105613269,-0.2172505640230674,-0.3571364505259474,0
-1.360720049460138,-0.2605511266827,-0.419762441558433,-0.1448838105613269,-0.2172505640230674,-1.6482161020663058,0
-0.850079972617776,1.1927074530614834,1.5257280931904338,-0.1448838105613269,-0.2172505640230674,-1.6482161020663058,0
-0.1205941485572587,-0.1371431148487204,-1.1979586554579795,-0.1448838105613269,-0.2172505640230674,-0.0343665376408577,0
-1.5795657966782934,0.1111783464348288,-1.5870567624077532,-0.0652154062024648,-0.2172505640230674,-2.858603275385392,0
0.462994510691155,-0.2740621925785945,1.1366299862406606,-0.1448838105613269,-0.2172505640230674,0.3690958534655043,0
2.943246312496914,-0.4111611653694509,2.3039243070899804,-0.1448838105613269,-0.2172505640230674,-0.0343665376408577,0
1.265428917157724,1.2418756136763258,-0.419762441558433,-0.1448838105613269,-0.2172505640230674,-0.0343665376408577,0
3.3079892245271725,1.8814593644356596,-2.3652529763073,-0.1448838105613269,-0.2172505640230674,-2.45514088427903,0
0.9736345875335172,-0.4214719928120782,-0.419762441558433,-0.1448838105613269,-0.2172505640230674,-0.0343665376408577,0
-0.4853370605875174,-0.7364966490757093,0.7475318792908872,-0.1448838105613269,-0.2172505640230674,-0.0343665376408577,0
-0.9959771374298796,-0.2148577811931507,1.1366299862406606,-0.1448838105613269,4.462705266365607,-0.0343665376408577,0
-1.360720049460138,0.6142690867139836,-0.419762441558433,-0.1448838105613269,-0.2172505640230674,-0.4378289287472198,0
-1.360720049460138,-0.6670760918586817,-0.0306643346086596,-0.1448838105613269,-0.2172505640230674,-0.0343665376408577,0
0.3170973458790516,0.2160666351487176,0.3584337723411137,-0.1448838105613269,-0.2172505640230674,-0.0343665376408577,0
0.462994510691155,-0.3273774077571382,-1.5870567624077532,-0.1448838105613269,-0.2172505640230674,-0.1957514940834025,0
1.046583169939569,0.5411086058607414,2.3039243070899804,-0.1448838105613269,-0.2172505640230674,0.7725582445718663,0
-1.5795657966782934,0.3365111125570384,-1.9761548693575264,-0.1448838105613269,-0.2172505640230674,-0.4378289287472198,0
0.3170973458790516,-0.3370065276002529,-0.0306643346086596,-0.1448838105613269,-0.2172505640230674,-0.0343665376408577,0
0.9006860051274654,0.1460969245876381,-0.419762441558433,-0.1448838105613269,-0.2172505640230674,-0.0343665376408577,0
-0.339439895775414,-0.967027435644202,2.3039243070899804,-0.1448838105613269,-0.2172505640230674,-0.0343665376408577,0
0.0982515986608963,-1.0575430558017012,-0.419762441558433,-0.1448838105613269,-0.2172505640230674,-0.0343665376408577,0
-0.4853370605875174,-0.5771380295285473,-0.419762441558433,-0.1448838105613269,-0.2172505640230674,-0.6799063634110369,0
0.0253030162548446,-0.975473035349274,-0.0306643346086596,-0.1448838105613269,-0.2172505640230674,0.7725582445718663,0
-0.5582856429935692,-0.4216234833897477,1.1366299862406606,-0.1448838105613269,-0.2172505640230674,-0.0343665376408577,0
-1.360720049460138,-1.5441118549537811,-0.419762441558433,-0.1448838105613269,-0.2172505640230674,-1.2447537109599438,0
-0.7041828078056727,-1.2283770866073245,1.1366299862406606,-0.1448838105613269,-0.2172505640230674,-0.0343665376408577,0
0.3900459282851033,-0.6570209047658716,1.1366299862406606,1.8701635077678724,-0.2172505640230674,0.7725582445718663,0
0.6088916755032585,0.3188151194530252,-0.419762441558433,0.146697184516394,-0.2172505640230674,-0.0343665376408577,0
0.3900459282851033,-1.2610327742561962,1.1366299862406606,-0.1448838105613269,-0.2172505640230674,-0.276443972304675,0
0.0982515986608963,-0.73196139990673,1.5257280931904338,-0.1448838105613269,-0.2172505640230674,-0.0343665376408577,0
0.6088916755032585,-0.5404489052492263,-0.0306643346086596,-0.1448838105613269,-0.2172505640230674,2.5477927654398598,0
-1.214822884648035,0.5935148775732684,-0.419762441558433,-0.1448838105613269,-0.2172505640230674,-1.0833687545173991,0
-0.047645566151207,-0.9863708887803704,-0.419762441558433,-0.1448838105613269,-0.2172505640230674,0.7725582445718663,0
-0.7771313902117244,0.1579415941291687,-0.0306643346086596,-0.1448838105613269,-0.2172505640230674,-0.0343665376408577,0
-0.339439895775414,1.5856834796971533,1.1366299862406606,-0.1448838105613269,-0.2172505640230674,0.7725582445718663,0
-0.850079972617776,0.8432944356668861,-2.754351083257073,-0.1448838105613269,-0.2172505640230674,-0.0343665376408577,0
-0.9959771374298796,0.0755685925214026,-0.0306643346086596,-0.1448838105613269,-0.2172505640230674,0.2077108970229594,0
0.3900459282851033,0.687041372961948,-0.0306643346086596,-0.1448838105613269,-0.2172505640230674,0.5304808099080491,0
0.462994510691155,1.709867880741689,1.1366299862406606,-0.1448838105613269,-0.2172505640230674,-0.0343665376408577,0
0.1712001810669481,-0.2724620733519608,-3.53254729715662,-0.1448838105613269,-0.2172505640230674,-0.8412913198535819,0
-0.2664913133693622,0.2428899355573154,0.3584337723411137,-0.1448838105613269,-0.2172505640230674,-0.4378289287472198,0
0.2441487634729998,-1.0166216635087395,-2.3652529763073,-0.1448838105613269,-0.2172505640230674,0.7725582445718663,0
-0.6312342253996209,-0.154517190475186,0.3584337723411137,-0.1448838105613269,-0.2172505640230674,-0.0343665376408577,0
0.462994510691155,-0.896707403122262,-0.419762441558433,-0.1448838105613269,-0.2172505640230674,-0.0343665376408577,0
0.462994510691155,-0.6778129865510043,-0.0306643346086596,0.2712964229833686,-0.2172505640230674,0.127018418801687,0
-0.850079972617776,1.5869900859295525,-0.419762441558433,-0.1448838105613269,-0.2172505640230674,-0.0343665376408577,0
1.6301718291879828,0.0360674243940923,-0.419762441558433,-0.1448838105613269,-0.2172505640230674,-1.3254461891812162,0
1.265428917157724,-0.9665634957500894,-0.419762441558433,-0.1448838105613269,-0.2172505640230674,-0.0343665376408577,0
0.5359430930972068,-0.4953331175870417,1.5257280931904338,-0.1448838105613269,-0.2172505640230674,-0.0343665376408577,0
-1.2877714670540863,2.336376101015928,-3.53254729715662,-0.1448838105613269,-0.2172505640230674,-0.0343665376408577,0
2.286709070842448,-0.7221239805193198,-1.5870567624077532,-0.1448838105613269,-0.2172505640230674,-0.0343665376408577,0
0.6088916755032585,-0.3583098900850199,-1.5870567624077532,-0.1448838105613269,-0.2172505640230674,-0.1957514940834025,0
-0.2664913133693622,0.3381585725891937,-0.419762441558433,-0.1448838105613269,-0.2172505640230674,-0.0343665376408577,0
-0.4853370605875174,-0.1135673936989115,-0.419762441558433,-0.1448838105613269,-0.2172505640230674,-0.0343665376408577,0
0.0253030162548446,-0.0852386556747235,-0.419762441558433,-0.1448838105613269,-0.2172505640230674,-0.0343665376408577,0
-0.1205941485572587,-0.012239133560255,-0.419762441558433,-0.1448838105613269,-0.2172505640230674,-0.0343665376408577,0
1.4842746643758793,0.6002088674740373,1.9148262001402072,-0.1448838105613269,-0.2172505640230674,1.1760206356782283,0
1.7031204115940344,1.9407395211099376,-0.419762441558433,-0.1448838105613269,-0.2172505640230674,-0.0343665376408577,0
0.9006860051274654,-0.4547052382883149,-0.0306643346086596,-0.1448838105613269,-0.2172505640230674,-0.0343665376408577,0
-0.1935427309633105,-0.2260112749740642,1.5257280931904338,-0.1448838105613269,-0.2172505640230674,0.7725582445718663,0
-0.4853370605875174,0.2012584311815284,-0.419762441558433,-0.1448838105613269,-0.2172505640230674,-0.1957514940834025,0
0.0253030162548446,-1.5112478677606138,-0.0306643346086596,-0.1448838105613269,-0.2172505640230674,-0.0343665376408577,0
0.3900459282851033,0.2427100404963329,1.1366299862406606,-0.1448838105613269,-0.2172505640230674,0.3690958534655043,0
-0.047645566151207,-0.3848964864660092,-0.419762441558433,-0.1448838105613269,-0.2172505640230674,-0.0343665376408577,0
0.6088916755032585,-0.2181053604519396,-0.0306643346086596,-0.1448838105613269,-0.2172505640230674,-0.0343665376408577,0
0.462994510691155,1.5465515698529122,-0.419762441558433,-0.1448838105613269,-0.2172505640230674,-0.0343665376408577,0
0.462994510691155,-0.0231369869913514,0.7475318792908872,-0.1448838105613269,-0.2172505640230674,-0.0343665376408577,0
0.3170973458790516,-0.1840578531207296,-0.419762441558433,-0.1448838105613269,-0.2172505640230674,-0.0343665376408577,0
-0.7771313902117244,-0.0827674656264905,-0.419762441558433,-0.1448838105613269,-0.2172505640230674,-0.0343665376408577,0
-0.047645566151207,-0.3465693703156372,1.5257280931904338,-0.1448838105613269,-0.2172505640230674,0.3690958534655043,0
0.9736345875335172,-0.4081218856549575,0.7475318792908872,0.5076191982027541,-0.2172505640230674,-0.8412913198535819,0
-0.4123884781814657,0.7430360777330202,-1.9761548693575264,-0.1448838105613269,-0.2172505640230674,-0.0343665376408577,0
-1.43366863186619,0.1541732660096409,-0.419762441558433,-0.1448838105613269,-0.2172505640230674,-1.6482161020663058,0
-0.339439895775414,-0.7368753755198829,1.1366299862406606,0.3010714831982968,-0.2172505640230674,-0.0343665376408577,0
0.3170973458790516,-0.730711602640957,-0.419762441558433,-0.1448838105613269,-0.2172505640230674,0.3690958534655043,0
1.1924803347516724,-0.1209336230380887,-0.0306643346086596,-0.1448838105613269,-0.2172505640230674,-0.0343665376408577,0
-0.2664913133693622,0.3294573325343044,-0.419762441558433,-0.1448838105613269,-0.2172505640230674,-1.3254461891812162,0
-0.4123884781814657,1.3511950017870462,-0.419762441558433,-0.1448838105613269,-0.2172505640230674,-0.0343665376408577,0
0.0982515986608963,-1.3102009348710386,1.5257280931904338,-0.1448838105613269,-0.2172505640230674,0.7725582445718663,0
1.7031204115940344,-0.0561903374066055,-0.0306643346086596,-0.1448838105613269,-0.2172505640230674,-0.0343665376408577,0
-0.7041828078056727,-0.7637838893784199,-0.0306643346086596,-0.1448838105613269,-0.2172505640230674,-0.4378289287472198,0
-0.9230285550238276,-0.1153947487920493,0.7475318792908872,-0.1448838105613269,-0.2172505640230674,0.3690958534655043,0
-0.5582856429935692,-0.6650215008990398,1.1366299862406606,-0.1448838105613269,-0.2172505640230674,-0.0343665376408577,0
0.6088916755032585,0.901722457841774,-0.419762441558433,-0.1448838105613269,-0.2172505640230674,-0.0343665376408577,0
-1.5795657966782934,1.0314173286490358,-1.1979586554579795,-0.1448838105613269,-0.2172505640230674,-2.051678493172668,0
-0.7041828078056727,-0.8071291309140926,-0.0306643346086596,0.4433748115227963,-0.2172505640230674,0.3690958534655043,0
1.1924803347516724,0.1066999062324756,-0.419762441558433,-0.1448838105613269,-0.2172505640230674,0.6111732881293215,0
1.557223246781931,1.68557257934795,0.7475318792908872,-0.1448838105613269,-0.2172505640230674,-0.0343665376408577,0
-0.7771313902117244,0.8779668416309826,-0.419762441558433,-0.1448838105613269,-0.2172505640230674,-0.4378289287472198,0
1.557223246781931,0.1188854295737623,-0.0306643346086596,-0.1448838105613269,-0.2172505640230674,0.2884033752442319,0
-0.047645566151207,0.1278139054951558,0.3584337723411137,-0.1448838105613269,-0.2172505640230674,0.7725582445718663,0
-0.850079972617776,-0.0378694456697058,1.1366299862406606,-0.1448838105613269,-0.2172505640230674,1.5794830267845903,0
1.1924803347516724,-1.3249049890660802,-0.0306643346086596,-0.1448838105613269,-0.2172505640230674,0.7725582445718663,0
-0.9959771374298796,0.0523715978157674,-0.419762441558433,-0.1448838105613269,-0.2172505640230674,0.7725582445718663,0
-1.360720049460138,-0.1313201957695507,-0.0306643346086596,-0.1448838105613269,-0.2172505640230674,-1.2447537109599438,0
2.5055548180606038,0.7360391066769122,-0.419762441558433,-0.1448838105613269,-0.2172505640230674,-2.051678493172668,0
1.8490175764061376,0.974930279500538,-0.0306643346086596,1.2722481093978264,-0.2172505640230674,-0.4378289287472198,0
-1.5066172142722416,0.1905215364892057,-0.0306643346086596,-0.1448838105613269,-0.2172505640230674,-0.0343665376408577,0
-0.1205941485572587,3.821125784593149,1.1366299862406606,-0.1448838105613269,-0.2172505640230674,0.7725582445718663,0
-0.850079972617776,-1.2763901315674373,-0.0306643346086596,-0.1448838105613269,-0.2172505640230674,-0.6799063634110369,0
-1.141874302241983,-0.5995586350236266,-1.9761548693575264,-0.1448838105613269,-0.2172505640230674,-0.8412913198535819,0
0.462994510691155,0.484498470617887,1.5257280931904338,-0.1448838105613269,-0.2172505640230674,-0.0343665376408577,0
1.046583169939569,-1.0579975275347095,-2.754351083257073,-0.1448838105613269,-0.2172505640230674,0.7725582445718663,0
-1.0689257198359312,0.3155107312276102,-0.419762441558433,-0.1448838105613269,-0.2172505640230674,-0.0343665376408577,0
-1.360720049460138,-0.6107405332878533,-0.0306643346086596,-0.1448838105613269,-0.2172505640230674,-1.2447537109599438,0
-0.7041828078056727,0.0620859311088212,1.1366299862406606,-0.1448838105613269,-0.2172505640230674,-0.0343665376408577,0
0.754788840315362,-1.3153326781895915,1.1366299862406606,0.0571037600858891,-0.2172505640230674,-0.4378289287472198,0
0.9736345875335172,-0.2520297816887931,-0.8088605485082063,-0.1448838105613269,3.820358387684808,-0.0343665376408577,0
-1.360720049460138,1.2859972444225545,-0.419762441558433,-0.1448838105613269,-0.2172505640230674,-0.0343665376408577,0
-1.0689257198359312,-1.484121586196677,-0.0306643346086596,-0.1448838105613269,-0.2172505640230674,0.7725582445718663,0
1.557223246781931,-0.4844636686392584,1.1366299862406606,0.8339377635312247,-0.2172505640230674,0.6111732881293215,0
-0.7041828078056727,-1.0595787104391343,-0.419762441558433,-0.1448838105613269,-0.2172505640230674,0.3690958534655043,0
0.6088916755032585,-0.0323211032625621,0.7475318792908872,1.8701635077678724,-0.2172505640230674,-0.0343665376408577,0
0.1712001810669481,0.1632911051531213,1.1366299862406606,-0.1448838105613269,-0.2172505640230674,-0.8412913198535819,0
1.7031204115940344,-1.4968467947209112,-0.419762441558433,-0.1448838105613269,-0.2172505640230674,-1.809601058508851,0
-0.4853370605875174,1.8170664007650368,-0.419762441558433,-0.1448838105613269,-0.2172505640230674,-0.0343665376408577,0
-1.5066172142722416,-1.4152975231292229,-0.8088605485082063,-0.1448838105613269,-0.2172505640230674,-0.0343665376408577,0
-0.4123884781814657,2.683876549867448,2.3039243070899804,1.8701635077678724,-0.2172505640230674,0.7725582445718663,0
1.7760689940000862,1.4210321580926648,1.1366299862406606,-0.1448838105613269,-0.2172505640230674,0.7725582445718663,0
-0.339439895775414,0.1043328659563904,1.1366299862406606,-0.1448838105613269,-0.2172505640230674,-0.0343665376408577,0
0.6818402579093102,-0.9873934501796392,1.1366299862406606,0.8862453017466392,-0.2172505640230674,-0.0343665376408577,0
-0.850079972617776,-1.2018188947096482,0.3584337723411137,-0.1448838105613269,-0.2172505640230674,-0.0343665376408577,0
-0.7771313902117244,-0.7750415329314813,-1.9761548693575264,0.773717033637068,-0.2172505640230674,-0.4378289287472198,0
-0.339439895775414,-0.3543332624211968,-0.419762441558433,-0.1448838105613269,-0.2172505640230674,0.9339432010144112,0
0.3900459282851033,0.7389647684581535,1.5257280931904338,-0.1448838105613269,-0.2172505640230674,0.127018418801687,0
0.8277374227214137,-1.1380034888663904,-1.5870567624077532,-0.1448838105613269,-0.2172505640230674,0.3690958534655043,0
-0.9959771374298796,-1.4989960672915963,-0.419762441558433,-0.1448838105613269,-0.2172505640230674,1.5794830267845903,0
-1.2877714670540863,-0.9324307749689404,-0.0306643346086596,-0.1448838105613269,-0.2172505640230674,1.5794830267845903,0
0.5359430930972068,-1.1845300325331216,1.5257280931904338,-0.1448838105613269,4.462705266365607,0.3690958534655043,0
0.1712001810669481,-1.4804384715270884,-0.419762441558433,-0.1448838105613269,-0.2172505640230674,-0.0343665376408577,0
0.462994510691155,0.6228756451578296,1.5257280931904338,-0.1448838105613269,-0.2172505640230674,0.7725582445718663,0
1.1924803347516724,-0.0013412801291586,-2.754351083257073,-0.1448838105613269,-0.2172505640230674,0.7725582445718663,0
0.6088916755032585,-0.0107242277835604,1.5257280931904338,-0.1448838105613269,-0.2172505640230674,1.5794830267845903,0
-0.2664913133693622,0.548096108755745,-0.0306643346086596,-0.1448838105613269,-0.2172505640230674,0.7725582445718663,0
-1.214822884648035,0.2505686142129359,-0.0306643346086596,-0.1448838105613269,-0.2172505640230674,-0.0343665376408577,0
2.2137604884363964,0.1291773206941809,-0.419762441558433,-0.01196901473703,-0.2172505640230674,-1.809601058508851,0
-1.360720049460138,1.2542883728841168,-0.0306643346086596,-0.1448838105613269,-0.2172505640230674,-0.0343665376408577,0
0.9006860051274654,-0.5333761889042836,-0.419762441558433,-0.1448838105613269,-0.2172505640230674,-0.0343665376408577,0
-0.339439895775414,1.477367716663493,1.1366299862406606,-0.1448838105613269,4.685914606447738,0.7725582445718663,0
2.067863323624293,1.5597407182712593,-0.419762441558433,-0.1448838105613269,-0.2172505640230674,-1.6482161020663058,0
-0.7771313902117244,-0.5389245313114274,-0.419762441558433,-0.1448838105613269,-0.2172505640230674,-1.6482161020663058,0
1.6301718291879828,-0.2795631941802165,-0.419762441558433,1.8701635077678724,-0.2172505640230674,0.3690958534655043,0
-0.1935427309633105,-0.0814703275551958,0.7475318792908872,-0.1448838105613269,-0.2172505640230674,-0.0343665376408577,0
-0.2664913133693622,-0.5781416546056074,1.1366299862406606,-0.1448838105613269,-0.2172505640230674,-0.0343665376408577,0
-0.2664913133693622,-0.2470021881423881,-1.5870567624077532,-0.1448838105613269,-0.2172505640230674,-1.970986014951396,0
-1.43366863186619,-0.2732384625625168,-0.419762441558433,-0.1448838105613269,-0.2172505640230674,-0.1957514940834025,0
-1.0689257198359312,2.026199143237719,1.1366299862406606,-0.1448838105613269,-0.2172505640230674,-0.0343665376408577,0
-0.4123884781814657,-0.7273693417711247,-0.419762441558433,-0.1448838105613269,-0.2172505640230674,-0.0343665376408577,0
-0.1935427309633105,0.2894164792240467,1.5257280931904338,-0.1448838105613269,-0.2172505640230674,0.7725582445718663,0
-0.6312342253996209,-1.0093406476195017,-0.419762441558433,-0.1448838105613269,-0.2172505640230674,-0.8412913198535819,0
-0.6312342253996209,-0.5872026847824617,-0.419762441558433,-0.1448838105613269,4.462705266365607,0.6111732881293215,0
-0.339439895775414,-0.2958768357629959,1.1366299862406606,-0.1448838105613269,-0.2172505640230674,2.386407808997314,0
-0.339439895775414,-0.1890002332171956,1.1366299862406606,-0.1448838105613269,-0.2172505640230674,-0.0343665376408577,0
-0.5582856429935692,-0.3141219822110609,-0.0306643346086596,-0.1448838105613269,-0.2172505640230674,-0.0343665376408577,0
-1.141874302241983,0.7812685122723488,0.3584337723411137,-0.1448838105613269,-0.2172505640230674,-0.5992138851897646,0
-0.5582856429935692,-0.298490048227794,-0.0306643346086596,-0.1448838105613269,-0.2172505640230674,-0.0343665376408577,0
-1.5795657966782934,-0.4565988705091831,-1.9761548693575264,-0.1448838105613269,-0.2172505640230674,-2.858603275385392,0
-0.339439895775414,0.1339208694074557,-0.419762441558433,-0.1448838105613269,-0.2172505640230674,-0.4378289287472198,0
0.3170973458790516,-0.9868632331577962,1.5257280931904338,-0.1448838105613269,-0.2172505640230674,0.3690958534655043,0
1.8490175764061376,-1.445879683496244,-0.419762441558433,-0.1448838105613269,-0.2172505640230674,-0.0343665376408577,0
1.046583169939569,0.7787405132574897,-1.9761548693575264,-0.1448838105613269,-0.2172505640230674,-0.0343665376408577,0
-0.9230285550238276,-0.1195039307113332,-0.0306643346086596,-0.1448838105613269,-0.2172505640230674,-0.0343665376408577,0
0.2441487634729998,1.572267095412302,0.3584337723411137,-0.1448838105613269,-0.2172505640230674,0.2884033752442319,0
-0.5582856429935692,0.4943358900052972,0.3584337723411137,-0.1448838105613269,-0.2172505640230674,0.3690958534655043,0
-0.7771313902117244,0.1163100897533816,0.7475318792908872,-0.1448838105613269,-0.2172505640230674,1.9829454178909525,0
0.5359430930972068,-0.3082138496819521,-0.419762441558433,-0.1448838105613269,-0.2172505640230674,-0.0343665376408577,0
-0.6312342253996209,0.674931594909496,-2.3652529763073,-0.1448838105613269,-0.2172505640230674,-0.0343665376408577,0
1.6301718291879828,1.7367385219558085,-2.3652529763073,-0.1448838105613269,-0.2172505640230674,-0.0343665376408577,0
0.3900459282851033,1.2512585613307277,-0.419762441558433,-0.1448838105613269,-0.2172505640230674,-0.1957514940834025,0
0.9006860051274654,-1.590382758270695,-0.419762441558433,-0.1448838105613269,-0.2172505640230674,-0.0343665376408577,0
-0.9230285550238276,0.7858511022468498,1.1366299862406606,-0.1448838105613269,-0.2172505640230674,-1.6482161020663058,0
-0.1935427309633105,-0.7798702950946951,1.5257280931904338,-0.1448838105613269,-0.2172505640230674,1.5794830267845903,0
-1.214822884648035,0.0949499183019885,-0.0306643346086596,-0.1448838105613269,-0.2172505640230674,-2.051678493172668,0
-0.1935427309633105,2.687796368564645,-0.419762441558433,-0.1448838105613269,-0.2172505640230674,-0.8412913198535819,0
1.1195317523456203,0.7715636471403994,0.3584337723411137,-0.1448838105613269,-0.2172505640230674,-0.0343665376408577,0
0.6088916755032585,-0.1389420654585452,-0.419762441558433,-0.1448838105613269,-0.2172505640230674,-0.8412913198535819,0
-0.7041828078056727,-0.0515604066265828,-0.419762441558433,-0.1448838105613269,-0.2172505640230674,-0.0343665376408577,0
-1.214822884648035,0.3628610049104192,-0.0306643346086596,-0.1448838105613269,-0.2172505640230674,-0.1150590158621301,0
-0.5582856429935692,-0.925092950113076,1.1366299862406606,-0.1448838105613269,-0.2172505640230674,-0.0343665376408577,0
-0.9230285550238276,-0.6114601135317831,-0.0306643346086596,-0.1448838105613269,-0.2172505640230674,-0.0343665376408577,0
0.9006860051274654,0.2488075362475285,-0.0306643346086596,-0.1448838105613269,-0.2172505640230674,-0.0343665376408577,0
0.6818402579093102,0.2761421173557607,1.5257280931904338,-0.1448838105613269,-0.2172505640230674,0.7725582445718663,0
2.286709070842448,0.3023499872925764,-0.0306643346086596,-0.1448838105613269,-0.2172505640230674,-0.5185214069684921,0
-0.339439895775414,-0.7740757804988384,1.1366299862406606,-0.1448838105613269,-0.2172505640230674,0.5304808099080491,0
0.3170973458790516,-0.0083666556685795,-0.0306643346086596,-0.1448838105613269,-0.2172505640230674,0.3690958534655043,0
0.0253030162548446,-0.2260112749740642,-0.419762441558433,-0.1448838105613269,-0.2172505640230674,-0.0343665376408577,0
-0.1935427309633105,-0.0270284012052355,1.5257280931904338,-0.1448838105613269,-0.2172505640230674,0.7725582445718663,0
-1.360720049460138,-0.3036501960296598,-0.0306643346086596,-0.1448838105613269,-0.2172505640230674,-1.2447537109599438,0
0.0253030162548446,-1.3425725776867805,1.1366299862406606,-0.1448838105613269,-0.2172505640230674,0.7725582445718663,0
0.6088916755032585,-0.5293806249182517,-0.419762441558433,-0.1448838105613269,4.678474295111666,-0.0343665376408577,0
1.9949147412182413,0.6900617163542327,-0.0306643346086596,-0.1448838105613269,-0.2172505640230674,-2.697218318942847,0
-0.4123884781814657,-0.2892207185066442,-0.0306643346086596,-0.1448838105613269,-0.2172505640230674,-0.0343665376408577,0
-0.7771313902117244,-0.2114587113566923,-0.419762441558433,-0.1448838105613269,-0.2172505640230674,0.3690958534655043,0
0.0253030162548446,0.7406311648125176,0.7475318792908872,0.8339377635312247,-0.2172505640230674,-0.0343665376408577,0
-1.5795657966782934,0.0212118796213814,-1.5870567624077532,-0.1448838105613269,-0.2172505640230674,-1.2447537109599438,0
1.1195317523456203,-0.9113546483506776,1.1366299862406606,-0.1448838105613269,-0.2172505640230674,-0.0343665376408577,0
-0.2664913133693622,-0.5671964603689893,-0.419762441558433,-0.1448838105613269,-0.2172505640230674,0.3690958534655043,0
-0.4123884781814657,1.224350047472191,-0.0306643346086596,-0.1448838105613269,-0.2172505640230674,0.3690958534655043,0
1.7760689940000862,-0.6032701541765283,-2.3652529763073,-0.1448838105613269,-0.2172505640230674,0.2884033752442319,0
-0.7771313902117244,-1.1166433174149972,-0.0306643346086596,-0.1448838105613269,-0.2172505640230674,-2.051678493172668,0
0.9006860051274654,-0.5003607111334468,-0.419762441558433,-0.1448838105613269,-0.2172505640230674,-0.6799063634110369,0
-1.141874302241983,-1.4838470095246512,1.1366299862406606,-0.1448838105613269,-0.2172505640230674,-0.0343665376408577,0
-0.339439895775414,0.9850044029155568,-0.0306643346086596,-0.1448838105613269,-0.2172505640230674,-0.0343665376408577,0
-1.0689257198359312,1.7524935420334316,-1.1979586554579795,-0.1448838105613269,-0.2172505640230674,-0.0343665376408577,0
-1.5795657966782934,0.8616058592426815,-1.5870567624077532,-0.1448838105613269,-0.2172505640230674,-0.0343665376408577,0
-1.360720049460138,0.5266885964988302,-0.0306643346086596,-0.1448838105613269,-0.2172505640230674,-0.4378289287472198,0
2.3596576532485,-1.0643790681190353,-0.419762441558433,-0.1448838105613269,-0.2172505640230674,-1.890293536730123,0
-0.9230285550238276,0.5468368433288676,-0.0306643346086596,-0.1448838105613269,-0.2172505640230674,-0.0343665376408577,0
0.8277374227214137,1.2388173976396235,1.1366299862406606,-0.1448838105613269,4.499906823045962,-0.0343665376408577,0
0.6818402579093102,2.7677076482852825,-1.5870567624077532,-0.1448838105613269,-0.2172505640230674,-0.0343665376408577,0
0.6088916755032585,-0.5057102221573994,-0.0306643346086596,-0.1448838105613269,-0.2172505640230674,-0.8412913198535819,0
-0.7041828078056727,-0.3004120849319752,1.1366299862406606,-0.1448838105613269,-0.2172505640230674,-0.0343665376408577,0
-1.141874302241983,-0.2563661994745813,1.1366299862406606,-0.1448838105613269,-0.2172505640230674,-0.0343665376408577,0
-0.6312342253996209,0.2081512524654885,1.5257280931904338,-0.1448838105613269,-0.2172505640230674,-0.0343665376408577,0
1.7031204115940344,-1.5681136433532854,-0.419762441558433,-0.1448838105613269,-0.2172505640230674,-2.051678493172668,0
-0.4853370605875174,-0.0272840415550527,-0.419762441558433,-0.1448838105613269,-0.2172505640230674,-0.0343665376408577,0
0.2441487634729998,1.074497461673787,1.1366299862406606,-0.1448838105613269,-0.2172505640230674,0.7725582445718663,0
-0.7041828078056727,0.1184688304851713,-0.0306643346086596,-0.1448838105613269,-0.2172505640230674,0.7725582445718663,0
-1.141874302241983,0.4452529428403939,0.7475318792908872,-0.1448838105613269,-0.2172505640230674,-1.6482161020663058,0
0.0253030162548446,-0.2092336934971722,-0.419762441558433,0.2420578503398804,-0.2172505640230674,-0.8412913198535819,0
1.4113260819698277,0.241630670130438,-1.1979586554579795,-0.1448838105613269,-0.2172505640230674,-1.6482161020663058,0
-0.339439895775414,1.6391028446478448,-0.419762441558433,-0.1448838105613269,-0.2172505640230674,-0.0343665376408577,0
-1.2877714670540863,1.0853574424604662,-0.419762441558433,-0.1448838105613269,-0.2172505640230674,-0.0343665376408577,0
-1.43366863186619,-0.0282876666321128,-0.419762441558433,-0.1448838105613269,-0.2172505640230674,-0.0343665376408577,0
0.0253030162548446,-0.7889123889493407,-0.0306643346086596,-0.1448838105613269,-0.2172505640230674,0.5304808099080491,0
-0.9959771374298796,0.072273672457092,1.1366299862406606,-0.1448838105613269,-0.2172505640230674,-0.0343665376408577,0
1.4842746643758793,-0.1852508414198766,1.1366299862406606,-0.1448838105613269,4.685914606447738,0.7725582445718663,0
0.1712001810669481,-0.2260207431351686,-2.754351083257073,-0.1448838105613269,-0.2172505640230674,-0.0343665376408577,0
1.7031204115940344,1.4780778287463188,0.3584337723411137,-0.1448838105613269,-0.2172505640230674,-0.0343665376408577,0
-1.141874302241983,0.564371877694107,-0.419762441558433,-0.1448838105613269,-0.2172505640230674,2.7898702001036764,0
-0.850079972617776,1.1473549613716905,-0.419762441558433,-0.1448838105613269,-0.2172505640230674,0.7725582445718663,0
-0.1205941485572587,1.899060675928629,-0.419762441558433,-0.1448838105613269,-0.2172505640230674,0.3690958534655043,0
-0.9959771374298796,0.5552445703895224,0.3584337723411137,-0.1448838105613269,-0.2172505640230674,-0.0343665376408577,0
0.0253030162548446,-0.0025153321060968,1.1366299862406606,-0.1448838105613269,-0.2172505640230674,-0.0343665376408577,0
-1.2877714670540863,-0.6687424882130457,-0.0306643346086596,-0.1448838105613269,-0.2172505640230674,-1.809601058508851,0
0.8277374227214137,-0.9240041115860768,-0.0306643346086596,-0.1448838105613269,-0.2172505640230674,0.3690958534655043,0
-0.6312342253996209,-0.2584775994008493,1.1366299862406606,-0.1448838105613269,-0.2172505640230674,-0.4378289287472198,0
0.0982515986608963,0.2767859523108559,-0.419762441558433,-0.1448838105613269,-0.2172505640230674,-0.0343665376408577,0
-0.4123884781814657,-0.6202465670366115,-0.419762441558433,-0.1448838105613269,-0.2172505640230674,0.7725582445718663,0
-1.214822884648035,0.8186488123122867,-0.419762441558433,-0.1448838105613269,-0.2172505640230674,0.7725582445718663,0
-0.4123884781814657,0.3917294281175547,-0.419762441558433,-0.1448838105613269,-0.2172505640230674,0.7725582445718663,0
1.046583169939569,0.9929955308876204,-0.0306643346086596,-0.1448838105613269,-0.2172505640230674,0.6111732881293215,0
1.7031204115940344,-0.4500279667027704,-0.419762441558433,-0.1448838105613269,-0.2172505640230674,-0.8412913198535819,0
0.1712001810669481,-0.6879344507715447,1.5257280931904338,-0.1448838105613269,-0.2172505640230674,1.1760206356782283,0
-0.047645566151207,-0.0955400149562464,-0.0306643346086596,-0.1448838105613269,-0.2172505640230674,0.7725582445718663,0
1.4842746643758793,-1.1675536196730385,-2.3652529763073,0.5076191982027541,-0.2172505640230674,-0.0343665376408577,0
0.9736345875335172,-1.3640842397158428,-0.419762441558433,-0.1448838105613269,-0.2172505640230674,0.7725582445718663,0
-1.141874302241983,2.459471663533464,-0.0306643346086596,-0.1448838105613269,-0.2172505640230674,-0.0343665376408577,0
1.1924803347516724,-1.3082220892002314,-0.0306643346086596,-0.1448838105613269,-0.2172505640230674,2.5477927654398598,0
1.1924803347516724,-0.1992542516931968,-0.0306643346086596,-0.1448838105613269,-0.2172505640230674,-2.293755927836485,0
0.0982515986608963,0.4737710440866687,-0.419762441558433,-0.1448838105613269,-0.2172505640230674,0.7725582445718663,0
-0.1935427309633105,-1.325955954948662,-0.419762441558433,-0.1448838105613269,-0.2172505640230674,-0.0343665376408577,0
1.1195317523456203,-0.1983263719049714,-0.419762441558433,-0.1448838105613269,-0.2172505640230674,-0.0343665376408577,0
1.557223246781931,-1.4765849299576217,-1.1979586554579795,-0.1448838105613269,-0.2172505640230674,0.7725582445718663,0
0.0982515986608963,-0.681221524548567,-0.419762441558433,-0.1448838105613269,-0.2172505640230674,1.5794830267845903,0
-0.9230285550238276,-0.2414349094130356,-0.0306643346086596,-0.1448838105613269,-0.2172505640230674,-0.4378289287472198,0
-0.4123884781814657,-0.5282633819079394,-0.419762441558433,-0.1448838105613269,-0.2172505640230674,-0.0343665376408577,0
2.1408119060303448,-0.318789785635501,-1.5870567624077532,-0.1448838105613269,-0.2172505640230674,-1.6482161020663058,0
0.6818402579093102,0.8358145883944569,-0.0306643346086596,-0.1448838105613269,-0.2172505640230674,-0.0343665376408577,0
-1.43366863186619,-0.2878383669854105,-0.0306643346086596,-0.1448838105613269,-0.2172505640230674,-2.051678493172668,0
0.1712001810669481,0.046084738842485,1.1366299862406606,-0.1448838105613269,-0.2172505640230674,-0.0343665376408577,0
-0.2664913133693622,-0.2381305211876206,-0.419762441558433,-0.1448838105613269,-0.2172505640230674,-0.0343665376408577,0
1.265428917157724,-1.1600074952728787,1.5257280931904338,-0.1448838105613269,-0.2172505640230674,-0.0343665376408577,0
-0.6312342253996209,0.5962701124546316,-0.0306643346086596,-0.1448838105613269,-0.2172505640230674,-1.6482161020663058,0
-1.43366863186619,0.6685027135196484,-1.1979586554579795,-0.1448838105613269,-0.2172505640230674,-0.0343665376408577,0
1.9219661588121892,-1.0490217108077944,-0.0306643346086596,0.1622553240881583,-0.2172505640230674,-0.0343665376408577,0
-0.7771313902117244,0.0080984764918692,1.5257280931904338,-0.1448838105613269,-0.2172505640230674,-0.0343665376408577,0
1.7760689940000862,-0.3551191197928571,-0.419762441558433,-0.1448838105613269,-0.2172505640230674,-0.0343665376408577,0
0.8277374227214137,0.3908583572959553,1.1366299862406606,-0.1448838105613269,-0.2172505640230674,-0.0343665376408577,0
0.9736345875335172,-0.2380263714154729,-1.1979586554579795,-0.1448838105613269,-0.2172505640230674,-1.6482161020663058,0
0.3900459282851033,-1.0632428887865144,1.1366299862406606,-0.1448838105613269,-0.2172505640230674,0.7725582445718663,0
0.9006860051274654,0.8313172118698949,-0.419762441558433,-0.1448838105613269,-0.2172505640230674,-0.0343665376408577,0
0.1712001810669481,-0.668363761768872,-0.419762441558433,-0.1448838105613269,-0.2172505640230674,0.6918657663505939,0
-0.7041828078056727,2.4322696366806924,0.7475318792908872,-0.1448838105613269,-0.2172505640230674,0.7725582445718663,0
-0.7041828078056727,0.1790177207474315,-0.419762441558433,-0.1448838105613269,-0.2172505640230674,-0.0343665376408577,0
-0.850079972617776,-0.4318112247380185,-1.5870567624077532,-0.1448838105613269,-0.2172505640230674,2.7898702001036764,0
-0.7041828078056727,2.363189933263421,-0.419762441558433,-0.1448838105613269,-0.2172505640230674,-0.4378289287472198,0
-0.9230285550238276,3.4801773032258323,-0.419762441558433,-0.1448838105613269,-0.2172505640230674,-0.0343665376408577,0
-0.6312342253996209,-1.275746296612342,-0.419762441558433,-0.1448838105613269,-0.2172505640230674,1.1760206356782283,0
1.1195317523456203,0.3144597653450284,-0.419762441558433,-0.1448838105613269,-0.2172505640230674,0.3690958534655043,0
0.2441487634729998,1.019392764046523,0.7475318792908872,-0.1448838105613269,-0.2172505640230674,-0.7605988416323094,0
0.462994510691155,-0.2767511503322273,-0.419762441558433,-0.1448838105613269,-0.2172505640230674,1.1760206356782283,0
-1.141874302241983,-1.3133917051632016,-0.0306643346086596,-0.1448838105613269,-0.2172505640230674,-0.0343665376408577,0
0.6088916755032585,-0.1075645795587594,-1.9761548693575264,-0.1448838105613269,-0.2172505640230674,0.7725582445718663,0
-0.4123884781814657,-0.0677793665983188,0.3584337723411137,-0.1448838105613269,-0.2172505640230674,-0.0343665376408577,0
1.046583169939569,-0.8354484007771763,-0.419762441558433,-0.1448838105613269,-0.2172505640230674,0.7725582445718663,0
-0.1205941485572587,1.0062698927559064,-0.419762441558433,-0.1448838105613269,3.820358387684808,-0.0343665376408577,0
1.7760689940000862,-0.0165755513460431,1.5257280931904338,0.5274692383460396,-0.2172505640230674,0.3690958534655043,0
-1.43366863186619,0.0418998116343663,-0.0306643346086596,-0.1448838105613269,-0.2172505640230674,-0.0343665376408577,0
-1.214822884648035,-1.3217994322238562,1.1366299862406606,-0.1448838105613269,-0.2172505640230674,-0.4378289287472198,0
-0.850079972617776,-1.151637640856641,-0.0306643346086596,-0.1448838105613269,-0.2172505640230674,0.3690958534655043,0
-1.43366863186619,-1.4301720042241424,-1.1979586554579795,-0.1448838105613269,-0.2172505640230674,-2.45514088427903,0
1.6301718291879828,0.3565930822593455,1.1366299862406606,-0.1448838105613269,-0.2172505640230674,-0.0343665376408577,0
-0.047645566151207,-1.5129710730816035,1.1366299862406606,-0.1448838105613269,-0.2172505640230674,0.6111732881293215,0
-0.047645566151207,-0.764673896522228,-0.419762441558433,-0.1448838105613269,-0.2172505640230674,-0.0343665376408577,0
1.3383774995637758,0.0582323895393544,-0.419762441558433,-0.1448838105613269,-0.2172505640230674,-0.0343665376408577,0
0.3900459282851033,0.9191722787570744,1.1366299862406606,-0.1448838105613269,-0.2172505640230674,0.7725582445718663,0
0.2441487634729998,0.629721125636268,-0.0306643346086596,-0.1448838105613269,-0.2172505640230674,0.6111732881293215,0
-1.0689257198359312,4.392321007695828,-0.419762441558433,-0.1448838105613269,-0.2172505640230674,-0.0343665376408577,0
-0.1205941485572587,-1.2247697172265706,-0.419762441558433,-0.1448838105613269,-0.2172505640230674,-0.0343665376408577,0
-1.0689257198359312,-0.7204575841649558,-0.0306643346086596,-0.1448838105613269,-0.2172505640230674,-0.0343665376408577,0
-0.6312342253996209,-1.379668832893588,0.7475318792908872,-0.1448838105613269,-0.2172505640230674,-0.0343665376408577,0
-1.360720049460138,-0.1263872838341891,-0.8088605485082063,-0.1448838105613269,-0.2172505640230674,-0.0343665376408577,0
0.1712001810669481,2.232349414962534,1.1366299862406606,1.8701635077678724,-0.2172505640230674,0.7725582445718663,0
-0.047645566151207,0.1055542587388503,1.9148262001402072,-0.1448838105613269,-0.2172505640230674,-0.0343665376408577,0
0.1712001810669481,-0.1485427808183469,-0.419762441558433,-0.1448838105613269,-0.2172505640230674,-0.0343665376408577,0
-0.9959771374298796,0.5298225578243669,-0.0306643346086596,-0.1448838105613269,-0.2172505640230674,-2.051678493172668,0
-0.4123884781814657,-0.5317950059998586,-0.419762441558433,0.2085273771248711,-0.2172505640230674,-1.970986014951396,0
0.6818402579093102,-0.0978313099434969,-0.419762441558433,-0.1448838105613269,-0.2172505640230674,1.5794830267845903,0
-0.4853370605875174,-1.1907127417342562,-0.419762441558433,-0.1448838105613269,-0.2172505640230674,-0.0343665376408577,0
-0.4123884781814657,-0.181122723178384,-0.419762441558433,-0.1448838105613269,-0.2172505640230674,-0.0343665376408577,0
2.1408119060303448,-0.5668366702470243,-0.419762441558433,-0.1448838105613269,-0.2172505640230674,-2.293755927836485,0
1.3383774995637758,-0.1555397518744548,1.1366299862406606,-0.1448838105613269,-0.2172505640230674,-0.4378289287472198,0
-1.141874302241983,0.1008201781866799,0.7475318792908872,-0.1448838105613269,-0.2172505640230674,-1.6482161020663058,0
-1.141874302241983,0.0433389721222261,-0.0306643346086596,-0.1448838105613269,-0.2172505640230674,-0.0343665376408577,0
-0.2664913133693622,-1.4456051068242182,-0.419762441558433,-0.1448838105613269,-0.2172505640230674,-0.0343665376408577,0
2.067863323624293,-0.924174538485955,-0.419762441558433,-0.1448838105613269,-0.2172505640230674,-2.616525840721575,0
-0.850079972617776,0.2756308366561263,-0.419762441558433,-0.1448838105613269,-0.2172505640230674,0.7725582445718663,0
-1.0689257198359312,-0.0710742866626294,-1.1979586554579795,-0.1448838105613269,-0.2172505640230674,-0.0343665376408577,0
-0.4853370605875174,-1.3152853373840698,-0.419762441558433,-0.1448838105613269,-0.2172505640230674,-0.0343665376408577,0
0.6088916755032585,-0.6584032562871054,1.1366299862406606,-0.1448838105613269,-0.2172505640230674,-0.0343665376408577,0
-0.2664913133693622,0.0185418581899573,-0.0306643346086596,-0.1448838105613269,-0.2172505640230674,-0.0343665376408577,0
2.286709070842448,-0.7981059733816557,-0.0306643346086596,-0.1448838105613269,-0.2172505640230674,-0.0343665376408577,0
1.4842746643758793,-0.3865439464981646,-0.419762441558433,-0.1448838105613269,-0.2172505640230674,-0.0343665376408577,0
2.286709070842448,-0.8695432489139079,-0.419762441558433,-0.1448838105613269,-0.2172505640230674,-2.939295753606664,0
0.0253030162548446,-0.44285110058568,0.3584337723411137,-0.1448838105613269,-0.2172505640230674,0.7725582445718663,0
-1.141874302241983,-0.8179796435396672,-0.0306643346086596,-0.1448838105613269,-0.2172505640230674,-1.3254461891812162,0
0.8277374227214137,-0.8539681238972671,1.5257280931904338,-0.1448838105613269,-0.2172505640230674,-0.4378289287472198,0
1.4113260819698277,-0.1864059570746062,-0.0306643346086596,-0.1448838105613269,-0.2172505640230674,-0.0343665376408577,0
-1.360720049460138,-0.6939656693950099,-1.9761548693575264,-0.1448838105613269,-0.2172505640230674,-0.0343665376408577,0
-1.360720049460138,-0.572157776787664,-0.0306643346086596,-0.1448838105613269,-0.2172505640230674,-1.2447537109599438,0
0.2441487634729998,-0.0486915538119675,-0.0306643346086596,-0.1448838105613269,-0.2172505640230674,0.3690958534655043,0
0.462994510691155,0.7685527719092189,-0.0306643346086596,-0.1448838105613269,-0.2172505640230674,-0.0343665376408577,0
0.3170973458790516,-0.1446229621211497,1.5257280931904338,-0.1448838105613269,-0.2172505640230674,0.7725582445718663,0
-0.1205941485572587,0.0953381129072665,-0.0306643346086596,-0.1448838105613269,-0.2172505640230674,-0.0343665376408577,0
1.4842746643758793,0.3068757683004513,1.1366299862406606,-0.1448838105613269,-0.2172505640230674,-0.4378289287472198,0
0.0982515986608963,0.1250018616471666,0.7475318792908872,-0.1448838105613269,-0.2172505640230674,0.3690958534655043,0
-0.9959771374298796,1.1614435850949498,0.3584337723411137,-0.1448838105613269,-0.2172505640230674,-0.0343665376408577,0
2.2137604884363964,0.0283130004496371,-0.419762441558433,-0.1448838105613269,-0.2172505640230674,-1.6482161020663058,0
-1.2877714670540863,-0.4430594001299755,-1.5870567624077532,-0.1448838105613269,-0.2172505640230674,0.2884033752442319,0
0.9736345875335172,0.6747801043318264,-0.0306643346086596,-0.1448838105613269,-0.2172505640230674,1.5794830267845903,0
-1.5795657966782934,0.4093118032883157,-1.1979586554579795,-0.1448838105613269,-0.2172505640230674,-1.2447537109599438,0
-1.214822884648035,1.64319309024492,-0.0306643346086596,-0.1448838105613269,-0.2172505640230674,-1.6482161020663058,0
1.3383774995637758,0.851815780660793,0.3584337723411137,-0.1448838105613269,-0.2172505640230674,-0.0343665376408577,0
0.6818402579093102,-0.6461609239791926,1.1366299862406606,-0.1448838105613269,-0.2172505640230674,1.1760206356782283,0
-0.2664913133693622,2.041471287099021,1.5257280931904338,-0.1448838105613269,-0.2172505640230674,-0.4378289287472198,0
0.9736345875335172,1.3691276989186678,1.1366299862406606,-0.1448838105613269,-0.2172505640230674,1.5794830267845903,0
-0.2664913133693622,-0.8594217846933675,-0.0306643346086596,-0.1448838105613269,-0.2172505640230674,-0.0343665376408577,0
1.3383774995637758,0.9237075279260536,-0.419762441558433,-0.1448838105613269,-0.2172505640230674,0.6111732881293215,0
-0.6312342253996209,-1.1488634696530693,1.1366299862406606,-0.1448838105613269,-0.2172505640230674,-0.0343665376408577,0
1.7031204115940344,-0.7158844623515591,-0.419762441558433,-0.1448838105613269,-0.2172505640230674,-0.0343665376408577,0
0.6088916755032585,-0.2955833227687613,1.5257280931904338,-0.1448838105613269,-0.2172505640230674,-3.1006807100492093,0
0.0253030162548446,1.3014019425393173,-0.419762441558433,-0.1448838105613269,-0.2172505640230674,-0.0343665376408577,0
-0.1935427309633105,0.3196767221135203,0.3584337723411137,-0.1448838105613269,-0.2172505640230674,1.0146356792356834,0
1.1195317523456203,-0.4545348113884367,-0.419762441558433,-0.1448838105613269,-0.2172505640230674,-2.051678493172668,0
0.1712001810669481,-0.1464597853753919,-0.419762441558433,-0.1448838105613269,-0.2172505640230674,-0.0343665376408577,0
-0.7041828078056727,2.190888337486625,-0.419762441558433,-0.1448838105613269,-0.2172505640230674,0.6111732881293215,0
1.557223246781931,-0.5474269399831255,-2.754351083257073,-0.1448838105613269,-0.2172505640230674,-0.8412913198535819,0
-0.5582856429935692,1.6933554077757182,0.7475318792908872,-0.1448838105613269,-0.2172505640230674,-0.0343665376408577,0
1.9219661588121892,-1.5400689501622276,-2.3652529763073,-0.1448838105613269,-0.2172505640230674,0.7725582445718663,0
-0.9230285550238276,-0.3239120607929494,1.1366299862406606,-0.1448838105613269,-0.2172505640230674,0.3690958534655043,0
0.3170973458790516,0.0033170551341771,1.1366299862406606,-0.1448838105613269,-0.2172505640230674,-0.0343665376408577,0
0.6088916755032585,-1.3066598426180152,-1.1979586554579795,-0.1448838105613269,-0.2172505640230674,1.5794830267845903,0
-0.850079972617776,-0.1468195754973568,-0.0306643346086596,-0.1448838105613269,-0.2172505640230674,-0.0343665376408577,0
-0.339439895775414,1.4741012010824956,1.1366299862406606,-0.1448838105613269,-0.2172505640230674,-0.0343665376408577,0
-0.5582856429935692,0.0360484880718836,-0.419762441558433,-0.1448838105613269,-0.2172505640230674,1.1760206356782283,0
0.754788840315362,0.0251222301574742,-0.419762441558433,-0.1448838105613269,-0.2172505640230674,-0.0343665376408577,0
0.3170973458790516,0.3117518712691869,-0.0306643346086596,-0.1448838105613269,-0.2172505640230674,0.3690958534655043,0
-0.339439895775414,1.4350829091715067,-0.419762441558433,-0.1448838105613269,-0.2172505640230674,-0.0343665376408577,0
-0.850079972617776,0.0009973556636135,-0.8088605485082063,-0.1448838105613269,-0.2172505640230674,0.2884033752442319,0
-0.047645566151207,-0.1186896688563599,-0.419762441558433,-0.1448838105613269,-0.2172505640230674,-0.0343665376408577,0
-0.850079972617776,0.5173908622943674,-0.419762441558433,-0.1448838105613269,-0.2172505640230674,-0.0343665376408577,0
-0.850079972617776,-0.1385728071754759,1.1366299862406606,-0.1448838105613269,-0.2172505640230674,-0.0343665376408577,0
-0.2664913133693622,-0.1282619797328486,-1.5870567624077532,-0.1448838105613269,-0.2172505640230674,1.5794830267845903,0
-0.2664913133693622,2.058362486509165,-3.1434491902068467,-0.1448838105613269,-0.2172505640230674,-0.0343665376408577,0
-1.0689257198359312,0.3797048635150417,1.1366299862406606,-0.1448838105613269,-0.2172505640230674,-0.0343665376408577,0
0.0982515986608963,0.7527030702205523,-0.419762441558433,-0.1448838105613269,-0.2172505640230674,-0.0343665376408577,0
2.5055548180606038,0.0038662084782288,-0.0306643346086596,-0.1448838105613269,-0.2172505640230674,-0.4378289287472198,0
-1.360720049460138,-1.0275289851009406,-0.0306643346086596,-0.1448838105613269,-0.2172505640230674,-1.2447537109599438,0
1.7760689940000862,-1.5040804698046275,1.5257280931904338,-0.1448838105613269,-0.2172505640230674,0.7725582445718663,0
-0.5582856429935692,-0.78806025444995,-0.419762441558433,-0.1448838105613269,-0.2172505640230674,-0.0343665376408577,0
-0.2664913133693622,1.4417484945889627,-0.0306643346086596,-0.1448838105613269,-0.2172505640230674,0.7725582445718663,0
0.3900459282851033,-0.6433772846145164,1.1366299862406606,1.8701635077678724,-0.2172505640230674,0.6111732881293215,0
0.3170973458790516,-0.7016632843728391,1.1366299862406606,-0.1448838105613269,-0.2172505640230674,0.127018418801687,0
-0.4123884781814657,0.1430671130342491,-0.0306643346086596,1.8701635077678724,-0.2172505640230674,-0.0343665376408577,0
0.8277374227214137,1.27665216941257,-0.419762441558433,-0.1448838105613269,-0.2172505640230674,0.6111732881293215,0
0.0253030162548446,-1.4931826163735311,-0.419762441558433,-0.1448838105613269,-0.2172505640230674,3.1933325912100385,0
-1.2877714670540863,-0.7547796681681916,-0.419762441558433,-0.1448838105613269,-0.2172505640230674,-0.0343665376408577,0
0.754788840315362,0.5823897882756678,-2.3652529763073,0.1779475855527826,-0.2172505640230674,0.7725582445718663,0
-1.2877714670540863,-1.3914756297907012,-0.0306643346086596,-0.1448838105613269,-0.2172505640230674,-0.8412913198535819,0
-1.0689257198359312,-0.6676347133638378,-0.419762441558433,-0.1448838105613269,-0.2172505640230674,0.7725582445718663,0
-1.214822884648035,-0.6805776895934719,-0.0306643346086596,-0.1448838105613269,-0.2172505640230674,-0.0343665376408577,0
-1.141874302241983,1.236772274841086,-0.419762441558433,-0.1448838105613269,-0.2172505640230674,-0.0343665376408577,0
-0.9230285550238276,-1.5042698330267146,1.1366299862406606,-0.1448838105613269,-0.2172505640230674,1.1760206356782283,0
-1.0689257198359312,-0.6290992976691703,1.1366299862406606,-0.1448838105613269,-0.2172505640230674,-0.0343665376408577,0
0.0253030162548446,1.508186581058123,-0.419762441558433,-0.1448838105613269,-0.2172505640230674,-0.0343665376408577,0
1.4113260819698277,-1.163463374075963,-0.419762441558433,-0.1448838105613269,-0.2172505640230674,-0.0343665376408577,0
-1.360720049460138,-0.2530334067658533,-0.0306643346086596,-0.1448838105613269,-0.2172505640230674,-0.0343665376408577,0
1.3383774995637758,-0.2651810574627227,-0.419762441558433,0.4787829912378462,-0.2172505640230674,-0.0343665376408577,0
0.754788840315362,0.0573518505566507,-0.419762441558433,-0.1448838105613269,-0.2172505640230674,-0.0343665376408577,0
-0.7041828078056727,-1.0050705069614438,-1.9761548693575264,-0.1448838105613269,-0.2172505640230674,-0.0343665376408577,0
-0.047645566151207,0.1334190568689257,0.3584337723411137,0.1708391252312007,-0.2172505640230674,-0.0343665376408577,0
-1.5795657966782934,-0.311821219062706,-1.5870567624077532,-0.1448838105613269,-0.2172505640230674,-2.293755927836485,0
0.3170973458790516,-0.3584708488237937,-0.419762441558433,-0.1448838105613269,-0.2172505640230674,-0.8412913198535819,0
0.0982515986608963,-0.628341844780823,1.9148262001402072,-0.1448838105613269,-0.2172505640230674,0.3690958534655043,0
-0.339439895775414,-0.5284054043245046,-0.419762441558433,-0.1448838105613269,-0.2172505640230674,-1.2447537109599438,0
-0.4123884781814657,-1.2282634686740723,-0.419762441558433,-0.1448838105613269,-0.2172505640230674,-0.0343665376408577,0
1.1924803347516724,2.240103838906989,-0.419762441558433,-0.1448838105613269,-0.2172505640230674,-0.0343665376408577,0
-0.2664913133693622,1.0216556545504605,0.7475318792908872,-0.1448838105613269,-0.2172505640230674,4.726489677414214,0
0.5359430930972068,-0.3338915025969247,-1.5870567624077532,-0.1448838105613269,-0.2172505640230674,0.3690958534655043,0
1.1195317523456203,0.8370454493380212,-0.419762441558433,0.5495993506679457,-0.2172505640230674,-0.0343665376408577,0
0.462994510691155,-1.027652071195297,-0.0306643346086596,-0.1448838105613269,-0.2172505640230674,1.1760206356782283,0
-0.7041828078056727,-0.2030793887793505,-0.419762441558433,-0.1448838105613269,-0.2172505640230674,-0.0343665376408577,0
-0.2664913133693622,-0.6138555582911814,-0.0306643346086596,-0.1448838105613269,-0.2172505640230674,-0.3571364505259474,0
-0.6312342253996209,0.6372104410698017,1.5257280931904338,-0.1448838105613269,-0.2172505640230674,-0.4378289287472198,0
-1.5795657966782934,-1.298877014190247,-1.1979586554579795,-0.1448838105613269,-0.2172505640230674,-2.293755927836485,0
1.4842746643758793,0.0721505863627356,-1.9761548693575264,-0.1448838105613269,-0.2172505640230674,-0.0343665376408577,0
-0.9230285550238276,-0.3584613806626894,-1.5870567624077532,-0.1448838105613269,-0.2172505640230674,-0.0343665376408577,0
0.6818402579093102,0.0664602215390267,1.1366299862406606,-0.1448838105613269,-0.2172505640230674,-0.0343665376408577,0
-0.4853370605875174,-0.2998345271046104,-0.0306643346086596,-0.1448838105613269,-0.2172505640230674,1.1760206356782283,0
-0.1935427309633105,-0.0172572589455556,1.1366299862406606,0.8862453017466392,-0.2172505640230674,-0.0343665376408577,0
0.462994510691155,-0.1207442598160019,-0.419762441558433,-0.1448838105613269,-0.2172505640230674,-0.0343665376408577,0
0.6818402579093102,-0.7666432740319308,-0.419762441558433,-0.1448838105613269,-0.2172505640230674,-0.0343665376408577,0
2.578503400466655,-1.4181379714605251,-0.0306643346086596,-0.1448838105613269,-0.2172505640230674,-1.809601058508851,0
-0.4853370605875174,-1.3728138842540452,1.1366299862406606,-0.1448838105613269,-0.2172505640230674,-0.0343665376408577,0
-1.43366863186619,1.1035647162641138,-0.419762441558433,-0.1448838105613269,-0.2172505640230674,-1.2447537109599438,0
0.3170973458790516,0.2558991889146798,-0.0306643346086596,-0.1448838105613269,-0.2172505640230674,-0.6799063634110369,0
-1.2877714670540863,-0.7669178507039567,-0.419762441558433,-0.1448838105613269,-0.2172505640230674,-0.0343665376408577,0
1.1195317523456203,0.0257187243070477,-0.0306643346086596,0.8339377635312247,-0.2172505640230674,-0.1957514940834025,0
0.9006860051274654,-0.7691428685634768,-0.8088605485082063,-0.1448838105613269,-0.2172505640230674,-0.0343665376408577,0
0.9736345875335172,-0.5443403194631103,1.1366299862406606,-0.1448838105613269,-0.2172505640230674,0.7725582445718663,0
1.265428917157724,0.3370413295788815,-0.0306643346086596,1.7440889284794374,-0.2172505640230674,1.5794830267845903,0
0.3170973458790516,1.2943860351610006,-0.419762441558433,-0.1448838105613269,-0.2172505640230674,-0.0343665376408577,0
-0.6312342253996209,-0.0425372490941459,-1.1979586554579795,-0.1448838105613269,-0.2172505640230674,0.6918657663505939,0
-0.2664913133693622,-0.6336345468381496,1.1366299862406606,-0.1448838105613269,-0.2172505640230674,0.7725582445718663,0
1.1195317523456203,0.6406852561950949,-0.0306643346086596,-0.1448838105613269,-0.2172505640230674,-0.0343665376408577,0
-0.5582856429935692,-0.0067097274753199,0.7475318792908872,-0.1448838105613269,-0.2172505640230674,-0.0343665376408577,0
-0.2664913133693622,1.4858890616574,-0.0306643346086596,-0.1448838105613269,-0.2172505640230674,-1.6482161020663058,0
-0.4123884781814657,0.5113217710264848,-0.419762441558433,-0.1448838105613269,-0.2172505640230674,0.4497883316867767,0
0.6818402579093102,0.1416374207074936,2.3039243070899804,1.8701635077678724,-0.2172505640230674,0.3690958534655043,0
0.5359430930972068,2.6730544417251862,-0.419762441558433,-0.1448838105613269,-0.2172505640230674,0.4497883316867767,0
-1.43366863186619,-1.2037409314138294,1.1366299862406606,-0.1448838105613269,-0.2172505640230674,-0.0343665376408577,0
0.3170973458790516,1.0841549860002149,1.5257280931904338,-0.1448838105613269,-0.2172505640230674,0.7725582445718663,0
1.9949147412182413,-0.5920503832678843,1.1366299862406606,-0.1448838105613269,-0.2172505640230674,-0.0343665376408577,0
-1.0689257198359312,0.067662677999278,-0.0306643346086596,-0.1448838105613269,-0.2172505640230674,0.7725582445718663,0
-0.5582856429935692,1.7626244744150763,1.1366299862406606,-0.1448838105613269,-0.2172505640230674,1.1760206356782283,0
-1.2877714670540863,0.5801079614495216,-0.0306643346086596,-0.1448838105613269,-0.2172505640230674,-0.4378289287472198,0
0.6088916755032585,-0.8266714154334522,1.1366299862406606,-0.1448838105613269,-0.2172505640230674,-0.8412913198535819,0
-1.141874302241983,0.1875958747079644,1.1366299862406606,-0.1448838105613269,-0.2172505640230674,0.7725582445718663,0
0.9736345875335172,0.0005523520917095,-0.419762441558433,-0.1448838105613269,-0.2172505640230674,0.7725582445718663,0
-0.9230285550238276,0.358079583552727,-0.0306643346086596,-0.1448838105613269,-0.2172505640230674,-0.0343665376408577,0
-1.2877714670540863,2.143907322086885,-0.419762441558433,-0.1448838105613269,-0.2172505640230674,-0.0343665376408577,0
-0.9959771374298796,-1.554413214235304,-0.0306643346086596,0.4051500720576858,-0.2172505640230674,-0.0343665376408577,0
1.8490175764061376,-1.5853646328853943,-0.0306643346086596,-0.1448838105613269,-0.2172505640230674,-2.45514088427903,0
0.462994510691155,2.0745057011920665,-0.0306643346086596,-0.1448838105613269,-0.2172505640230674,-0.0343665376408577,0
-0.9959771374298796,-1.0261939743852284,-0.419762441558433,0.146697184516394,-0.2172505640230674,-0.0343665376408577,0
1.4842746643758793,-1.3865995268219655,-0.0306643346086596,-0.1448838105613269,-0.2172505640230674,0.2077108970229594,0
0.462994510691155,-0.1148171909646845,-0.419762441558433,-0.1448838105613269,-0.2172505640230674,0.7725582445718663,0
0.0253030162548446,0.8488522462351342,-0.419762441558433,-0.1448838105613269,-0.2172505640230674,-0.0343665376408577,0
-1.141874302241983,-0.9943620167524344,-0.0306643346086596,-0.1448838105613269,-0.2172505640230674,-1.2447537109599438,0
0.3900459282851033,-0.9252349725296412,-0.419762441558433,-0.1448838105613269,-0.2172505640230674,-0.0343665376408577,0
1.265428917157724,0.0212781567491118,0.7475318792908872,0.4051500720576858,-0.2172505640230674,-0.0343665376408577,0
1.557223246781931,-1.4495912026491458,-1.9761548693575264,-0.1448838105613269,-0.2172505640230674,2.386407808997314,0
-0.5582856429935692,0.0759283826433676,-0.419762441558433,-0.1448838105613269,-0.2172505640230674,-0.1957514940834025,0
3.745680718963482,1.4903296292153358,-0.0306643346086596,-0.1448838105613269,4.604071181750956,-2.293755927836485,0
0.3900459282851033,0.2818798229849913,-1.5870567624077532,-0.1448838105613269,-0.2172505640230674,-0.4378289287472198,0
0.5359430930972068,-0.8241244800963845,1.5257280931904338,-0.1448838105613269,-0.2172505640230674,-0.0343665376408577,0
0.5359430930972068,-0.1317557311803504,1.5257280931904338,-0.1448838105613269,4.435424124800013,1.5794830267845903,0
-0.6312342253996209,-0.10252751785125,1.1366299862406606,-0.1448838105613269,-0.2172505640230674,-0.0343665376408577,0
0.754788840315362,-1.3470036770836118,1.1366299862406606,-0.1448838105613269,-0.2172505640230674,-0.0343665376408577,0
1.1924803347516724,-0.1550284711748204,1.5257280931904338,-0.1448838105613269,-0.2172505640230674,0.3690958534655043,0
0.9736345875335172,-0.681666528120471,-0.419762441558433,-0.1448838105613269,-0.2172505640230674,1.1760206356782283,0
1.3383774995637758,-0.0239701851685334,-0.419762441558433,-0.1448838105613269,-0.2172505640230674,-0.0343665376408577,0
-0.7771313902117244,2.090383807364046,1.1366299862406606,-0.1448838105613269,-0.2172505640230674,0.6111732881293215,0
-0.339439895775414,-1.525336491483873,-0.419762441558433,-0.1448838105613269,-0.2172505640230674,1.5794830267845903,0
-1.141874302241983,0.0938894842583023,-0.419762441558433,-0.1448838105613269,-0.2172505640230674,-0.0343665376408577,0
0.6088916755032585,-1.3395048934889735,1.1366299862406606,-0.1448838105613269,-0.2172505640230674,2.5477927654398598,0
0.5359430930972068,0.2520645836674217,-0.419762441558433,-0.1448838105613269,-0.2172505640230674,0.3690958534655043,0
0.754788840315362,-0.0654975397721726,2.3039243070899804,-0.1448838105613269,-0.2172505640230674,-0.4378289287472198,0
-0.339439895775414,1.1442778090127796,-0.419762441558433,-0.1448838105613269,-0.2172505640230674,-2.45514088427903,0
-1.141874302241983,0.0419092797954707,1.1366299862406606,-0.1448838105613269,-0.2172505640230674,-0.0343665376408577,0
-0.7771313902117244,1.1250385056487588,-0.419762441558433,-0.1448838105613269,-0.2172505640230674,-1.890293536730123,0
-0.047645566151207,-0.9951005333185728,-0.0306643346086596,-0.1448838105613269,-0.2172505640230674,-0.0343665376408577,0
-0.1205941485572587,0.2894164792240467,1.1366299862406606,0.5495993506679457,-0.2172505640230674,-0.0343665376408577,0
-0.5582856429935692,0.2982218690510837,1.1366299862406606,-0.1448838105613269,-0.2172505640230674,-0.8412913198535819,0
1.265428917157724,-0.4290843943399683,-0.419762441558433,-0.1448838105613269,-0.2172505640230674,4.000257373422762,0
1.7031204115940344,-0.5817206195030483,1.5257280931904338,-0.1448838105613269,-0.2172505640230674,0.6111732881293215,0
-0.047645566151207,-0.2018106551913689,-0.419762441558433,-0.1448838105613269,-0.2172505640230674,0.6111732881293215,0
1.8490175764061376,-0.2063364361992438,-0.419762441558433,-0.1448838105613269,-0.2172505640230674,1.5794830267845903,0
-1.0689257198359312,-0.8710108138850807,-0.0306643346086596,-0.1448838105613269,-0.2172505640230674,-0.0343665376408577,0
1.046583169939569,-0.0645223191784255,-1.5870567624077532,-0.1448838105613269,-0.2172505640230674,0.6111732881293215,0
0.9006860051274654,-1.037205445749577,-0.0306643346086596,-0.1448838105613269,-0.2172505640230674,-0.4378289287472198,0
0.3170973458790516,-0.4061809126285676,-0.419762441558433,-0.1448838105613269,-0.2172505640230674,-0.0343665376408577,0
-0.1205941485572587,-0.6884267951489704,1.1366299862406606,-0.1448838105613269,-0.2172505640230674,0.3690958534655043,0
-0.6312342253996209,0.3264369891420197,-0.419762441558433,-0.1448838105613269,-0.2172505640230674,-0.0343665376408577,0
0.6088916755032585,6.243280226466747,-0.8088605485082063,-0.1448838105613269,-0.2172505640230674,-0.0343665376408577,0
-0.5582856429935692,0.0861634647971601,1.1366299862406606,-0.1448838105613269,-0.2172505640230674,1.5794830267845903,0
1.3383774995637758,-0.0723524884117155,0.7475318792908872,-0.1448838105613269,-0.2172505640230674,-0.4378289287472198,0
-0.2664913133693622,4.531929043179335,1.1366299862406606,-0.1448838105613269,4.098130010898126,3.1933325912100385,0
-1.0689257198359312,-0.1906666295715596,0.7475318792908872,-0.1448838105613269,-0.2172505640230674,-2.051678493172668,0
0.0253030162548446,1.6009082827529335,0.3584337723411137,0.8862453017466392,-0.2172505640230674,-0.0343665376408577,0
0.3900459282851033,-0.7329082160171642,1.1366299862406606,0.5495993506679457,-0.2172505640230674,-0.0343665376408577,0
-1.360720049460138,0.3658150711749736,-0.419762441558433,-0.1448838105613269,-0.2172505640230674,-0.6799063634110369,0
-0.5582856429935692,1.3511950017870462,-0.419762441558433,-0.1448838105613269,-0.2172505640230674,-0.0343665376408577,0
1.8490175764061376,0.583450222319354,-2.754351083257073,-0.1448838105613269,-0.2172505640230674,-1.6482161020663058,0
-0.2664913133693622,-0.4649403204421074,-0.0306643346086596,0.5274692383460396,-0.2172505640230674,-0.0343665376408577,0
0.0253030162548446,-0.6336818876436713,0.7475318792908872,1.8701635077678724,-0.2172505640230674,1.1760206356782283,0
0.0253030162548446,0.0380557382260039,-0.419762441558433,-0.1448838105613269,-0.2172505640230674,1.9829454178909525,0
1.1924803347516724,1.3694590845573198,-0.419762441558433,-0.1448838105613269,-0.2172505640230674,-0.8412913198535819,0
1.9949147412182413,2.217569615478657,-0.419762441558433,-0.1448838105613269,-0.2172505640230674,-0.0343665376408577,0
-0.5582856429935692,-0.6349411530705487,-0.419762441558433,-0.1448838105613269,-0.2172505640230674,-0.0343665376408577,0
-0.9959771374298796,-1.4026480598938234,1.1366299862406606,-0.1448838105613269,-0.2172505640230674,-0.8412913198535819,0
1.046583169939569,-0.307153415638266,0.7475318792908872,-0.1448838105613269,-0.2172505640230674,-0.0343665376408577,0
-1.0689257198359312,0.5272945588095079,-0.419762441558433,-0.1448838105613269,-0.2172505640230674,-0.0343665376408577,0
-1.43366863186619,1.4693481842081164,-0.419762441558433,-0.1448838105613269,-0.2172505640230674,-1.6482161020663058,0
-1.2877714670540863,0.2152807777770573,-0.419762441558433,-0.1448838105613269,-0.2172505640230674,-0.0343665376408577,0
0.3170973458790516,0.6731042398163581,-0.419762441558433,-0.1448838105613269,-0.2172505640230674,-0.0343665376408577,0
1.3383774995637758,-0.3342418245577853,1.1366299862406606,-0.1448838105613269,-0.2172505640230674,0.7725582445718663,0
-0.047645566151207,-0.8799487579675785,-1.9761548693575264,-0.1448838105613269,-0.2172505640230674,1.5794830267845903,0
0.6818402579093102,-1.318068976748746,-0.419762441558433,-0.1448838105613269,-0.2172505640230674,-0.0343665376408577,0
-0.850079972617776,0.691680771903075,-0.0306643346086596,-0.1448838105613269,-0.2172505640230674,-0.0343665376408577,0
-0.850079972617776,2.0789841413944194,-0.419762441558433,-0.1448838105613269,-0.2172505640230674,-0.0343665376408577,0
1.3383774995637758,0.296508131891198,-0.419762441558433,-0.1448838105613269,-0.2172505640230674,-0.0343665376408577,0
-0.4123884781814657,1.629918728376634,-0.419762441558433,-0.1448838105613269,-0.2172505640230674,0.7725582445718663,0
1.6301718291879828,1.3180753742440616,1.1366299862406606,-0.1448838105613269,4.499906823045962,-0.0343665376408577,0
2.286709070842448,-0.5889826990700778,-0.419762441558433,-0.1448838105613269,-0.2172505640230674,-0.0343665376408577,0
-0.7771313902117244,-0.5276858240805746,1.1366299862406606,1.8701635077678724,-0.2172505640230674,1.1760206356782283,0
0.9736345875335172,-0.4924547966113221,-1.1979586554579795,-0.1448838105613269,-0.2172505640230674,-0.0343665376408577,0
0.0253030162548446,0.1307774399208146,1.5257280931904338,0.8339377635312247,-0.2172505640230674,-0.0343665376408577,0
0.5359430930972068,-0.146242017669992,0.3584337723411137,-0.1448838105613269,-0.2172505640230674,-0.0343665376408577,0
2.432606235654552,0.5670418991255312,-0.419762441558433,-0.1448838105613269,-0.2172505640230674,-1.2447537109599438,0
-1.214822884648035,-1.4548649683842636,0.3584337723411137,-0.1448838105613269,-0.2172505640230674,-0.8412913198535819,0
0.6088916755032585,0.2370102075115197,-0.419762441558433,-0.1448838105613269,-0.2172505640230674,-0.276443972304675,0
-1.0689257198359312,-0.2316732353144601,-0.0306643346086596,-0.1448838105613269,-0.2172505640230674,0.3690958534655043,0
-0.4123884781814657,-0.2363505069000046,0.7475318792908872,0.146697184516394,-0.2172505640230674,1.1760206356782283,0
-0.9230285550238276,1.7142800438163115,1.1366299862406606,-0.1448838105613269,4.685914606447738,-0.0343665376408577,0
1.4113260819698277,2.6905326671237995,-2.3652529763073,-0.1448838105613269,-0.2172505640230674,0.3690958534655043,0
0.754788840315362,1.3170812173281057,-0.419762441558433,-0.1448838105613269,-0.2172505640230674,-0.0343665376408577,0
1.8490175764061376,-0.6673885411751249,-0.419762441558433,-0.1448838105613269,-0.2172505640230674,-0.0343665376408577,0
0.0253030162548446,-1.456010615877889,1.1366299862406606,-0.1448838105613269,-0.2172505640230674,0.7725582445718663,0
-0.5582856429935692,1.1357091232133512,1.5257280931904338,-0.1448838105613269,-0.2172505640230674,-2.7779107971641195,0
0.3900459282851033,-0.4988174008734392,1.9148262001402072,-0.1448838105613269,4.685914606447738,0.7725582445718663,0
-0.9230285550238276,-0.9021042549517364,-1.1979586554579795,-0.1448838105613269,-0.2172505640230674,-1.6482161020663058,0
0.9006860051274654,-0.7067476868858702,-0.419762441558433,-0.1448838105613269,-0.2172505640230674,-0.0343665376408577,0
0.2441487634729998,-0.1339144719121401,-0.419762441558433,-0.1448838105613269,-0.2172505640230674,-0.0343665376408577,0
1.046583169939569,1.756006229803142,-0.0306643346086596,-0.1448838105613269,-0.2172505640230674,1.5794830267845903,0
0.1712001810669481,-0.632593049116672,-0.419762441558433,-0.1448838105613269,-0.2172505640230674,-0.0343665376408577,0
-0.339439895775414,-0.7224743024801804,-0.0306643346086596,-0.1448838105613269,-0.2172505640230674,-0.0343665376408577,0
0.9736345875335172,-0.3764698230831458,1.9148262001402072,3.2398162776545725,-0.2172505640230674,0.2884033752442319,0
1.1924803347516724,0.4596445477189921,-0.419762441558433,-0.1448838105613269,-0.2172505640230674,-0.0343665376408577,0
0.9006860051274654,-0.4340930515641646,-0.419762441558433,-0.1448838105613269,-0.2172505640230674,-0.0343665376408577,0
-0.4853370605875174,-0.5050190463967825,1.1366299862406606,-0.1448838105613269,4.462705266365607,-0.0343665376408577,0
0.754788840315362,1.589423403333368,-0.419762441558433,-0.1448838105613269,-0.2172505640230674,-1.2447537109599438,0
-0.850079972617776,0.2006998096763722,-2.3652529763073,-0.1448838105613269,-0.2172505640230674,0.7725582445718663,0
-0.850079972617776,-0.110916308589696,1.1366299862406606,-0.1448838105613269,-0.2172505640230674,-0.0343665376408577,0
0.9006860051274654,1.3284808832977322,-0.0306643346086596,-0.1448838105613269,-0.2172505640230674,-2.616525840721575,0
-1.0689257198359312,0.0122928718610923,-0.419762441558433,-0.1448838105613269,-0.2172505640230674,0.6111732881293215,0
0.1712001810669481,0.411678843564401,0.3584337723411137,-0.1448838105613269,-0.2172505640230674,1.1760206356782283,0
0.0253030162548446,-0.7719359760892573,0.3584337723411137,-0.1448838105613269,-0.2172505640230674,-0.0343665376408577,0
-1.141874302241983,1.9737360625585656,-0.419762441558433,-0.1448838105613269,-0.2172505640230674,4.484412242750397,0
0.462994510691155,-1.07616692869394,1.1366299862406606,-0.1448838105613269,-0.2172505640230674,0.7725582445718663,0
0.754788840315362,-0.2096881652301805,1.1366299862406606,-0.1448838105613269,-0.2172505640230674,-0.0343665376408577,0
1.3383774995637758,1.0116383401020677,-0.0306643346086596,-0.1448838105613269,-0.2172505640230674,0.7725582445718663,0
-0.9230285550238276,0.97648305792165,-0.0306643346086596,-0.1448838105613269,-0.2172505640230674,-1.3254461891812162,0
-0.1205941485572587,-1.0139800465606286,1.9148262001402072,1.7440889284794374,-0.2172505640230674,-0.3571364505259474,0
0.6088916755032585,-0.2661657462175741,-1.5870567624077532,-0.1448838105613269,-0.2172505640230674,0.3690958534655043,0
2.1408119060303448,0.0282751278052197,-0.0306643346086596,-0.1448838105613269,-0.2172505640230674,-2.45514088427903,0
0.8277374227214137,0.3486871677372208,-0.0306643346086596,-0.1448838105613269,-0.2172505640230674,0.9339432010144112,0
0.6818402579093102,2.327589647511099,1.5257280931904338,-0.1448838105613269,-0.2172505640230674,-0.0343665376408577,0
0.6818402579093102,0.1652226100184068,-0.0306643346086596,-0.1448838105613269,-0.2172505640230674,-0.0343665376408577,0
1.557223246781931,-1.4808550706156791,-0.419762441558433,-0.1448838105613269,-0.2172505640230674,-0.0343665376408577,0
-0.339439895775414,1.174613797191088,-0.0306643346086596,-0.1448838105613269,-0.2172505640230674,0.7725582445718663,0
-0.339439895775414,-0.5187005391925551,-0.419762441558433,-0.1448838105613269,4.098130010898126,-0.4378289287472198,0
-0.4123884781814657,0.1411450763300679,-0.419762441558433,-0.1448838105613269,-0.2172505640230674,-0.0343665376408577,0
1.4842746643758793,0.1541353933652236,-0.419762441558433,-0.1448838105613269,-0.2172505640230674,-0.0343665376408577,0
0.2441487634729998,-0.3132982521949832,-0.0306643346086596,-0.1448838105613269,-0.2172505640230674,-0.276443972304675,0
2.432606235654552,-0.1188127549507164,1.1366299862406606,-0.1448838105613269,-0.2172505640230674,-3.019988231827937,0
-1.360720049460138,-0.6499576565820333,-0.0306643346086596,-0.1448838105613269,-0.2172505640230674,-2.051678493172668,0
1.4113260819698277,1.0313794560046186,-1.9761548693575264,0.3622310663424738,-0.2172505640230674,-0.0343665376408577,0
0.0982515986608963,0.2503981873130577,-1.9761548693575264,-0.1448838105613269,-0.2172505640230674,-0.0343665376408577,0
-1.214822884648035,0.0156635372142376,-0.0306643346086596,-0.1448838105613269,-0.2172505640230674,-1.2447537109599438,0
0.0982515986608963,-0.3622675814266344,1.5257280931904338,-0.1448838105613269,-0.2172505640230674,-0.0343665376408577,0
0.8277374227214137,0.654717070951728,-0.0306643346086596,-0.1448838105613269,-0.2172505640230674,-0.0343665376408577,0
1.3383774995637758,1.4289475407758938,-0.419762441558433,-0.1448838105613269,-0.2172505640230674,0.3690958534655043,0
1.6301718291879828,-1.3361531644580371,-0.0306643346086596,-0.1448838105613269,-0.2172505640230674,-0.1957514940834025,0
1.8490175764061376,0.185777987775931,-0.419762441558433,-0.1448838105613269,-0.2172505640230674,1.5794830267845903,0
0.8277374227214137,0.6386022607521398,-1.9761548693575264,-0.1448838105613269,-0.2172505640230674,0.7725582445718663,0
0.3170973458790516,-0.6878397691605014,0.3584337723411137,-0.1448838105613269,4.063408557996462,-0.0343665376408577,0
-1.2877714670540863,-0.7332585379780248,-0.0306643346086596,-0.1448838105613269,-0.2172505640230674,-2.051678493172668,0
-0.4853370605875174,0.4468151894226101,-0.419762441558433,-0.1448838105613269,-0.2172505640230674,0.127018418801687,0
1.4842746643758793,-0.5468209776724476,-0.419762441558433,-0.1448838105613269,-0.2172505640230674,-0.0343665376408577,0
-1.0689257198359312,0.7338898341062269,-0.0306643346086596,-0.1448838105613269,-0.2172505640230674,-0.4378289287472198,0
0.3900459282851033,2.0141367059907886,1.5257280931904338,-0.1448838105613269,4.499906823045962,1.5794830267845903,0
-0.7771313902117244,-0.7504621867046122,-0.419762441558433,-0.1448838105613269,-0.2172505640230674,-0.0343665376408577,0
-0.339439895775414,0.9571680092687944,-0.419762441558433,-0.1448838105613269,-0.2172505640230674,-0.0343665376408577,0
0.1712001810669481,-0.1605578772597555,1.1366299862406606,-0.1448838105613269,-0.2172505640230674,-0.0343665376408577,0
-0.9959771374298796,0.6161532507737475,0.3584337723411137,-0.1448838105613269,-0.2172505640230674,-0.0343665376408577,0
-0.339439895775414,-1.1656126466466483,1.1366299862406606,-0.1448838105613269,-0.2172505640230674,-0.276443972304675,0
1.7760689940000862,-0.7228530289243541,-0.0306643346086596,-0.1448838105613269,-0.2172505640230674,-0.0343665376408577,0
-1.2877714670540863,0.671740824617333,-1.5870567624077532,-0.1448838105613269,-0.2172505640230674,-0.3571364505259474,0
-0.7041828078056727,0.4239590485167311,-0.0306643346086596,-0.1448838105613269,-0.2172505640230674,-0.0343665376408577,0
0.3900459282851033,-1.2633714100489686,-0.0306643346086596,0.150452597516475,-0.2172505640230674,0.3690958534655043,0
-1.5795657966782934,-0.1894736412724126,-1.5870567624077532,-0.1448838105613269,-0.2172505640230674,-1.5675236238450334,0
-0.1205941485572587,-1.0064149858382605,-0.419762441558433,-0.1448838105613269,-0.2172505640230674,-0.0343665376408577,0
0.6818402579093102,-0.4800325692424268,1.1366299862406606,-0.1448838105613269,-0.2172505640230674,0.3690958534655043,0
0.5359430930972068,-1.5267472474884198,1.9148262001402072,13.267171353549536,-0.2172505640230674,0.7725582445718663,1
-0.1935427309633105,-0.0790370101513802,1.1366299862406606,-0.1448838105613269,-0.2172505640230674,0.3690958534655043,0
0.8277374227214137,-0.1687004958094887,1.1366299862406606,-0.1448838105613269,-0.2172505640230674,-0.0343665376408577,0
-0.9959771374298796,-0.339231545459773,-0.0306643346086596,-0.1448838105613269,-0.2172505640230674,-0.0343665376408577,0
-1.0689257198359312,-0.8788883239238924,-0.0306643346086596,-0.1448838105613269,-0.2172505640230674,-1.6482161020663058,0
1.4113260819698277,-0.8252511912678011,-1.5870567624077532,-0.1448838105613269,-0.2172505640230674,0.7725582445718663,0
-0.047645566151207,-0.7642951700780543,-0.419762441558433,0.146697184516394,-0.2172505640230674,-0.0343665376408577,0
-0.9959771374298796,1.9118237570972807,-0.8088605485082063,-0.1448838105613269,-0.2172505640230674,-0.0343665376408577,0
0.9006860051274654,-0.5919557016568409,-1.1979586554579795,-0.1448838105613269,-0.2172505640230674,0.3690958534655043,0
-1.2877714670540863,0.0970045092616305,-0.0306643346086596,-0.1448838105613269,-0.2172505640230674,-0.4378289287472198,0
0.9006860051274654,-0.7691428685634768,1.1366299862406606,-0.1448838105613269,-0.2172505640230674,-0.0343665376408577,0
2.5055548180606038,0.0290704533379844,1.1366299862406606,-0.1448838105613269,-0.2172505640230674,-0.8412913198535819,0
-0.5582856429935692,0.1551011457978664,1.1366299862406606,-0.1448838105613269,-0.2172505640230674,-0.0343665376408577,0
1.4113260819698277,1.1780507396719635,0.3584337723411137,-0.1448838105613269,4.462705266365607,0.6111732881293215,0
0.2441487634729998,-0.0612084627919062,-0.419762441558433,-0.1448838105613269,-0.2172505640230674,0.3690958534655043,0
0.6818402579093102,-0.0631494358182961,-0.0306643346086596,-0.1448838105613269,-0.2172505640230674,-0.0343665376408577,0
-0.9959771374298796,2.276281682486676,-0.0306643346086596,-0.1448838105613269,-0.2172505640230674,-0.0343665376408577,0
-0.5582856429935692,-0.7196054496655652,-0.419762441558433,-0.1448838105613269,-0.2172505640230674,-1.2447537109599438,0
-0.1205941485572587,2.10786203276266,-0.419762441558433,-0.1448838105613269,-0.2172505640230674,-0.4378289287472198,0
-1.0689257198359312,-0.6631562731614845,-0.0306643346086596,-0.1448838105613269,-0.2172505640230674,-0.276443972304675,0
0.3900459282851033,-0.8444715583096132,0.7475318792908872,-0.1448838105613269,-0.2172505640230674,0.6111732881293215,0
1.6301718291879828,1.175778381006922,1.1366299862406606,-0.1448838105613269,-0.2172505640230674,-0.0343665376408577,0
-0.7041828078056727,-0.2591593070003619,1.1366299862406606,-0.1448838105613269,-0.2172505640230674,1.1760206356782283,0
1.557223246781931,-0.0867062206458963,-1.9761548693575264,-0.1448838105613269,-0.2172505640230674,0.3690958534655043,0
-0.1205941485572587,-1.2789086624211918,-0.419762441558433,-0.1448838105613269,-0.2172505640230674,-0.0343665376408577,0
-0.339439895775414,1.2005660267780864,-0.0306643346086596,-0.1448838105613269,-0.2172505640230674,-0.0343665376408577,0
-1.214822884648035,0.3155107312276102,-0.419762441558433,-0.1448838105613269,-0.2172505640230674,-0.0343665376408577,0
-1.141874302241983,-1.2039965717636465,-0.0306643346086596,-0.1448838105613269,-0.2172505640230674,-2.293755927836485,0
0.0253030162548446,0.4709400639164708,-0.419762441558433,-0.1448838105613269,-0.2172505640230674,0.7725582445718663,0
-0.1935427309633105,1.1309939789833894,-0.419762441558433,-0.1448838105613269,-0.2172505640230674,-0.4378289287472198,0
0.0253030162548446,-0.4446500511955048,0.3584337723411137,-0.1448838105613269,-0.2172505640230674,-0.0343665376408577,0
-0.850079972617776,0.4171135680382927,-0.419762441558433,-0.1448838105613269,-0.2172505640230674,-0.1957514940834025,0
-0.7771313902117244,3.942933677200495,2.3039243070899804,-0.1448838105613269,-0.2172505640230674,1.5794830267845903,0
0.3170973458790516,-0.1281199573162835,1.1366299862406606,-0.1448838105613269,-0.2172505640230674,0.7725582445718663,0
0.8277374227214137,0.0684580035320426,-0.419762441558433,-0.1448838105613269,-0.2172505640230674,-0.1150590158621301,0
1.557223246781931,-0.1260180255511198,1.1366299862406606,-0.1448838105613269,-0.2172505640230674,-0.0343665376408577,0
-0.047645566151207,2.4397210794698085,-0.0306643346086596,-0.1448838105613269,-0.2172505640230674,-0.3571364505259474,0
-1.141874302241983,-0.6806723712045153,-0.8088605485082063,-0.1448838105613269,-0.2172505640230674,0.3690958534655043,0
-0.850079972617776,0.9418674609241796,1.1366299862406606,-0.1448838105613269,-0.2172505640230674,-0.0343665376408577,0
1.1195317523456203,-0.0336371776560654,1.1366299862406606,-0.1448838105613269,-0.2172505640230674,0.3690958534655043,0
-0.9230285550238276,-0.8824578206602289,1.1366299862406606,-0.1448838105613269,-0.2172505640230674,-0.0343665376408577,0
0.1712001810669481,0.1215554510051865,-0.419762441558433,-0.1448838105613269,-0.2172505640230674,0.6111732881293215,0
-1.2877714670540863,-1.3717155775659415,-0.0306643346086596,-0.1448838105613269,-0.2172505640230674,1.9829454178909525,0
-1.141874302241983,0.6439612399371968,1.1366299862406606,-0.1448838105613269,-0.2172505640230674,-0.0343665376408577,0
-1.0689257198359312,-0.6499576565820333,1.1366299862406606,-0.1448838105613269,-0.2172505640230674,-0.0343665376408577,0
0.3170973458790516,-0.9694039440813916,-0.0306643346086596,-0.1448838105613269,-0.2172505640230674,-0.0343665376408577,0
-1.0689257198359312,-0.3459350035216464,-0.8088605485082063,-0.1448838105613269,-0.2172505640230674,-0.0343665376408577,0
-0.4123884781814657,0.6516777912372346,-0.0306643346086596,-0.1448838105613269,-0.2172505640230674,1.5794830267845903,0
-0.1935427309633105,1.5566446295901395,1.1366299862406606,-0.1448838105613269,-0.2172505640230674,1.5794830267845903,0
-0.7771313902117244,1.4079755639297786,1.1366299862406606,-0.1448838105613269,-0.2172505640230674,-0.0343665376408577,0
-0.9959771374298796,-1.4563514696776452,-0.0306643346086596,-0.1448838105613269,-0.2172505640230674,-0.0343665376408577,0
-1.43366863186619,3.618573414087984,-0.419762441558433,-0.1448838105613269,-0.2172505640230674,-0.8412913198535819,0
1.9219661588121892,-0.6982547463752764,-1.1979586554579795,-0.1448838105613269,-0.2172505640230674,-1.3254461891812162,0
-1.141874302241983,0.1279369915895123,1.1366299862406606,-0.1448838105613269,-0.2172505640230674,-0.0343665376408577,0
-1.214822884648035,-0.0068138772474676,-0.0306643346086596,-0.1448838105613269,-0.2172505640230674,-0.0343665376408577,0
0.9006860051274654,-0.3465883066378459,-0.419762441558433,0.5274692383460396,-0.2172505640230674,-0.0343665376408577,0
2.286709070842448,-0.3846881869217137,-0.419762441558433,0.2526534798758234,-0.2172505640230674,-2.293755927836485,0
0.0253030162548446,0.3300727630060866,-0.419762441558433,0.8339377635312247,-0.2172505640230674,-0.0343665376408577,0
0.2441487634729998,0.0576169590675723,-0.419762441558433,-0.1448838105613269,-0.2172505640230674,-0.0343665376408577,0
1.9949147412182413,-0.5455049032789443,-0.419762441558433,-0.1448838105613269,4.308938832086806,-0.0343665376408577,0
0.6818402579093102,-0.9014509518355368,-0.419762441558433,-0.1448838105613269,-0.2172505640230674,-1.970986014951396,0
2.1408119060303448,-0.4622134900440572,-0.419762441558433,-0.1448838105613269,-0.2172505640230674,-0.0343665376408577,0
0.0253030162548446,-0.6923466138461676,-0.0306643346086596,-0.1448838105613269,-0.2172505640230674,0.7725582445718663,0
0.1712001810669481,-0.6152189734902065,-0.0306643346086596,-0.1448838105613269,-0.2172505640230674,-0.0343665376408577,0
-1.360720049460138,-0.1900227946164644,-0.0306643346086596,0.146965428302114,-0.2172505640230674,-2.293755927836485,0
1.3383774995637758,0.960993146354948,-0.0306643346086596,-0.1448838105613269,-0.2172505640230674,-0.0343665376408577,0
1.046583169939569,1.4872998176619467,-0.0306643346086596,-0.1448838105613269,-0.2172505640230674,-0.0343665376408577,0
0.462994510691155,-0.0161021432908261,0.3584337723411137,-0.1448838105613269,-0.2172505640230674,-0.1957514940834025,0
-0.047645566151207,0.284871761893963,-0.419762441558433,-0.1448838105613269,-0.2172505640230674,-0.0343665376408577,0
0.6088916755032585,0.0295722658765144,2.3039243070899804,-0.1448838105613269,-0.2172505640230674,-0.0343665376408577,0
0.5359430930972068,-0.2616967741763252,-0.419762441558433,-0.1448838105613269,-0.2172505640230674,0.2077108970229594,0
-1.141874302241983,0.7894490034664994,-2.3652529763073,-0.1448838105613269,-0.2172505640230674,-1.6482161020663058,0
-1.2877714670540863,0.0007511834749007,-0.0306643346086596,-0.1448838105613269,-0.2172505640230674,-0.0343665376408577,0
-0.850079972617776,2.0404581938608564,-0.419762441558433,-0.1448838105613269,-0.2172505640230674,-0.4378289287472198,0
0.2441487634729998,0.2198917722348713,1.1366299862406606,-0.1448838105613269,4.462705266365607,-0.0343665376408577,0
1.265428917157724,-0.1164741191579442,-0.0306643346086596,-0.1448838105613269,-0.2172505640230674,0.7725582445718663,0
-1.2877714670540863,-0.7751456827036289,-0.0306643346086596,-0.1448838105613269,-0.2172505640230674,-3.019988231827937,0
0.754788840315362,0.3522282599902444,-0.419762441558433,-0.1448838105613269,-0.2172505640230674,-0.0343665376408577,0
1.557223246781931,-1.2632577921157164,-0.0306643346086596,-0.1448838105613269,-0.2172505640230674,-0.0343665376408577,0
-0.4123884781814657,0.9335922881189856,-0.8088605485082063,0.0524094938357878,-0.2172505640230674,-0.0343665376408577,0
1.265428917157724,0.1008012418644712,-0.0306643346086596,-0.1448838105613269,-0.2172505640230674,-0.4378289287472198,0
-0.850079972617776,1.437591971864157,-0.0306643346086596,-0.1448838105613269,-0.2172505640230674,-0.0343665376408577,0
-0.4123884781814657,-0.6410291806606399,-0.419762441558433,-0.1448838105613269,-0.2172505640230674,-0.0343665376408577,0
-1.141874302241983,-0.5316813880666066,1.1366299862406606,-0.1448838105613269,-0.2172505640230674,-1.6482161020663058,0
1.9219661588121892,-1.454599859873342,-0.419762441558433,-0.1448838105613269,-0.2172505640230674,-0.0343665376408577,0
-1.5066172142722416,0.0342779419453719,-0.0306643346086596,-0.1448838105613269,4.05100803910301,-1.6482161020663058,0
0.9006860051274654,-0.0415336240170858,-0.0306643346086596,-0.1448838105613269,-0.2172505640230674,0.3690958534655043,0
-0.9959771374298796,-0.7450653348751378,0.7475318792908872,-0.1448838105613269,-0.2172505640230674,-0.276443972304675,0
1.265428917157724,-1.119909832995995,-1.9761548693575264,-0.1448838105613269,-0.2172505640230674,-0.0343665376408577,0
0.0253030162548446,-1.3820453413307776,0.3584337723411137,-0.1448838105613269,-0.2172505640230674,-0.276443972304675,0
0.462994510691155,-0.0366669892094545,-0.0306643346086596,0.3010714831982968,-0.2172505640230674,1.5794830267845903,0
1.9219661588121892,-1.5186330334219995,-2.3652529763073,-0.1448838105613269,-0.2172505640230674,-1.3254461891812162,0
-0.6312342253996209,-0.13168945405262,-1.1979586554579795,0.2011506730175691,-0.2172505640230674,-0.0343665376408577,0
0.5359430930972068,-0.78978345977094,-0.0306643346086596,-0.1448838105613269,-0.2172505640230674,-0.0343665376408577,0
-0.6312342253996209,-1.3657127634257895,1.1366299862406606,-0.1448838105613269,-0.2172505640230674,2.386407808997314,0
-1.5066172142722416,-0.8709445367573504,-0.419762441558433,-0.1448838105613269,-0.2172505640230674,-2.051678493172668,0
1.3383774995637758,0.5715960846167191,-2.3652529763073,-0.1448838105613269,-0.2172505640230674,-1.6482161020663058,0
1.265428917157724,-0.9113546483506776,-0.419762441558433,-0.1448838105613269,-0.2172505640230674,-0.0343665376408577,0
0.9006860051274654,-1.598932507747915,-0.0306643346086596,-0.1448838105613269,-0.2172505640230674,-0.0343665376408577,0
1.3383774995637758,-0.1299757168927343,1.1366299862406606,-0.1448838105613269,-0.2172505640230674,-0.0343665376408577,0
0.1712001810669481,-0.5400323061606352,-1.1979586554579795,-0.1448838105613269,-0.2172505640230674,-1.2447537109599438,0
-0.7041828078056727,-1.0548351617258598,-0.419762441558433,-0.1448838105613269,-0.2172505640230674,1.1760206356782283,0
0.9006860051274654,-1.598932507747915,-0.419762441558433,0.8862453017466392,-0.2172505640230674,-0.0343665376408577,0
0.9006860051274654,-0.3489932195583485,0.3584337723411137,-0.1448838105613269,-0.2172505640230674,-0.0343665376408577,0
-1.2877714670540863,0.2048089915956562,-0.0306643346086596,-0.1448838105613269,-0.2172505640230674,-2.616525840721575,0
-0.5582856429935692,-0.9636567702910568,0.7475318792908872,-0.1448838105613269,-0.2172505640230674,1.5794830267845903,0
-0.2664913133693622,-0.018544928855746,-0.419762441558433,-0.1448838105613269,-0.2172505640230674,-0.0343665376408577,0
-1.5066172142722416,-1.259801913312632,-0.0306643346086596,-0.1448838105613269,-0.2172505640230674,-1.6482161020663058,0
0.0253030162548446,-0.7510870853374987,-0.419762441558433,-0.1448838105613269,-0.2172505640230674,0.7725582445718663,0
-0.4853370605875174,-0.1866615974244234,-0.0306643346086596,-0.1448838105613269,-0.2172505640230674,-0.3571364505259474,0
-0.1205941485572587,-0.0100141157007348,1.5257280931904338,-0.1448838105613269,-0.2172505640230674,0.7725582445718663,0
0.462994510691155,0.1667091113117883,1.1366299862406606,-0.1448838105613269,-0.2172505640230674,0.7725582445718663,0
-0.9230285550238276,-0.8102157514341077,1.1366299862406606,-0.1448838105613269,-0.2172505640230674,-0.0343665376408577,0
-1.43366863186619,0.0930278815978073,-0.0306643346086596,-0.1448838105613269,-0.2172505640230674,-0.0343665376408577,0
-0.1205941485572587,0.3036471253638711,1.1366299862406606,-0.1448838105613269,-0.2172505640230674,-0.8412913198535819,0
1.7031204115940344,1.1659883024250337,1.1366299862406606,-0.1448838105613269,4.499906823045962,-3.1813731882704817,0
-0.850079972617776,0.0391729812363161,-0.419762441558433,-0.1448838105613269,4.100610114676817,-0.0343665376408577,0
0.0253030162548446,-0.9880088806514216,1.9148262001402072,0.8862453017466392,-0.2172505640230674,1.5794830267845903,0
-1.5795657966782934,1.6950880812578126,-1.1979586554579795,-0.1448838105613269,-0.2172505640230674,-2.45514088427903,0
0.3900459282851033,-1.2327135043931126,-0.419762441558433,-0.1448838105613269,-0.2172505640230674,-0.0343665376408577,0
0.462994510691155,0.2552269494762716,-0.419762441558433,-0.1448838105613269,-0.2172505640230674,-0.0343665376408577,0
-1.5795657966782934,1.2829484965469569,-1.5870567624077532,-0.1448838105613269,-0.2172505640230674,-0.4378289287472198,0
-0.9230285550238276,0.358079583552727,-0.419762441558433,-0.1448838105613269,-0.2172505640230674,-0.0343665376408577,0
-0.339439895775414,-0.808359991857657,1.1366299862406606,-0.1448838105613269,-0.2172505640230674,-0.0343665376408577,0
-0.9959771374298796,0.6021498405004273,-0.0306643346086596,-0.1448838105613269,4.499906823045962,-0.3571364505259474,0
-0.1935427309633105,-0.8122135334271237,-0.0306643346086596,-0.1448838105613269,-0.2172505640230674,0.7725582445718663,0
0.0253030162548446,-0.0330122790231789,-0.419762441558433,-0.1448838105613269,-0.2172505640230674,-0.0343665376408577,0
0.6088916755032585,-0.9572846978678352,-2.754351083257073,-0.1448838105613269,-0.2172505640230674,-1.6482161020663058,0
-0.1935427309633105,1.6670528562278593,-0.419762441558433,-0.1448838105613269,-0.2172505640230674,-0.0343665376408577,0
0.1712001810669481,-0.6665932156423603,-0.419762441558433,-0.1448838105613269,-0.2172505640230674,-0.0343665376408577,0
-0.1935427309633105,-0.5532309227400865,-0.419762441558433,-0.1448838105613269,-0.2172505640230674,-0.0343665376408577,0
0.3900459282851033,1.6956277664407602,-0.0306643346086596,-0.1448838105613269,-0.2172505640230674,-0.0343665376408577,0
0.5359430930972068,-0.6247912843666952,2.3039243070899804,-0.1448838105613269,-0.2172505640230674,-0.0343665376408577,0
0.3900459282851033,-1.2895603436635754,1.1366299862406606,-0.1448838105613269,-0.2172505640230674,-0.0343665376408577,0
0.3900459282851033,-1.4628655645174318,-0.0306643346086596,-0.1448838105613269,-0.2172505640230674,2.7898702001036764,0
1.9219661588121892,0.1667469839562057,-0.0306643346086596,-0.1448838105613269,-0.2172505640230674,-1.970986014951396,0
-1.43366863186619,-0.251830950305602,-0.0306643346086596,-0.1448838105613269,-0.2172505640230674,-0.5185214069684921,0
-1.5066172142722416,0.4025894089042337,-0.419762441558433,-0.1448838105613269,-0.2172505640230674,-1.6482161020663058,0
0.8277374227214137,3.3961473734248067,1.1366299862406606,-0.1448838105613269,-0.2172505640230674,-1.6482161020663058,0
-1.141874302241983,8.037364201483891,-0.419762441558433,-0.1448838105613269,-0.2172505640230674,0.3690958534655043,0
-0.7771313902117244,-0.3884281105579284,0.7475318792908872,-0.1448838105613269,-0.2172505640230674,-0.0343665376408577,0
-0.4853370605875174,0.0904904144218439,1.1366299862406606,-0.1448838105613269,-0.2172505640230674,1.1760206356782283,0
0.1712001810669481,0.5435797959089743,-0.0306643346086596,-0.1448838105613269,-0.2172505640230674,-0.0343665376408577,0
0.0982515986608963,-0.8521691732874423,-0.419762441558433,-0.1448838105613269,-0.2172505640230674,1.1760206356782283,0
1.046583169939569,-0.346701924571098,-0.419762441558433,-0.1448838105613269,-0.2172505640230674,-0.0343665376408577,0
1.8490175764061376,0.6324384878732139,-0.419762441558433,-0.1448838105613269,-0.2172505640230674,1.5794830267845903,0
3.3079892245271725,0.4866193387052593,1.5257280931904338,-0.1448838105613269,-0.2172505640230674,2.063637896112225,0
-0.7041828078056727,-1.513056286531543,-0.419762441558433,-0.1448838105613269,-0.2172505640230674,0.7725582445718663,0
-0.2664913133693622,1.590171388060611,0.3584337723411137,-0.1448838105613269,-0.2172505640230674,-0.0343665376408577,0
-0.339439895775414,-0.6212785965969847,1.1366299862406606,-0.1448838105613269,-0.2172505640230674,-0.8412913198535819,0
-0.9230285550238276,-0.2834546083941006,1.1366299862406606,-0.1448838105613269,5.251378267989135,0.2077108970229594,0
-1.214822884648035,-0.9745072829166314,-0.0306643346086596,-0.1448838105613269,-0.2172505640230674,-0.0343665376408577,0
-0.9959771374298796,1.9118237570972807,-0.419762441558433,-0.1448838105613269,-0.2172505640230674,0.7725582445718663,0
-0.4853370605875174,0.8479811754135349,0.3584337723411137,-0.1448838105613269,-0.2172505640230674,-0.0343665376408577,0
-1.2877714670540863,0.1089722648975174,-0.419762441558433,-0.1448838105613269,-0.2172505640230674,-0.0343665376408577,0
-0.4123884781814657,-0.045150461558944,-0.419762441558433,-0.1448838105613269,-0.2172505640230674,-0.0343665376408577,0
-0.339439895775414,-0.9019054235685452,-0.419762441558433,-0.1448838105613269,-0.2172505640230674,-0.0343665376408577,0
-1.214822884648035,-1.4004041057120946,-0.0306643346086596,-0.1448838105613269,-0.2172505640230674,-0.0343665376408577,0
1.1924803347516724,0.7228878309029827,-1.9761548693575264,-0.1448838105613269,-0.2172505640230674,-2.939295753606664,0
0.6088916755032585,-0.0786488155461022,1.5257280931904338,-0.1448838105613269,-0.2172505640230674,-0.0343665376408577,0
1.7031204115940344,-0.215643638564811,-0.419762441558433,-0.1448838105613269,-0.2172505640230674,1.5794830267845903,0
0.3900459282851033,-0.2493786965795776,-0.0306643346086596,-0.1448838105613269,-0.2172505640230674,-0.6799063634110369,0
0.2441487634729998,1.1766589199896256,1.5257280931904338,-0.1448838105613269,-0.2172505640230674,-0.0343665376408577,0
-1.5795657966782934,-1.4015402850446157,-1.1979586554579795,-0.1448838105613269,-0.2172505640230674,-2.051678493172668,0
-0.850079972617776,0.6646965127557034,-0.419762441558433,-0.1448838105613269,-0.2172505640230674,1.5794830267845903,0
-0.1205941485572587,-1.0682420778496065,1.5257280931904338,-0.1448838105613269,-0.2172505640230674,-0.0343665376408577,0
-1.214822884648035,0.0814293842449897,-0.419762441558433,-0.1448838105613269,-0.2172505640230674,-0.1957514940834025,0
-0.2664913133693622,-0.4798242696981313,1.5257280931904338,0.8339377635312247,-0.2172505640230674,-0.0343665376408577,0
-1.360720049460138,0.3802066760535718,-0.0306643346086596,-0.1448838105613269,-0.2172505640230674,-1.2447537109599438,0
-0.1935427309633105,-0.5943511464162391,-0.0306643346086596,-0.1448838105613269,-0.2172505640230674,-0.4378289287472198,0
1.3383774995637758,-1.3200667587417618,-0.0306643346086596,-0.1448838105613269,-0.2172505640230674,-0.0343665376408577,0
-0.850079972617776,0.2538540661161422,1.1366299862406606,-0.1448838105613269,-0.2172505640230674,-0.0343665376408577,0
0.1712001810669481,-0.774729083615038,1.1366299862406606,-0.1448838105613269,-0.2172505640230674,-0.0343665376408577,0
-1.360720049460138,0.1262421907518353,-0.419762441558433,-0.1448838105613269,-0.2172505640230674,-0.0343665376408577,0
-0.4123884781814657,-1.1672885111621167,-0.419762441558433,-0.1448838105613269,-0.2172505640230674,-0.1957514940834025,0
-1.5066172142722416,-1.4226732206295043,-1.1979586554579795,-0.1448838105613269,-0.2172505640230674,-1.3254461891812162,0
1.6301718291879828,0.1342522550461077,-0.0306643346086596,-0.1448838105613269,-0.2172505640230674,-0.0343665376408577,0
-0.9230285550238276,0.4845079387789913,-0.419762441558433,-0.1448838105613269,-0.2172505640230674,-0.0343665376408577,0
-0.047645566151207,-0.1735103216504939,-1.1979586554579795,-0.1448838105613269,-0.2172505640230674,-0.3571364505259474,0
-0.9230285550238276,0.2001790608156335,-0.0306643346086596,-0.1448838105613269,-0.2172505640230674,0.2077108970229594,0
-0.7041828078056727,-0.9346368565062516,-0.419762441558433,-0.1448838105613269,-0.2172505640230674,-0.0343665376408577,0
0.9006860051274654,-1.0447705064719452,-0.0306643346086596,-0.1448838105613269,-0.2172505640230674,-0.0343665376408577,0
-0.5582856429935692,-0.7394885879846811,1.1366299862406606,-0.1448838105613269,-0.2172505640230674,2.386407808997314,0
-0.1935427309633105,1.2602154417354343,-0.0306643346086596,-0.1448838105613269,4.462705266365607,-0.0343665376408577,0
-0.7771313902117244,1.413902632781096,-0.419762441558433,-0.1448838105613269,-0.2172505640230674,-1.6482161020663058,0
-1.43366863186619,1.262904399489067,-0.419762441558433,-0.1448838105613269,-0.2172505640230674,-0.8412913198535819,0
-1.0689257198359312,-0.6219318997131842,-1.1979586554579795,-0.1448838105613269,-0.2172505640230674,-0.0343665376408577,0
-1.5795657966782934,-1.0288071868500266,-1.1979586554579795,-0.1448838105613269,-0.2172505640230674,-1.6482161020663058,0
0.0253030162548446,2.511385590868565,-0.419762441558433,-0.1448838105613269,-0.2172505640230674,-0.0343665376408577,0
0.5359430930972068,1.5542397166696371,0.7475318792908872,-0.1448838105613269,-0.2172505640230674,-0.0343665376408577,0
-1.360720049460138,0.0713647289910753,-0.419762441558433,-0.1448838105613269,-0.2172505640230674,-0.8412913198535819,0
2.1408119060303448,0.1233638697761156,1.5257280931904338,-0.1448838105613269,5.677956117923873,0.127018418801687,0
-0.5582856429935692,0.1401319830919034,1.5257280931904338,-0.1448838105613269,-0.2172505640230674,0.2077108970229594,0
0.6088916755032585,-0.7805425345331033,0.7475318792908872,-0.1448838105613269,3.929482953947184,1.9829454178909525,0
0.462994510691155,1.7963311279465302,-0.0306643346086596,-0.1448838105613269,-0.2172505640230674,0.3690958534655043,0
0.0982515986608963,-0.538081864973141,-0.0306643346086596,-0.1448838105613269,-0.2172505640230674,-0.0343665376408577,0
-0.850079972617776,-0.9751132452273092,-0.0306643346086596,-0.1448838105613269,-0.2172505640230674,-0.0343665376408577,0
-1.2877714670540863,-0.4837251520731198,-0.8088605485082063,-0.1448838105613269,-0.2172505640230674,-0.0343665376408577,0
0.1712001810669481,1.60569917227173,-0.419762441558433,-0.1448838105613269,-0.2172505640230674,-0.0343665376408577,0
-0.339439895775414,0.1300767959990933,1.1366299862406606,0.8862453017466392,-0.2172505640230674,0.7725582445718663,0
0.6088916755032585,0.1054595771278069,-1.1979586554579795,-0.1448838105613269,-0.2172505640230674,-0.4378289287472198,0
0.5359430930972068,-0.752706140886341,-0.0306643346086596,0.8862453017466392,-0.2172505640230674,-0.0343665376408577,0
0.462994510691155,-0.0010004263294023,1.5257280931904338,-0.1448838105613269,-0.2172505640230674,-3.1813731882704817,0
-0.1205941485572587,-0.2701139693980843,0.3584337723411137,-0.1448838105613269,-0.2172505640230674,-0.0343665376408577,0
-0.5582856429935692,0.3489522762481424,1.1366299862406606,-0.1448838105613269,-0.2172505640230674,0.8532507227931387,0
-0.9959771374298796,0.3363406856571603,1.1366299862406606,-0.1448838105613269,-0.2172505640230674,-0.0343665376408577,0
-0.047645566151207,0.0317783474138259,-1.1979586554579795,-0.1448838105613269,-0.2172505640230674,-0.0343665376408577,0
2.067863323624293,-0.5404773097325393,-0.419762441558433,-0.1448838105613269,-0.2172505640230674,-2.051678493172668,0
-0.1205941485572587,1.029892954711237,1.5257280931904338,-0.1448838105613269,-0.2172505640230674,-0.0343665376408577,0
-1.141874302241983,-0.0106484824947257,0.7475318792908872,-0.1448838105613269,4.678474295111666,-1.6482161020663058,0
1.1195317523456203,1.3499073318768555,-0.8088605485082063,-0.1448838105613269,-0.2172505640230674,-0.0343665376408577,0
0.462994510691155,0.8173422060798877,1.1366299862406606,-0.1448838105613269,-0.2172505640230674,0.7725582445718663,0
-0.4853370605875174,0.1236479146092458,-0.419762441558433,-0.1448838105613269,-0.2172505640230674,-0.0343665376408577,0
0.9736345875335172,-0.9527683850210646,1.1366299862406606,-0.1448838105613269,-0.2172505640230674,-0.0343665376408577,0
2.286709070842448,0.5090683486836517,-1.9761548693575264,-0.1448838105613269,-0.2172505640230674,0.3690958534655043,0
1.7031204115940344,-1.327868523491739,1.1366299862406606,0.5495993506679457,-0.2172505640230674,-0.0343665376408577,0
-0.9959771374298796,-0.6017931210442511,-0.0306643346086596,-0.1448838105613269,-0.2172505640230674,-0.0343665376408577,0
0.3170973458790516,-1.5472647526015266,-0.0306643346086596,-0.1448838105613269,-0.2172505640230674,-0.3571364505259474,0
1.7760689940000862,0.1129583607224449,-0.0306643346086596,-0.1448838105613269,4.499906823045962,1.5794830267845903,0
-1.2877714670540863,-0.0668798912934064,-0.0306643346086596,-0.1448838105613269,-0.2172505640230674,-0.0343665376408577,0
0.2441487634729998,-0.1862828709802498,-0.0306643346086596,-0.1448838105613269,-0.2172505640230674,0.3690958534655043,0
-0.7041828078056727,-1.042289848262608,-0.419762441558433,-0.1448838105613269,-0.2172505640230674,1.9829454178909525,0
-1.141874302241983,-0.6686288702797936,1.1366299862406606,-0.1448838105613269,-0.2172505640230674,-0.0343665376408577,0
-0.7041828078056727,-0.7678267941699735,1.5257280931904338,-0.1448838105613269,-0.2172505640230674,-0.0343665376408577,0
-0.850079972617776,-0.0090767677514051,-0.0306643346086596,-0.1448838105613269,-0.2172505640230674,-0.8412913198535819,0
0.2441487634729998,-1.5660874568769565,-0.0306643346086596,-0.1448838105613269,-0.2172505640230674,-0.1957514940834025,0
-1.43366863186619,-0.5915675070515629,-0.419762441558433,-0.1448838105613269,-0.2172505640230674,-2.051678493172668,0
-1.214822884648035,1.559229437571625,-0.0306643346086596,-0.1448838105613269,-0.2172505640230674,-0.0343665376408577,0
-1.214822884648035,0.888391287006862,-0.419762441558433,-0.1448838105613269,-0.2172505640230674,-0.4378289287472198,0
-0.4853370605875174,-0.2407437336524187,-0.419762441558433,-0.1448838105613269,-0.2172505640230674,1.5794830267845903,0
3.3079892245271725,-1.1758666651226497,-0.419762441558433,-0.1448838105613269,-0.2172505640230674,-0.0343665376408577,0
-0.4123884781814657,-1.0295362352550608,-0.419762441558433,-0.1448838105613269,-0.2172505640230674,1.5794830267845903,0
1.7031204115940344,-0.1937721864137834,-0.419762441558433,-0.1448838105613269,-0.2172505640230674,-0.0343665376408577,0
-1.5066172142722416,-0.5830840347020734,-0.8088605485082063,-0.1448838105613269,-0.2172505640230674,-1.809601058508851,0
0.0253030162548446,0.5497530369490046,-0.419762441558433,-0.1448838105613269,-0.2172505640230674,-1.970986014951396,0
0.5359430930972068,-0.6307372895402212,1.5257280931904338,-0.1448838105613269,-0.2172505640230674,0.7725582445718663,0
-1.214822884648035,-1.4366766309028247,-0.0306643346086596,-0.1448838105613269,-0.2172505640230674,-1.2447537109599438,0
-0.4123884781814657,0.5900589987701839,-0.419762441558433,-0.1448838105613269,-0.2172505640230674,-0.276443972304675,0
0.3900459282851033,0.899308076760167,-0.419762441558433,-0.1448838105613269,-0.2172505640230674,-0.0343665376408577,0
-1.141874302241983,0.2505212734074142,-0.0306643346086596,-0.1448838105613269,-0.2172505640230674,-0.0343665376408577,0
0.3170973458790516,-0.3149741167104515,-1.5870567624077532,-0.1448838105613269,-0.2172505640230674,-0.0343665376408577,0
-1.0689257198359312,1.7883115954911533,-1.1979586554579795,-0.1448838105613269,-0.2172505640230674,-0.1150590158621301,0
-1.360720049460138,0.1920648467492133,-0.0306643346086596,-0.1448838105613269,-0.2172505640230674,-1.2447537109599438,0
0.3170973458790516,-1.227723783491125,-0.0306643346086596,-0.1448838105613269,-0.2172505640230674,-0.0343665376408577,0
-0.2664913133693622,-0.0247749788624023,-0.419762441558433,-0.1448838105613269,-0.2172505640230674,1.5794830267845903,0
0.3170973458790516,1.0272134651187086,-0.419762441558433,-0.1448838105613269,-0.2172505640230674,-0.0343665376408577,0
0.3170973458790516,-1.3405274548882429,-0.419762441558433,-0.1448838105613269,-0.2172505640230674,-0.0343665376408577,0
0.754788840315362,-0.3830785995339758,1.1366299862406606,1.8701635077678724,-0.2172505640230674,-0.0343665376408577,0
-1.2877714670540863,-0.0715098220734291,1.1366299862406606,-0.1448838105613269,-0.2172505640230674,-1.6482161020663058,0
0.754788840315362,-1.3841567412570457,-0.0306643346086596,-0.1448838105613269,-0.2172505640230674,-0.0343665376408577,0
1.4113260819698277,0.2421514189911768,1.1366299862406606,-0.1448838105613269,-0.2172505640230674,-0.276443972304675,0
0.0253030162548446,-1.3977435524417747,-1.1979586554579795,-0.1448838105613269,-0.2172505640230674,-0.0343665376408577,0
-0.339439895775414,0.4297819675959008,-0.419762441558433,-0.1448838105613269,-0.2172505640230674,0.3690958534655043,0
0.6088916755032585,-0.1264062201563978,-0.419762441558433,-0.1448838105613269,-0.2172505640230674,-0.1957514940834025,0
0.0982515986608963,-0.7416757331997839,-0.419762441558433,-0.1448838105613269,-0.2172505640230674,-1.0026762762961263,0
-0.9959771374298796,-0.7217925948806678,-0.0306643346086596,-0.1448838105613269,-0.2172505640230674,-0.4378289287472198,0
0.9006860051274654,1.3729717723270305,0.3584337723411137,-0.1448838105613269,-0.2172505640230674,-0.0343665376408577,0
1.4842746643758793,-0.0484453816232546,-0.419762441558433,-0.1448838105613269,-0.2172505640230674,0.3690958534655043,0
2.067863323624293,-0.781423073515807,-0.0306643346086596,-0.1448838105613269,-0.2172505640230674,-0.0343665376408577,0
1.1195317523456203,0.2492051990139108,-0.0306643346086596,0.8862453017466392,-0.2172505640230674,-0.0343665376408577,0
-1.2877714670540863,-1.0319316800144591,-0.419762441558433,-0.1448838105613269,-0.2172505640230674,1.90225293966968,0
-0.850079972617776,-1.4366671627417202,-0.0306643346086596,-0.1448838105613269,-0.2172505640230674,-0.0343665376408577,0
2.2137604884363964,0.2518468159620219,0.7475318792908872,-0.1448838105613269,-0.2172505640230674,-0.0343665376408577,0
1.4842746643758793,-0.1361489579327646,-2.3652529763073,-0.1448838105613269,-0.2172505640230674,-0.6799063634110369,0
-0.5582856429935692,-0.1069870217313946,-0.419762441558433,-0.1448838105613269,-0.2172505640230674,4.726489677414214,0
-0.7041828078056727,-0.7363356903369356,-0.0306643346086596,-0.1448838105613269,-0.2172505640230674,-0.0343665376408577,0
3.162092059715069,-0.655780575661203,-0.0306643346086596,-0.1448838105613269,-0.2172505640230674,-1.6482161020663058,0
0.3170973458790516,-0.994238930658078,0.3584337723411137,-0.1448838105613269,-0.2172505640230674,0.3690958534655043,0
1.1195317523456203,1.4802933784447343,-0.0306643346086596,-0.1448838105613269,-0.2172505640230674,-0.0343665376408577,0
-0.7041828078056727,0.8423570877175564,0.3584337723411137,-0.1448838105613269,-0.2172505640230674,-0.0343665376408577,0
0.8277374227214137,0.0013382094633698,1.1366299862406606,-0.1448838105613269,-0.2172505640230674,-0.0343665376408577,0
-0.6312342253996209,2.26867874911989,-0.419762441558433,-0.1448838105613269,-0.2172505640230674,-0.0343665376408577,0
0.0982515986608963,-0.4429552503578278,1.1366299862406606,-0.1448838105613269,-0.2172505640230674,-0.0343665376408577,0
-0.9230285550238276,0.5580755505597202,1.1366299862406606,-0.1448838105613269,-0.2172505640230674,2.386407808997314,0
0.3170973458790516,-0.3093594971755774,1.9148262001402072,-0.1448838105613269,5.7722000615141065,1.1760206356782283,0
0.0253030162548446,-1.0148132447378106,-0.0306643346086596,-0.1448838105613269,-0.2172505640230674,-0.1957514940834025,0
2.286709070842448,-0.5144114622122887,1.1366299862406606,-0.1448838105613269,-0.2172505640230674,-0.0343665376408577,0
0.5359430930972068,0.0294397116210537,1.9148262001402072,1.8701635077678724,-0.2172505640230674,1.5794830267845903,0
-0.4853370605875174,-0.7708376694011538,-0.419762441558433,-0.1448838105613269,-0.2172505640230674,-0.0343665376408577,0
-1.0689257198359312,0.4915143779962036,-0.0306643346086596,-0.1448838105613269,-0.2172505640230674,-0.5992138851897646,0
1.1195317523456203,0.1410503947190244,-0.419762441558433,-0.1448838105613269,-0.2172505640230674,-0.0343665376408577,0
-0.4123884781814657,-0.1276749537443795,-0.8088605485082063,-0.1448838105613269,5.382823768259723,0.127018418801687,0
1.4113260819698277,3.118209504206879,-0.419762441558433,-0.1448838105613269,-0.2172505640230674,0.9339432010144112,0
-1.360720049460138,-0.2621891185537509,-0.0306643346086596,-0.1448838105613269,-0.2172505640230674,-1.6482161020663058,0
1.8490175764061376,0.4713282585217488,-0.0306643346086596,-0.1448838105613269,-0.2172505640230674,-0.0343665376408577,0
-0.7041828078056727,-1.47581800890817,-0.419762441558433,-0.1448838105613269,-0.2172505640230674,0.3690958534655043,0
-1.141874302241983,-0.1225716149091397,-1.1979586554579795,-0.1448838105613269,-0.2172505640230674,-0.0343665376408577,0
2.2137604884363964,0.6594890241483159,1.9148262001402072,-0.1448838105613269,-0.2172505640230674,-2.858603275385392,0
-0.6312342253996209,1.4912007000369354,-0.419762441558433,-0.1448838105613269,-0.2172505640230674,-0.0343665376408577,0
2.1408119060303448,-0.1143153784261544,-1.5870567624077532,-0.1448838105613269,-0.2172505640230674,4.000257373422762,0
-0.6312342253996209,-0.3895737580515537,-0.419762441558433,-0.1448838105613269,4.8843229087429645,-0.0343665376408577,0
1.1924803347516724,0.8940343110250492,-0.419762441558433,-0.1448838105613269,-0.2172505640230674,-0.276443972304675,0
1.265428917157724,2.3307425451588446,1.5257280931904338,-0.1448838105613269,-0.2172505640230674,-0.0343665376408577,0
-0.2664913133693622,1.5063970986094024,-1.1979586554579795,-0.1448838105613269,-0.2172505640230674,-0.3571364505259474,0
-0.9230285550238276,0.0744229450277774,1.5257280931904338,-0.1448838105613269,-0.2172505640230674,-0.0343665376408577,0
-0.047645566151207,-0.1788219600300291,0.3584337723411137,-0.1448838105613269,-0.2172505640230674,-1.2447537109599438,0
-0.9959771374298796,0.0201987863832169,0.7475318792908872,-0.1448838105613269,-0.2172505640230674,0.7725582445718663,0
-0.047645566151207,-0.8534852476809457,1.5257280931904338,-0.1448838105613269,-0.2172505640230674,-0.0343665376408577,0
1.6301718291879828,-1.1494504956415386,-1.5870567624077532,-0.1448838105613269,-0.2172505640230674,1.1760206356782283,0
2.286709070842448,-0.8114844850220894,-0.419762441558433,-0.1448838105613269,-0.2172505640230674,-2.7779107971641195,0
0.9006860051274654,1.043025294162958,0.3584337723411137,-0.1448838105613269,-0.2172505640230674,-0.0343665376408577,0
-0.7041828078056727,2.846719452701008,-0.0306643346086596,-0.1448838105613269,-0.2172505640230674,0.3690958534655043,0
-0.047645566151207,0.4708264459832187,-2.3652529763073,-0.1448838105613269,-0.2172505640230674,-0.3571364505259474,0
-1.214822884648035,-0.2343148522625713,-0.419762441558433,-0.1448838105613269,-0.2172505640230674,-0.0343665376408577,0
-1.360720049460138,-0.3956333811583318,-0.419762441558433,-0.1448838105613269,-0.2172505640230674,-0.0343665376408577,0
0.0253030162548446,0.0392487265251509,-0.0306643346086596,-0.1448838105613269,-0.2172505640230674,-0.0343665376408577,0
-1.141874302241983,0.4207493419023596,-0.0306643346086596,-0.1448838105613269,-0.2172505640230674,-0.0343665376408577,0
-1.0689257198359312,-0.3464178797379678,-0.419762441558433,-0.1448838105613269,-0.2172505640230674,-0.4378289287472198,0
0.6818402579093102,0.5773527265681584,1.5257280931904338,-0.1448838105613269,-0.2172505640230674,-0.4378289287472198,0
-1.214822884648035,-0.4766808402114901,-1.9761548693575264,-0.1448838105613269,-0.2172505640230674,-0.3571364505259474,0
0.0253030162548446,1.6766914442320782,-0.419762441558433,-0.1448838105613269,-0.2172505640230674,-0.4378289287472198,0
-0.9230285550238276,-1.441912523993525,1.1366299862406606,-0.1448838105613269,-0.2172505640230674,0.3690958534655043,0
-1.0689257198359312,0.2505212734074142,1.1366299862406606,-0.1448838105613269,-0.2172505640230674,0.7725582445718663,0
0.3900459282851033,0.5835733084137104,0.7475318792908872,-0.1448838105613269,-0.2172505640230674,-0.0343665376408577,0
-0.7771313902117244,0.1286755081556509,1.1366299862406606,-0.1448838105613269,-0.2172505640230674,-2.616525840721575,0
-0.5582856429935692,-0.7188006559716962,-0.0306643346086596,-0.1448838105613269,-0.2172505640230674,0.7725582445718663,0
0.754788840315362,-0.3200963918679,-0.419762441558433,-0.1448838105613269,-0.2172505640230674,0.7725582445718663,0
-1.360720049460138,-0.2380358395765772,-1.1979586554579795,-0.1448838105613269,-0.2172505640230674,-0.0343665376408577,0
-0.6312342253996209,-0.0321980171682056,1.1366299862406606,-0.1448838105613269,-0.2172505640230674,-0.0343665376408577,0
-0.2664913133693622,-0.0337034547837958,-0.419762441558433,-0.1448838105613269,-0.2172505640230674,0.3690958534655043,0
-0.339439895775414,0.3284347711350356,-1.5870567624077532,-0.1448838105613269,-0.2172505640230674,-0.0343665376408577,0
-0.339439895775414,1.180730229264492,-0.0306643346086596,-0.1448838105613269,-0.2172505640230674,1.5794830267845903,0
1.265428917157724,0.3773567595611651,-1.9761548693575264,-0.1448838105613269,-0.2172505640230674,-0.0343665376408577,0
1.557223246781931,0.3870142838875929,-2.3652529763073,-0.1448838105613269,-0.2172505640230674,-0.4378289287472198,0
1.1195317523456203,-0.886292425907487,0.7475318792908872,-0.1448838105613269,-0.2172505640230674,-0.0343665376408577,0
1.557223246781931,1.5735642334835969,1.5257280931904338,-0.1448838105613269,-0.2172505640230674,0.7725582445718663,0
-0.4123884781814657,2.2254849981618867,1.1366299862406606,-0.1448838105613269,-0.2172505640230674,-0.0343665376408577,0
-1.214822884648035,0.2190301695743763,-0.419762441558433,-0.1448838105613269,-0.2172505640230674,-0.0343665376408577,0
0.0253030162548446,1.539317894769196,0.7475318792908872,-0.1448838105613269,-0.2172505640230674,-0.0343665376408577,0
-0.1935427309633105,-1.5135391627478645,-0.419762441558433,-0.1448838105613269,-0.2172505640230674,0.7725582445718663,0
-0.339439895775414,0.8923868509928938,-0.419762441558433,-0.1448838105613269,-0.2172505640230674,0.7725582445718663,0
0.5359430930972068,-0.6915039475078812,1.1366299862406606,-0.1448838105613269,-0.2172505640230674,-0.3571364505259474,0
0.754788840315362,3.489143651791643,0.3584337723411137,-0.1448838105613269,-0.2172505640230674,-0.0343665376408577,0
-1.141874302241983,-0.5074428956394937,1.1366299862406606,-0.1448838105613269,-0.2172505640230674,-0.6799063634110369,0
0.8277374227214137,0.0431874815445567,1.5257280931904338,-0.1448838105613269,-0.2172505640230674,-0.0343665376408577,0
2.432606235654552,-0.3006771934428968,1.1366299862406606,-0.1448838105613269,-0.2172505640230674,-1.890293536730123,0
1.1195317523456203,0.46003274232427,1.1366299862406606,-0.1448838105613269,-0.2172505640230674,0.7725582445718663,0
0.1712001810669481,-0.1446229621211497,1.5257280931904338,-0.1448838105613269,-0.2172505640230674,-0.0343665376408577,0
-1.5066172142722416,-0.3211378895893775,-0.419762441558433,-0.1448838105613269,-0.2172505640230674,-0.8412913198535819,0
-0.9230285550238276,0.224521703014894,-0.419762441558433,-0.1448838105613269,-0.2172505640230674,-0.0343665376408577,0
0.9736345875335172,0.8992702041157496,-0.419762441558433,-0.1448838105613269,-0.2172505640230674,4.726489677414214,0
-0.1935427309633105,0.0309546173977482,-0.419762441558433,-0.1448838105613269,-0.2172505640230674,1.5794830267845903,0
-0.7041828078056727,-0.3761384374444939,-0.0306643346086596,-0.1448838105613269,3.7261144440945753,-0.0343665376408577,0
-0.7041828078056727,0.5661329556595144,-0.419762441558433,-0.1448838105613269,-0.2172505640230674,0.7725582445718663,0
-0.339439895775414,1.0171109372203768,-0.419762441558433,-0.1448838105613269,-0.2172505640230674,-0.0343665376408577,0
-0.5582856429935692,0.2238021227709641,-2.3652529763073,-0.1448838105613269,-0.2172505640230674,-1.6482161020663058,0
-0.2664913133693622,-0.5904692003634593,-0.0306643346086596,-0.1448838105613269,-0.2172505640230674,-0.0343665376408577,0
-0.4123884781814657,-0.3130899526506877,1.1366299862406606,0.3010714831982968,-0.2172505640230674,0.2077108970229594,0
0.462994510691155,0.6924287566303179,1.1366299862406606,-0.1448838105613269,-0.2172505640230674,-0.0343665376408577,0
-0.7041828078056727,-0.6912483071580641,1.1366299862406606,-0.1448838105613269,-0.2172505640230674,-0.0343665376408577,0
-0.4853370605875174,-0.4904002056516801,-0.0306643346086596,-0.1448838105613269,-0.2172505640230674,-0.8412913198535819,0
1.8490175764061376,-0.5184543670038423,-0.419762441558433,-0.1448838105613269,-0.2172505640230674,-2.293755927836485,0
1.1924803347516724,-1.2791832390932178,-0.419762441558433,-0.1448838105613269,-0.2172505640230674,-0.0343665376408577,0
0.3170973458790516,2.5238930316873995,1.5257280931904338,-0.1448838105613269,-0.2172505640230674,0.7725582445718663,0
0.6818402579093102,1.3559764231447382,0.7475318792908872,-0.1448838105613269,-0.2172505640230674,-0.0343665376408577,0
0.1712001810669481,-1.51403150712529,-0.0306643346086596,-0.1448838105613269,-0.2172505640230674,1.5794830267845903,0
0.9006860051274654,-0.4190670798915756,-0.0306643346086596,0.2712964229833686,-0.2172505640230674,0.6111732881293215,0
0.3170973458790516,-0.3048431843288068,-0.419762441558433,-0.1448838105613269,-0.2172505640230674,0.6111732881293215,0
0.9736345875335172,-0.6852549611790163,-3.1434491902068467,-0.1448838105613269,-0.2172505640230674,0.7725582445718663,0
-1.0689257198359312,2.58623140439838,1.1366299862406606,-0.1448838105613269,-0.2172505640230674,-0.0343665376408577,0
-0.7771313902117244,-0.1755081036435098,0.3584337723411137,-0.1448838105613269,-0.2172505640230674,-0.0343665376408577,0
-0.7771313902117244,-0.3223782186940462,-0.0306643346086596,-0.1448838105613269,-0.2172505640230674,0.7725582445718663,0
-0.9959771374298796,0.1170580744806246,1.5257280931904338,-0.1448838105613269,-0.2172505640230674,0.3690958534655043,0
-1.214822884648035,0.0122928718610923,-0.419762441558433,-0.1448838105613269,-0.2172505640230674,-0.0343665376408577,0
-0.1935427309633105,-0.0752592138707481,-1.5870567624077532,-0.1448838105613269,-0.2172505640230674,1.5794830267845903,0
0.0982515986608963,0.1050619143614246,-0.419762441558433,1.778960620623047,-0.2172505640230674,-0.0343665376408577,0
1.3383774995637758,0.0102004082570329,-1.9761548693575264,-0.1448838105613269,-0.2172505640230674,-0.0343665376408577,0
-0.2664913133693622,-0.947863877569016,-0.0306643346086596,-0.1448838105613269,-0.2172505640230674,1.1760206356782283,0
2.067863323624293,0.8027233653347853,-2.3652529763073,-0.1448838105613269,-0.2172505640230674,-0.0343665376408577,0
0.1712001810669481,2.35782148591726,1.5257280931904338,-0.1448838105613269,-0.2172505640230674,-2.858603275385392,0
-0.1205941485572587,-0.8823063300825595,0.7475318792908872,0.5495993506679457,-0.2172505640230674,-0.1957514940834025,0
-0.339439895775414,0.3712592638099696,-0.0306643346086596,-0.1448838105613269,-0.2172505640230674,-0.0343665376408577,0
-0.2664913133693622,-0.4235360519328245,-0.419762441558433,-0.1448838105613269,-0.2172505640230674,0.127018418801687,0
0.9736345875335172,-0.0735549448719668,-0.419762441558433,-0.1448838105613269,-0.2172505640230674,-1.6482161020663058,0
0.8277374227214137,0.6921920526027094,1.5257280931904338,-0.1448838105613269,-0.2172505640230674,0.3690958534655043,0
-0.9959771374298796,-1.0354159633008564,0.3584337723411137,0.5076191982027541,-0.2172505640230674,-0.0343665376408577,0
0.9736345875335172,-0.9418989360732812,-2.3652529763073,-0.1448838105613269,-0.2172505640230674,-1.970986014951396,0
2.067863323624293,-0.7996208791583502,-0.0306643346086596,-0.1448838105613269,-0.2172505640230674,-1.2447537109599438,0
0.5359430930972068,0.7184851359894642,-0.419762441558433,-0.1448838105613269,-0.2172505640230674,-0.0343665376408577,0
0.2441487634729998,0.9918972241995168,1.5257280931904338,-0.1448838105613269,-0.2172505640230674,-0.0343665376408577,0
0.5359430930972068,3.746469334285421,-1.9761548693575264,-0.1448838105613269,-0.2172505640230674,-0.0343665376408577,0
1.7031204115940344,0.3340683269921184,-1.5870567624077532,-0.1448838105613269,-0.2172505640230674,-0.0343665376408577,0
-0.2664913133693622,-0.8645345916897116,1.1366299862406606,-0.1448838105613269,-0.2172505640230674,-0.0343665376408577,0
0.6818402579093102,-0.3790072902591092,-0.419762441558433,-0.1448838105613269,-0.2172505640230674,-0.0343665376408577,0
-0.2664913133693622,-0.2183704689628611,-0.419762441558433,-0.1448838105613269,-0.2172505640230674,-0.0343665376408577,0
0.0982515986608963,0.3062129970231474,1.5257280931904338,-0.1448838105613269,-0.2172505640230674,0.3690958534655043,0
-0.850079972617776,2.0057195107690298,-0.419762441558433,-0.1448838105613269,-0.2172505640230674,-0.0343665376408577,0
-1.141874302241983,-0.5533161361900255,1.1366299862406606,-0.1448838105613269,-0.2172505640230674,0.7725582445718663,0
-1.214822884648035,-1.484121586196677,-0.0306643346086596,-0.1448838105613269,-0.2172505640230674,-1.6482161020663058,0
-0.6312342253996209,1.4912007000369354,1.1366299862406606,1.6724678376921776,-0.2172505640230674,0.3690958534655043,0
-0.9230285550238276,2.229016622253806,1.5257280931904338,0.146697184516394,-0.2172505640230674,-0.0343665376408577,0
-0.339439895775414,-1.0269514272735758,-0.419762441558433,-0.1448838105613269,-0.2172505640230674,-0.0343665376408577,0
-0.2664913133693622,0.0553540685636348,-0.419762441558433,-0.1448838105613269,-0.2172505640230674,-0.0343665376408577,0
-0.047645566151207,-0.8901554356380581,-0.419762441558433,-0.1448838105613269,-0.2172505640230674,1.5794830267845903,0
1.557223246781931,0.3221668484839619,-3.1434491902068467,-0.1448838105613269,-0.2172505640230674,-0.1957514940834025,0
0.5359430930972068,-0.5373906892125241,-0.419762441558433,-0.1448838105613269,-0.2172505640230674,0.3690958534655043,0
0.0982515986608963,-0.1745518193719714,0.3584337723411137,-0.1448838105613269,-0.2172505640230674,-1.3254461891812162,0
0.6088916755032585,-0.8900891585103278,-0.0306643346086596,-0.1448838105613269,-0.2172505640230674,0.3690958534655043,0
-0.047645566151207,0.8415996348292092,1.1366299862406606,-0.1448838105613269,-0.2172505640230674,0.7725582445718663,0
-0.1205941485572587,-1.4270569792208143,-0.419762441558433,-0.1448838105613269,-0.2172505640230674,0.7725582445718663,0
1.046583169939569,-0.7501118647437516,-0.0306643346086596,-0.1448838105613269,-0.2172505640230674,1.5794830267845903,0
-0.6312342253996209,-0.1323616934910282,-0.0306643346086596,-0.1448838105613269,-0.2172505640230674,-0.0343665376408577,0
-1.5066172142722416,-0.7045416053485587,-1.5870567624077532,-0.1448838105613269,-0.2172505640230674,-0.0343665376408577,0
-0.4123884781814657,-0.7298594681415663,-0.0306643346086596,-0.1448838105613269,-0.2172505640230674,-1.2447537109599438,0
-0.1205941485572587,0.9643164709025718,1.1366299862406606,1.8701635077678724,-0.2172505640230674,1.1760206356782283,0
-1.360720049460138,0.0766668992095062,-0.0306643346086596,-0.1448838105613269,-0.2172505640230674,-0.3571364505259474,0
-0.7771313902117244,-0.0992136614647306,-0.419762441558433,-0.1448838105613269,-0.2172505640230674,-0.4378289287472198,0
1.3383774995637758,-0.5100845125876049,-1.5870567624077532,-0.1448838105613269,-0.2172505640230674,0.6111732881293215,0
-0.1935427309633105,-1.407467353895933,-0.0306643346086596,-0.1448838105613269,-0.2172505640230674,0.9339432010144112,0
-0.2664913133693622,0.6374187406140972,-2.754351083257073,-0.1448838105613269,-0.2172505640230674,-2.051678493172668,0
0.5359430930972068,-0.3760816284778678,1.1366299862406606,-0.1448838105613269,-0.2172505640230674,0.3690958534655043,0
-1.5066172142722416,1.6709821430861609,-0.419762441558433,-0.1448838105613269,-0.2172505640230674,-0.8412913198535819,0
-0.7041828078056727,-0.7829947882591276,1.5257280931904338,-0.1448838105613269,-0.2172505640230674,-0.4378289287472198,0
-0.5582856429935692,-1.379668832893588,1.1366299862406606,-0.1448838105613269,-0.2172505640230674,-0.4378289287472198,0
-0.850079972617776,-0.2717140886247179,-0.419762441558433,-0.1448838105613269,-0.2172505640230674,0.7725582445718663,0
-0.339439895775414,0.1266966624848436,-0.419762441558433,-0.1448838105613269,-0.2172505640230674,0.7725582445718663,0
-0.5582856429935692,0.9403146825030676,-0.0306643346086596,-0.1448838105613269,-0.2172505640230674,-0.0343665376408577,0
-0.9959771374298796,-1.162071554393625,-0.419762441558433,-0.1448838105613269,-0.2172505640230674,-0.4378289287472198,0
1.1924803347516724,-0.19612029036766,-0.0306643346086596,-0.1448838105613269,-0.2172505640230674,-0.0343665376408577,0
-0.1205941485572587,-0.1962623127842251,1.5257280931904338,-0.1448838105613269,-0.2172505640230674,1.1760206356782283,0
1.8490175764061376,-1.3452425991182044,-0.0306643346086596,1.8701635077678724,-0.2172505640230674,0.7725582445718663,0
1.8490175764061376,0.7845444960144508,-0.419762441558433,-0.1448838105613269,-0.2172505640230674,-0.0343665376408577,0
-0.1205941485572587,-0.2805857555794853,-0.0306643346086596,-0.1448838105613269,-0.2172505640230674,-0.0343665376408577,0
0.6088916755032585,-1.0095300108415883,1.1366299862406606,-0.1448838105613269,-0.2172505640230674,-1.809601058508851,0
-1.360720049460138,0.9045723743341806,-0.0306643346086596,-0.1448838105613269,-0.2172505640230674,-0.8412913198535819,0
-1.43366863186619,3.2266010125293736,-0.419762441558433,-0.1448838105613269,-0.2172505640230674,0.7725582445718663,0
1.046583169939569,-0.5003607111334468,-1.1979586554579795,-0.1448838105613269,-0.2172505640230674,-0.8412913198535819,0
-1.5066172142722416,0.4613961575232951,-0.0306643346086596,-0.1448838105613269,-0.2172505640230674,-1.2447537109599438,0
0.3900459282851033,0.6731042398163581,-0.419762441558433,-0.1448838105613269,-0.2172505640230674,-0.0343665376408577,0
1.7760689940000862,0.3088451458101542,-0.419762441558433,-0.1448838105613269,-0.2172505640230674,-0.0343665376408577,0
-0.1205941485572587,-1.509250085767598,-1.1979586554579795,-0.1448838105613269,-0.2172505640230674,1.5794830267845903,0
-0.1205941485572587,-0.2194024985232343,-0.419762441558433,-0.1448838105613269,-0.2172505640230674,-0.1957514940834025,0
-0.7041828078056727,-0.1043454047832834,-0.419762441558433,-0.1448838105613269,-0.2172505640230674,-1.6482161020663058,0
0.3170973458790516,0.3121211295522562,-1.1979586554579795,-0.1448838105613269,-0.2172505640230674,3.1933325912100385,0
-1.141874302241983,0.0757106149379678,-0.0306643346086596,-0.1448838105613269,-0.2172505640230674,-1.3254461891812162,0
0.462994510691155,2.2872742175288154,-0.0306643346086596,-0.1448838105613269,-0.2172505640230674,-0.0343665376408577,0
-0.9230285550238276,0.6498599043052011,-1.5870567624077532,-0.1448838105613269,-0.2172505640230674,4.726489677414214,0
-0.7771313902117244,-0.9278765894777524,1.1366299862406606,-0.1448838105613269,-0.2172505640230674,-0.0343665376408577,0
-0.1205941485572587,0.2932700207935134,-0.419762441558433,-0.1448838105613269,-0.2172505640230674,-0.0343665376408577,0
-0.4123884781814657,-0.7414200928499666,1.1366299862406606,-0.1448838105613269,-0.2172505640230674,0.3690958534655043,0
0.8277374227214137,-0.8567233587786304,-0.419762441558433,-0.1448838105613269,-0.2172505640230674,-0.0343665376408577,0
0.462994510691155,0.3062129970231474,1.1366299862406606,-0.1448838105613269,-0.2172505640230674,-0.0343665376408577,0
0.2441487634729998,2.464139466957904,1.1366299862406606,-0.1448838105613269,-0.2172505640230674,-0.0343665376408577,0
0.6818402579093102,0.1959846654464105,-0.419762441558433,-0.1448838105613269,-0.2172505640230674,-0.0343665376408577,0
0.8277374227214137,-0.9297228808930988,-0.419762441558433,-0.1448838105613269,-0.2172505640230674,-0.0343665376408577,0
0.6088916755032585,0.260292415667094,-0.419762441558433,-0.1448838105613269,-0.2172505640230674,-2.1323709713939403,0
1.557223246781931,-0.2794495762469644,1.1366299862406606,-0.1448838105613269,-0.2172505640230674,-2.293755927836485,0
0.3170973458790516,1.96074574552341,1.1366299862406606,-0.1448838105613269,4.462705266365607,2.386407808997314,0
-1.360720049460138,0.1413249713910503,-0.0306643346086596,-0.1448838105613269,-0.2172505640230674,-0.6799063634110369,0
-0.6312342253996209,1.291782290857307,-0.419762441558433,-0.1448838105613269,-0.2172505640230674,-0.0343665376408577,0
-0.1935427309633105,-1.210898861208711,-0.0306643346086596,-0.1448838105613269,-0.2172505640230674,1.5794830267845903,0
0.1712001810669481,1.2154878486785277,-0.0306643346086596,-0.1448838105613269,-0.2172505640230674,0.6111732881293215,0
0.3170973458790516,0.2116828765574077,1.1366299862406606,-0.1448838105613269,-0.2172505640230674,-0.1957514940834025,0
-0.047645566151207,0.1111594101126201,1.1366299862406606,-0.1448838105613269,-0.2172505640230674,-0.0343665376408577,0
-1.360720049460138,-1.3301882229623023,-0.0306643346086596,-0.1448838105613269,-0.2172505640230674,-0.4378289287472198,0
0.6088916755032585,-0.3234386527377323,-0.419762441558433,-0.1448838105613269,-0.2172505640230674,-0.4378289287472198,0
2.578503400466655,1.4322424608402045,-1.9761548693575264,0.3206532795558623,-0.2172505640230674,-0.0343665376408577,0
-1.214822884648035,-0.2537529870097832,-0.0306643346086596,-0.1448838105613269,-0.2172505640230674,1.9829454178909525,0
-0.2664913133693622,-1.487842573510683,-0.0306643346086596,-0.1448838105613269,-0.2172505640230674,-0.0343665376408577,0
-1.360720049460138,-0.572157776787664,-0.0306643346086596,-0.1448838105613269,-0.2172505640230674,-0.8412913198535819,0
1.7031204115940344,0.2972466484573366,-0.0306643346086596,-0.1448838105613269,-0.2172505640230674,-0.0343665376408577,0
-0.047645566151207,-1.085483599220611,-2.3652529763073,-0.1448838105613269,-0.2172505640230674,-0.0343665376408577,0
-0.850079972617776,-1.4431339167759851,-0.0306643346086596,-0.1448838105613269,3.8774007745946864,-0.0343665376408577,0
0.3900459282851033,1.621084934066284,1.5257280931904338,-0.1448838105613269,-0.2172505640230674,-0.0343665376408577,0
-0.2664913133693622,-0.2335100585687023,0.3584337723411137,0.4433748115227963,-0.2172505640230674,0.127018418801687,0
0.8277374227214137,0.1195482008510662,0.3584337723411137,-0.1448838105613269,-0.2172505640230674,-0.0343665376408577,0
0.8277374227214137,-0.2461595218041017,-0.419762441558433,-0.1448838105613269,-0.2172505640230674,-0.0343665376408577,0
-0.7041828078056727,0.3618763161555677,-0.419762441558433,-0.1448838105613269,-0.2172505640230674,-0.0343665376408577,0
-1.360720049460138,1.055977738553696,-0.0306643346086596,-0.1448838105613269,-0.2172505640230674,-1.3254461891812162,0
0.0982515986608963,-0.0186301423056851,1.1366299862406606,-0.1448838105613269,-0.2172505640230674,-0.0343665376408577,0
-0.7771313902117244,-1.470733606395139,-0.419762441558433,1.7440889284794374,-0.2172505640230674,-0.0343665376408577,0
0.8277374227214137,-0.5132184739131418,1.1366299862406606,-0.1448838105613269,-0.2172505640230674,0.7725582445718663,0
-0.850079972617776,2.104586049020557,1.1366299862406606,-0.1448838105613269,-0.2172505640230674,1.5794830267845903,0
1.1195317523456203,-0.7956253151723184,-1.9761548693575264,-0.1448838105613269,-0.2172505640230674,-0.0343665376408577,0
-1.141874302241983,0.6433742139487276,1.1366299862406606,-0.1448838105613269,-0.2172505640230674,0.3690958534655043,0
-0.7041828078056727,-0.1052732845715088,-0.419762441558433,-0.1448838105613269,-0.2172505640230674,-0.0343665376408577,0
1.7031204115940344,0.1274067745676692,-1.9761548693575264,-0.1448838105613269,-0.2172505640230674,-0.0343665376408577,0
0.1712001810669481,-1.3405274548882429,-2.3652529763073,-0.1448838105613269,3.7261144440945753,-0.0343665376408577,0
1.265428917157724,-0.6727664566823905,1.5257280931904338,-0.1448838105613269,-0.2172505640230674,-0.3571364505259474,0
-0.4123884781814657,0.1495906760351399,-0.0306643346086596,-0.1448838105613269,-0.2172505640230674,-0.0343665376408577,0
0.1712001810669481,-0.7281646673038893,-0.419762441558433,-0.1448838105613269,-0.2172505640230674,-0.0343665376408577,0
-1.5066172142722416,-0.0230044327358906,-1.1979586554579795,-0.1448838105613269,-0.2172505640230674,-1.809601058508851,0
-0.2664913133693622,-0.9605890860932502,1.1366299862406606,-0.1448838105613269,-0.2172505640230674,-0.0343665376408577,0
-0.4123884781814657,0.4432172882029606,1.1366299862406606,-0.1448838105613269,-0.2172505640230674,-2.45514088427903,0
-1.0689257198359312,-0.3915526037223609,-0.419762441558433,-0.1448838105613269,-0.2172505640230674,0.3690958534655043,0
0.9006860051274654,-0.0573643893835438,0.7475318792908872,-0.1448838105613269,-0.2172505640230674,1.1760206356782283,0
-0.1205941485572587,-1.1179783281307094,-0.419762441558433,-0.1448838105613269,-0.2172505640230674,-1.890293536730123,0
0.1712001810669481,-0.177486949314317,1.5257280931904338,-0.1448838105613269,-0.2172505640230674,-0.0343665376408577,0
-0.6312342253996209,0.0631747696358204,-0.0306643346086596,-0.1448838105613269,-0.2172505640230674,-1.2447537109599438,0
-0.9959771374298796,-0.6207199750918285,-0.419762441558433,-0.1448838105613269,-0.2172505640230674,-0.1957514940834025,0
-1.360720049460138,-1.4287233755751785,-1.5870567624077532,-0.1448838105613269,-0.2172505640230674,0.7725582445718663,0
0.3170973458790516,-0.7281646673038893,-0.419762441558433,1.0104421745350338,-0.2172505640230674,0.2077108970229594,0
-0.1935427309633105,1.4023136035893828,-0.0306643346086596,-0.1448838105613269,-0.2172505640230674,1.5794830267845903,0
-0.4123884781814657,1.4466245975576983,0.7475318792908872,-0.1448838105613269,-0.2172505640230674,1.256713113899501,0
0.2441487634729998,-0.2817598075564236,-0.419762441558433,-0.1448838105613269,-0.2172505640230674,-1.3254461891812162,0
3.0161948949029656,0.5945658434558502,0.3584337723411137,-0.1448838105613269,-0.2172505640230674,-1.3254461891812162,0
0.0253030162548446,0.3849691610890552,-0.419762441558433,-0.1448838105613269,-0.2172505640230674,-0.4378289287472198,0
-1.2877714670540863,1.074800442829126,-0.0306643346086596,-0.1448838105613269,-0.2172505640230674,-0.0343665376408577,0
2.5055548180606038,-0.1573860432898013,1.1366299862406606,-0.1448838105613269,-0.2172505640230674,-2.051678493172668,0
0.0253030162548446,-0.2797809618856163,-0.0306643346086596,-0.1448838105613269,-0.2172505640230674,-0.0343665376408577,0
0.3900459282851033,0.2186230386468896,1.1366299862406606,-0.1448838105613269,-0.2172505640230674,1.5794830267845903,0
-0.4853370605875174,0.1342522550461077,-0.0306643346086596,-0.1448838105613269,-0.2172505640230674,-0.0343665376408577,0
0.0982515986608963,-0.070563005962995,-0.0306643346086596,-0.1448838105613269,-0.2172505640230674,-0.0343665376408577,0
-0.1205941485572587,4.921316636756459,-0.419762441558433,-0.1448838105613269,-0.2172505640230674,-0.0343665376408577,0
3.745680718963482,1.1770471145949035,-0.419762441558433,-0.1448838105613269,-0.2172505640230674,-0.0343665376408577,0
0.9006860051274654,0.2236979729988163,-0.419762441558433,-0.1448838105613269,-0.2172505640230674,-0.8412913198535819,0
-1.43366863186619,0.2847297394773979,-0.0306643346086596,-0.1448838105613269,-0.2172505640230674,-2.051678493172668,0
-0.9959771374298796,0.2563157880032708,1.1366299862406606,-0.1448838105613269,-0.2172505640230674,0.3690958534655043,0
-0.4123884781814657,0.6592807246040204,-0.0306643346086596,-0.1448838105613269,-0.2172505640230674,0.0463259405804146,0
0.6818402579093102,-1.1753269799397024,-0.419762441558433,-0.1448838105613269,-0.2172505640230674,0.7725582445718663,0
-1.43366863186619,-0.2941441622809015,-0.419762441558433,-0.1448838105613269,-0.2172505640230674,-0.276443972304675,0
-0.1935427309633105,0.0197348464891042,-0.419762441558433,-0.1448838105613269,-0.2172505640230674,0.7725582445718663,0
-0.2664913133693622,-0.7244815526343007,-0.419762441558433,-0.1448838105613269,-0.2172505640230674,-0.0343665376408577,0
-0.6312342253996209,0.5067391810519838,1.9148262001402072,-0.1448838105613269,-0.2172505640230674,-1.6482161020663058,0
-0.850079972617776,-0.2706252500977187,-0.419762441558433,-0.1448838105613269,-0.2172505640230674,-0.0343665376408577,0
-1.0689257198359312,-0.3323197878536041,-0.0306643346086596,-0.1448838105613269,-0.2172505640230674,-1.6482161020663058,0
-1.5066172142722416,-0.0535297841362857,-1.1979586554579795,-0.1448838105613269,-0.2172505640230674,-1.6482161020663058,0
-1.5066172142722416,0.2045438830847347,-0.419762441558433,-0.1448838105613269,-0.2172505640230674,-1.7289085802875783,0
0.3170973458790516,-0.1670625039384377,-0.419762441558433,-0.1448838105613269,-0.2172505640230674,-0.0343665376408577,0
-1.141874302241983,2.2989673964926767,1.1366299862406606,-0.1448838105613269,-0.2172505640230674,1.5794830267845903,0
-0.047645566151207,1.807219513216522,-0.419762441558433,-0.1448838105613269,-0.2172505640230674,-0.8412913198535819,0
1.557223246781931,-0.7196906631155042,-0.0306643346086596,-0.1448838105613269,-0.2172505640230674,-0.4378289287472198,0
-0.339439895775414,-0.251471160183637,1.5257280931904338,-0.1448838105613269,-0.2172505640230674,-0.0343665376408577,0
-1.360720049460138,-1.320871552435631,-0.0306643346086596,-0.1448838105613269,-0.2172505640230674,-1.2447537109599438,0
-0.4123884781814657,-0.6733629508319641,-0.419762441558433,-0.1448838105613269,-0.2172505640230674,-0.0343665376408577,0
-0.2664913133693622,-0.8550948350686837,1.1366299862406606,-0.1448838105613269,-0.2172505640230674,-0.0343665376408577,0
-0.6312342253996209,-0.7224743024801804,1.1366299862406606,-0.1448838105613269,-0.2172505640230674,-1.809601058508851,0
-0.1205941485572587,0.7539528674863253,-0.0306643346086596,-0.1448838105613269,-0.2172505640230674,-1.0833687545173991,0
-0.1935427309633105,0.1595417133558023,1.1366299862406606,-0.1448838105613269,-0.2172505640230674,-0.0343665376408577,0
-0.9230285550238276,0.8963824149789257,-0.419762441558433,-0.1448838105613269,-0.2172505640230674,-0.0343665376408577,0
1.265428917157724,1.6124499711391251,1.5257280931904338,-0.1448838105613269,-0.2172505640230674,1.5794830267845903,0
-0.5582856429935692,-0.41419097692284,-0.0306643346086596,-0.1448838105613269,-0.2172505640230674,-0.4378289287472198,0
0.3170973458790516,-0.4974918583188314,-0.0306643346086596,-0.1448838105613269,-0.2172505640230674,-0.0343665376408577,0
-0.7041828078056727,1.413902632781096,0.3584337723411137,-0.1448838105613269,-0.2172505640230674,-0.0343665376408577,0
0.0982515986608963,-0.7542399829852442,-1.5870567624077532,-0.1448838105613269,-0.2172505640230674,-0.0343665376408577,0
0.2441487634729998,-1.2610327742561962,-0.0306643346086596,-0.1448838105613269,-0.2172505640230674,-2.1323709713939403,0
-1.2877714670540863,0.5435229869423484,-0.419762441558433,-0.1448838105613269,-0.2172505640230674,-1.2447537109599438,0
-0.4123884781814657,-0.8705658103131767,-0.419762441558433,-0.1448838105613269,3.929482953947184,-0.0343665376408577,0
-1.141874302241983,1.9545062273556493,-0.419762441558433,-0.1448838105613269,-0.2172505640230674,-1.2447537109599438,0
-1.141874302241983,0.5217083437579468,-0.0306643346086596,-0.1448838105613269,-0.2172505640230674,-1.6482161020663058,0
-0.1205941485572587,-0.6034689855597194,0.7475318792908872,0.8862453017466392,-0.2172505640230674,0.7725582445718663,0
-0.1205941485572587,-0.8590335900880895,1.5257280931904338,-0.1448838105613269,-0.2172505640230674,-0.0343665376408577,0
-0.5582856429935692,1.869453736155355,-0.0306643346086596,-0.1448838105613269,-0.2172505640230674,-0.3571364505259474,0
0.2441487634729998,1.2410329473380397,-0.419762441558433,0.3792645467356985,-0.2172505640230674,0.3690958534655043,0
0.2441487634729998,0.767302974643446,-1.9761548693575264,-0.1448838105613269,-0.2172505640230674,-0.0343665376408577,0
-0.9959771374298796,-0.7732520504827608,-0.0306643346086596,-0.1448838105613269,-0.2172505640230674,0.3690958534655043,0
-0.4123884781814657,0.0281615098719676,-0.419762441558433,-0.1448838105613269,-0.2172505640230674,-0.4378289287472198,0
0.462994510691155,0.4353113736808359,1.1366299862406606,-0.1448838105613269,-0.2172505640230674,-0.0343665376408577,0
1.3383774995637758,0.2095714766311397,1.1366299862406606,0.2712964229833686,-0.2172505640230674,0.7725582445718663,0
-0.9959771374298796,1.1815728956027785,-0.419762441558433,-0.1448838105613269,-0.2172505640230674,-0.0343665376408577,0
1.046583169939569,-0.6780307542564041,-0.419762441558433,-0.1448838105613269,-0.2172505640230674,-0.0343665376408577,0
-0.047645566151207,1.750230651529494,1.1366299862406606,-0.1448838105613269,-0.2172505640230674,-0.0343665376408577,0
0.8277374227214137,0.010342430673598,-2.754351083257073,-0.1448838105613269,-0.2172505640230674,-0.0343665376408577,0
0.6088916755032585,-0.6522489515692839,1.5257280931904338,1.8701635077678724,-0.2172505640230674,-0.0343665376408577,0
0.0982515986608963,0.1032440274293911,0.7475318792908872,-0.1448838105613269,-0.2172505640230674,0.2884033752442319,0
1.557223246781931,0.1362689733613323,1.5257280931904338,-0.1448838105613269,-0.2172505640230674,0.6111732881293215,0
-1.214822884648035,-0.5581070257088221,-0.0306643346086596,-0.1448838105613269,-0.2172505640230674,-1.2447537109599438,0
0.9736345875335172,-0.1498872596951633,-1.5870567624077532,-0.1448838105613269,-0.2172505640230674,1.5794830267845903,0
-1.5795657966782934,-0.3745951271844863,-1.5870567624077532,-0.1448838105613269,-0.2172505640230674,-1.6482161020663058,0
-0.9959771374298796,-1.360145484696437,-0.419762441558433,-0.1448838105613269,-0.2172505640230674,0.7725582445718663,0
-0.6312342253996209,0.4291381326408056,-0.0306643346086596,-0.1448838105613269,-0.2172505640230674,-0.0343665376408577,0
-0.850079972617776,0.5437786272921655,-1.5870567624077532,-0.1448838105613269,-0.2172505640230674,-0.0343665376408577,0
-0.4853370605875174,-1.1237255019210444,0.3584337723411137,-0.1448838105613269,-0.2172505640230674,-0.0343665376408577,0
-0.047645566151207,0.0438786573051736,-0.0306643346086596,-0.1448838105613269,-0.2172505640230674,1.1760206356782283,0
-0.339439895775414,0.0647843570235583,-0.419762441558433,-0.1448838105613269,5.913565976899456,-0.4378289287472198,0
0.5359430930972068,0.5789907184392094,1.9148262001402072,1.8701635077678724,-0.2172505640230674,-0.0343665376408577,0
2.1408119060303448,-0.4318775018657489,-0.419762441558433,0.3671935763782952,-0.2172505640230674,-0.0343665376408577,0
-0.1935427309633105,1.1989375030681395,1.1366299862406606,-0.1448838105613269,-0.2172505640230674,-0.0343665376408577,0
-0.339439895775414,0.10843257971457,-0.0306643346086596,-0.1448838105613269,-0.2172505640230674,0.6111732881293215,0
-1.360720049460138,1.4479596082734103,-0.0306643346086596,-0.1448838105613269,-0.2172505640230674,-0.4378289287472198,0
0.1712001810669481,2.085195255078867,-1.5870567624077532,-0.1448838105613269,-0.2172505640230674,-0.5992138851897646,0
-0.047645566151207,2.9267538185160014,-0.419762441558433,-0.1448838105613269,-0.2172505640230674,-0.0343665376408577,0
-0.1935427309633105,-0.0768498649362774,-0.419762441558433,-0.1448838105613269,-0.2172505640230674,-0.0343665376408577,0
0.0253030162548446,-0.8578595381111512,1.1366299862406606,-0.1448838105613269,-0.2172505640230674,-0.0343665376408577,0
-0.7771313902117244,0.566871472225653,-0.0306643346086596,-0.1448838105613269,-0.2172505640230674,-0.0343665376408577,0
-0.2664913133693622,-1.2264550499031432,-1.5870567624077532,-0.1448838105613269,-0.2172505640230674,-0.0343665376408577,0
0.9736345875335172,0.5107726176824331,-2.754351083257073,0.4051500720576858,-0.2172505640230674,-0.0343665376408577,0
-1.5066172142722416,-0.3518526042118594,-1.1979586554579795,-0.1448838105613269,-0.2172505640230674,-1.6482161020663058,0
1.1924803347516724,-0.3085736398039171,-0.0306643346086596,-0.1448838105613269,-0.2172505640230674,-0.0343665376408577,0
-1.0689257198359312,0.10060241048128,-0.0306643346086596,-0.1448838105613269,-0.2172505640230674,-0.4378289287472198,0
0.2441487634729998,-0.2910859462441994,0.7475318792908872,-0.1448838105613269,-0.2172505640230674,-0.0343665376408577,0
0.3170973458790516,-1.2006827153771271,-0.0306643346086596,-0.1448838105613269,-0.2172505640230674,1.5794830267845903,0
1.046583169939569,-0.2583734496287015,-3.1434491902068467,-0.1448838105613269,-0.2172505640230674,0.7725582445718663,0
-0.9959771374298796,-0.6312485702398557,-0.0306643346086596,-0.1448838105613269,-0.2172505640230674,-0.0343665376408577,0
1.7031204115940344,0.4341278535427933,-0.419762441558433,-0.1448838105613269,-0.2172505640230674,0.6111732881293215,0
-0.339439895775414,-0.0688208643197963,0.7475318792908872,-0.1448838105613269,-0.2172505640230674,-0.0343665376408577,0
-1.5795657966782934,0.3041868105468185,-0.8088605485082063,-0.0652154062024648,-0.2172505640230674,-1.6482161020663058,0
-0.9959771374298796,-1.2947583641098586,0.7475318792908872,-0.1448838105613269,-0.2172505640230674,0.3690958534655043,0
-1.141874302241983,3.3456536702553565,-0.419762441558433,-0.1448838105613269,-0.2172505640230674,-0.0343665376408577,0
0.9736345875335172,-0.1412428286069,-0.419762441558433,-0.1448838105613269,-0.2172505640230674,1.5794830267845903,0
1.1924803347516724,-0.5864736363774274,-0.419762441558433,-0.1448838105613269,-0.2172505640230674,0.7725582445718663,0
-0.339439895775414,-0.8145237647365828,-0.419762441558433,-0.1448838105613269,3.8774007745946864,-0.0343665376408577,0
-0.4123884781814657,-0.7721632119557615,-0.419762441558433,-0.1448838105613269,-0.2172505640230674,-0.0343665376408577,0
1.265428917157724,-0.4506244608523439,-0.0306643346086596,-0.1448838105613269,-0.2172505640230674,1.5794830267845903,0
-0.2664913133693622,0.3103695197479531,1.1366299862406606,-0.1448838105613269,-0.2172505640230674,-0.0343665376408577,0
-1.141874302241983,-0.4630466882212392,0.3584337723411137,-0.1448838105613269,-0.2172505640230674,-2.051678493172668,0
-0.339439895775414,-1.0344786153515269,-0.0306643346086596,-0.1448838105613269,-0.2172505640230674,-0.0343665376408577,0
-1.214822884648035,1.0785119619820276,-0.0306643346086596,-0.1448838105613269,3.7558756894388594,-2.616525840721575,0
-0.1205941485572587,2.8075402020512445,-0.0306643346086596,-0.1448838105613269,-0.2172505640230674,0.7725582445718663,0
-0.5582856429935692,-0.0557832064791189,1.1366299862406606,-0.1448838105613269,-0.2172505640230674,0.3690958534655043,0
1.3383774995637758,2.1013100652784558,-1.9761548693575264,-0.1448838105613269,-0.2172505640230674,0.3690958534655043,0
-0.2664913133693622,1.0228202383662943,-0.0306643346086596,-0.1448838105613269,-0.2172505640230674,-0.0343665376408577,0
-0.6312342253996209,-0.96813521049341,1.1366299862406606,-0.1448838105613269,-0.2172505640230674,0.3690958534655043,0
-0.339439895775414,0.0561683304186081,0.7475318792908872,-0.1448838105613269,-0.2172505640230674,0.2884033752442319,0
1.4113260819698277,-0.8720901842509756,-0.419762441558433,-0.1448838105613269,-0.2172505640230674,-0.1957514940834025,0
-0.047645566151207,0.1275203925009213,1.1366299862406606,-0.1448838105613269,-0.2172505640230674,0.7725582445718663,0
0.9736345875335172,-1.5860652768071155,-0.0306643346086596,-0.1448838105613269,-0.2172505640230674,-0.0343665376408577,0
-0.9959771374298796,0.0494932768400477,-0.419762441558433,0.773717033637068,-0.2172505640230674,-0.0343665376408577,0
-0.4853370605875174,-0.5403352873159741,1.9148262001402072,-0.1448838105613269,-0.2172505640230674,-0.0343665376408577,0
1.046583169939569,-0.4189723982805322,-3.1434491902068467,0.8862453017466392,-0.2172505640230674,2.144330374333497,0
-1.5795657966782934,0.2620061528269797,-1.5870567624077532,-0.1448838105613269,-0.2172505640230674,-2.858603275385392,0
1.046583169939569,-0.3191401075963616,1.1366299862406606,-0.1448838105613269,-0.2172505640230674,-0.8412913198535819,0
0.0982515986608963,3.033620952900697,1.1366299862406606,-0.1448838105613269,-0.2172505640230674,1.1760206356782283,0
-0.4853370605875174,-0.196593698422877,0.7475318792908872,-0.1448838105613269,-0.2172505640230674,-0.0343665376408577,0
-0.850079972617776,-0.6610543413963209,-0.0306643346086596,-0.1448838105613269,-0.2172505640230674,-0.0343665376408577,0
-1.0689257198359312,1.247575446661139,1.1366299862406606,-0.1448838105613269,-0.2172505640230674,-0.0343665376408577,0
-0.1205941485572587,-0.9131535989605022,0.7475318792908872,-0.1448838105613269,-0.2172505640230674,0.3690958534655043,0
-0.1205941485572587,-0.1845880701425727,-0.419762441558433,-0.1448838105613269,-0.2172505640230674,0.4497883316867767,0
0.6818402579093102,1.4707494720515588,1.1366299862406606,-0.1448838105613269,-0.2172505640230674,0.3690958534655043,0
-0.4853370605875174,-1.538222658746881,-1.1979586554579795,-0.1448838105613269,-0.2172505640230674,3.1933325912100385,0
-0.4853370605875174,1.2271715594812844,0.7475318792908872,-0.1448838105613269,-0.2172505640230674,3.1933325912100385,0
0.0982515986608963,0.5621184553512739,-0.419762441558433,-0.1448838105613269,-0.2172505640230674,-0.0343665376408577,0
2.578503400466655,0.1311656345260925,-0.419762441558433,0.2109415711963518,-0.2172505640230674,-2.293755927836485,0
1.6301718291879828,-0.1669488860051856,-0.419762441558433,-0.1448838105613269,-0.2172505640230674,-0.0343665376408577,0
0.8277374227214137,0.8096351229409542,-2.754351083257073,-0.1448838105613269,-0.2172505640230674,-0.276443972304675,0
2.067863323624293,0.3545195549774949,1.5257280931904338,-0.1448838105613269,5.876364420219101,-0.0343665376408577,0
-0.9959771374298796,-1.0337779714298054,1.5257280931904338,-0.1448838105613269,-0.2172505640230674,-0.0343665376408577,0
-0.047645566151207,-0.1377585453205025,-0.419762441558433,-0.1448838105613269,-0.2172505640230674,-0.0343665376408577,0
0.8277374227214137,-0.4105362667365644,-1.9761548693575264,-0.1448838105613269,-0.2172505640230674,-0.0343665376408577,0
0.462994510691155,0.7308505543917334,1.1366299862406606,-0.1448838105613269,-0.2172505640230674,0.7725582445718663,0
1.557223246781931,-0.6908222399083688,-1.1979586554579795,-0.1448838105613269,-0.2172505640230674,-0.0343665376408577,0
1.1195317523456203,-0.681666528120471,1.1366299862406606,-0.1448838105613269,-0.2172505640230674,-0.0343665376408577,0
-0.2664913133693622,0.782717140921313,0.3584337723411137,-0.1448838105613269,-0.2172505640230674,-0.0343665376408577,0
-0.850079972617776,0.1698714771206382,-0.419762441558433,-0.1448838105613269,-0.2172505640230674,0.9339432010144112,0
0.2441487634729998,-0.3197460699070394,0.7475318792908872,-0.1448838105613269,-0.2172505640230674,0.3690958534655043,0
-0.4123884781814657,-0.7317625685235388,-0.0306643346086596,-0.1448838105613269,-0.2172505640230674,-0.0343665376408577,0
1.7031204115940344,-0.1737848983225197,1.1366299862406606,-0.1448838105613269,-0.2172505640230674,1.5794830267845903,0
-1.43366863186619,0.5354845181647628,-0.419762441558433,-0.1448838105613269,-0.2172505640230674,-0.0343665376408577,0
-0.2664913133693622,3.027845374627049,1.1366299862406606,-0.1448838105613269,-0.2172505640230674,0.3690958534655043,0
1.1924803347516724,-0.7460784281133024,1.1366299862406606,-0.1448838105613269,-0.2172505640230674,-0.0343665376408577,0
-0.339439895775414,-0.724046017223501,0.7475318792908872,-0.1448838105613269,-0.2172505640230674,-1.0026762762961263,0
0.8277374227214137,5.47007231804185,-0.419762441558433,0.2712964229833686,-0.2172505640230674,-0.0343665376408577,0
-0.6312342253996209,0.0878961382792545,1.1366299862406606,-0.1448838105613269,-0.2172505640230674,-0.0343665376408577,0
1.4842746643758793,1.6885077092902958,-1.1979586554579795,-0.1448838105613269,-0.2172505640230674,-0.0343665376408577,0
-0.339439895775414,-1.3207295300190658,-0.0306643346086596,-0.1448838105613269,-0.2172505640230674,-0.1957514940834025,0
-0.047645566151207,2.041471287099021,1.1366299862406606,-0.1448838105613269,-0.2172505640230674,-0.4378289287472198,0
0.9006860051274654,1.396793665665552,-0.0306643346086596,-0.1448838105613269,4.499906823045962,0.7725582445718663,0
-0.1935427309633105,0.5479919589835972,-0.419762441558433,-0.1448838105613269,-0.2172505640230674,-0.0343665376408577,0
2.067863323624293,0.3146207240838022,0.3584337723411137,-0.1448838105613269,-0.2172505640230674,-0.0343665376408577,0
0.754788840315362,0.0409814000072453,-0.0306643346086596,-0.1448838105613269,-0.2172505640230674,-0.0343665376408577,0
-0.7041828078056727,-0.021016118903979,1.1366299862406606,-0.1448838105613269,-0.2172505640230674,0.7725582445718663,0
0.3170973458790516,0.1793585745471878,1.1366299862406606,-0.1448838105613269,-0.2172505640230674,-0.0343665376408577,0
-0.6312342253996209,-0.9328473740575312,-0.419762441558433,-0.1448838105613269,-0.2172505640230674,1.1760206356782283,0
-1.141874302241983,1.6683973351046757,1.1366299862406606,-0.1448838105613269,-0.2172505640230674,-1.2447537109599438,0
1.1924803347516724,-0.3669164485288658,-0.0306643346086596,-0.1448838105613269,4.685914606447738,0.3690958534655043,0
3.162092059715069,-1.5170707868397837,-2.3652529763073,-0.1448838105613269,-0.2172505640230674,-2.858603275385392,0
0.754788840315362,1.7196958319679947,-0.419762441558433,-0.1448838105613269,-0.2172505640230674,-0.4378289287472198,0
-0.5582856429935692,-1.348206133543863,1.1366299862406606,-0.1448838105613269,-0.2172505640230674,-0.1957514940834025,0
0.3170973458790516,1.0210496922397825,1.9148262001402072,-0.1448838105613269,-0.2172505640230674,1.5794830267845903,0
0.9006860051274654,-0.4868401770764479,-0.419762441558433,-0.1448838105613269,-0.2172505640230674,1.5794830267845903,0
0.6088916755032585,-0.0051758853764166,-0.419762441558433,-0.1448838105613269,-0.2172505640230674,-0.0343665376408577,0
1.1195317523456203,0.0242038185303531,1.1366299862406606,-0.1448838105613269,-0.2172505640230674,1.1760206356782283,0
1.3383774995637758,0.3266926294918369,0.3584337723411137,-0.1448838105613269,-0.2172505640230674,-0.0343665376408577,0
-0.850079972617776,0.6491497922223756,-0.419762441558433,-0.1448838105613269,-0.2172505640230674,-0.4378289287472198,0
-1.0689257198359312,0.1055637268999547,-0.8088605485082063,-0.1448838105613269,-0.2172505640230674,-0.0343665376408577,0
-0.4123884781814657,1.449199937378079,-0.0306643346086596,-0.1448838105613269,-0.2172505640230674,0.9339432010144112,0
0.1712001810669481,-1.1608406934500606,0.3584337723411137,-0.1448838105613269,-0.2172505640230674,-0.0343665376408577,0
0.754788840315362,-1.5343691171774143,-0.419762441558433,-0.1448838105613269,-0.2172505640230674,-0.0343665376408577,0
1.265428917157724,0.1521092068888946,-3.1434491902068467,-0.1448838105613269,-0.2172505640230674,-0.0343665376408577,0
0.2441487634729998,-0.2306506739151913,-0.419762441558433,-0.1448838105613269,-0.2172505640230674,0.7725582445718663,0
-0.4123884781814657,-0.5393505985611227,-1.9761548693575264,-0.1448838105613269,-0.2172505640230674,0.6111732881293215,0
-1.43366863186619,3.329122260967177,-0.0306643346086596,-0.1448838105613269,-0.2172505640230674,-0.0343665376408577,0
2.5055548180606038,-0.8843987936866188,-0.419762441558433,-0.1448838105613269,-0.2172505640230674,-0.0343665376408577,0
-0.4123884781814657,0.1603843796940886,-0.419762441558433,-0.1448838105613269,-0.2172505640230674,0.7725582445718663,0
0.1712001810669481,0.8923489783484765,0.3584337723411137,-0.1448838105613269,-0.2172505640230674,-0.4378289287472198,0
0.0253030162548446,1.4846866051971488,-0.0306643346086596,-0.1448838105613269,-0.2172505640230674,0.3690958534655043,0
-0.7771313902117244,4.117725399347733,-0.419762441558433,-0.1448838105613269,-0.2172505640230674,-0.0343665376408577,0
0.462994510691155,-0.1261979206121023,-0.419762441558433,-0.1448838105613269,-0.2172505640230674,-0.6799063634110369,0
-1.141874302241983,-0.271912920007909,-0.419762441558433,0.2034307451961897,-0.2172505640230674,-0.0343665376408577,0
-0.339439895775414,-0.3523733530725982,-0.8088605485082063,-0.1448838105613269,-0.2172505640230674,-0.0343665376408577,0
-0.9230285550238276,-0.259026752744901,-0.0306643346086596,-0.1448838105613269,-0.2172505640230674,-1.6482161020663058,0
0.9736345875335172,-0.4609542246171799,1.1366299862406606,13.267171353549536,-0.2172505640230674,-0.8412913198535819,1
-0.850079972617776,-1.4469117130566171,1.1366299862406606,-0.1448838105613269,-0.2172505640230674,0.0463259405804146,0
-0.4123884781814657,3.2138189950385136,-1.1979586554579795,-0.1448838105613269,-0.2172505640230674,0.7725582445718663,0
1.9219661588121892,0.3137780577455158,0.3584337723411137,-0.1448838105613269,-0.2172505640230674,-0.0343665376408577,0
-0.1935427309633105,0.6440369852260315,1.1366299862406606,-0.1448838105613269,-0.2172505640230674,-1.6482161020663058,0
0.3170973458790516,-1.4802396401438973,1.1366299862406606,-0.1448838105613269,-0.2172505640230674,1.1760206356782283,0
2.5055548180606038,0.6318230574014317,2.3039243070899804,-0.1448838105613269,-0.2172505640230674,-1.0026762762961263,0
0.6088916755032585,0.7036201230556489,-0.419762441558433,-0.1448838105613269,-0.2172505640230674,-0.0343665376408577,0
-0.5582856429935692,0.0008458650859441,-0.419762441558433,-0.1448838105613269,4.745437097136306,-0.0343665376408577,0
0.2441487634729998,-0.4508801012021611,-0.0306643346086596,-0.1448838105613269,-0.2172505640230674,-0.6799063634110369,0
0.6088916755032585,-0.0092377264901789,1.5257280931904338,1.8701635077678724,-0.2172505640230674,0.3690958534655043,0
-1.5066172142722416,0.5134615754360659,-0.419762441558433,-0.1448838105613269,-0.2172505640230674,-2.051678493172668,0
0.1712001810669481,-0.0456712104196828,-0.0306643346086596,-0.1448838105613269,-0.2172505640230674,-0.0343665376408577,0
0.0982515986608963,-0.5772705837840081,-0.0306643346086596,-0.1448838105613269,-0.2172505640230674,-0.0343665376408577,0
-1.0689257198359312,0.9066932424215528,-0.419762441558433,-0.1448838105613269,-0.2172505640230674,-0.0343665376408577,0
-0.7771313902117244,-1.4446677588748884,1.1366299862406606,-0.1448838105613269,-0.2172505640230674,0.7725582445718663,0
-0.2664913133693622,0.2427668494629589,-1.1979586554579795,-0.1448838105613269,-0.2172505640230674,-0.0343665376408577,0
-0.850079972617776,0.3372685654453857,-0.0306643346086596,-0.1448838105613269,-0.2172505640230674,-0.0343665376408577,0
-0.339439895775414,0.0347892226450063,-0.0306643346086596,-0.1448838105613269,-0.2172505640230674,-0.0343665376408577,0
0.3900459282851033,0.1250018616471666,-0.0306643346086596,-0.1448838105613269,-0.2172505640230674,-1.2447537109599438,0
-1.43366863186619,2.424401594802985,-0.419762441558433,-0.1448838105613269,-0.2172505640230674,-0.0343665376408577,0
0.3170973458790516,-0.5513751631636357,1.1366299862406606,-0.1448838105613269,-0.2172505640230674,-0.0343665376408577,0
1.4113260819698277,1.739058221426372,-3.1434491902068467,-0.1448838105613269,-0.2172505640230674,-0.0343665376408577,0
0.3170973458790516,0.880617926740198,-0.419762441558433,-0.1448838105613269,-0.2172505640230674,1.5794830267845903,0
-1.141874302241983,0.7734004703946414,-0.419762441558433,-0.1448838105613269,4.499906823045962,0.7725582445718663,0
0.9006860051274654,-0.0615114439472451,-0.419762441558433,-0.1448838105613269,-0.2172505640230674,2.386407808997314,0
-0.4123884781814657,0.2085773197151839,-0.0306643346086596,-0.1448838105613269,-0.2172505640230674,-0.0343665376408577,0
-0.5582856429935692,-0.6847720849626949,-0.0306643346086596,-0.1448838105613269,-0.2172505640230674,0.6111732881293215,0
-1.214822884648035,-0.4998873030782297,-0.0306643346086596,-0.1448838105613269,-0.2172505640230674,-0.0343665376408577,0
0.1712001810669481,-1.4877952327051611,0.3584337723411137,-0.1448838105613269,-0.2172505640230674,0.3690958534655043,0
-0.7041828078056727,0.1579415941291687,-1.5870567624077532,0.5274692383460396,-0.2172505640230674,-0.0343665376408577,0
0.1712001810669481,0.411678843564401,-0.419762441558433,-0.1448838105613269,-0.2172505640230674,1.5794830267845903,0
3.3079892245271725,-0.3277182615568944,1.1366299862406606,-0.1448838105613269,-0.2172505640230674,-1.6482161020663058,0
0.0982515986608963,0.640940896544912,-0.0306643346086596,-0.1448838105613269,-0.2172505640230674,0.3690958534655043,0
-1.214822884648035,-1.2006069700882924,0.7475318792908872,-0.1448838105613269,-0.2172505640230674,-0.0343665376408577,0
-0.2664913133693622,1.0112785499801027,-0.0306643346086596,-0.1448838105613269,-0.2172505640230674,-0.0343665376408577,0
2.286709070842448,1.106764954717381,-0.419762441558433,-0.1448838105613269,-0.2172505640230674,-0.0343665376408577,0
0.8277374227214137,-0.4316123933548274,1.1366299862406606,-0.1448838105613269,-0.2172505640230674,-0.0343665376408577,0
0.462994510691155,-0.0092377264901789,1.9148262001402072,-0.1448838105613269,-0.2172505640230674,0.7725582445718663,0
-1.43366863186619,-0.0759125169869476,-0.0306643346086596,-0.1448838105613269,-0.2172505640230674,-1.3254461891812162,0
-0.7771313902117244,-0.0215179314425091,-0.419762441558433,-0.1448838105613269,-0.2172505640230674,0.6111732881293215,0
-0.5582856429935692,1.1433688655467629,-0.419762441558433,-0.1448838105613269,-0.2172505640230674,2.386407808997314,0
-0.2664913133693622,0.0047751519442456,-0.0306643346086596,-0.1448838105613269,-0.2172505640230674,-0.0343665376408577,0
0.754788840315362,-0.0323211032625621,1.9148262001402072,-0.1448838105613269,-0.2172505640230674,-0.0343665376408577,0
-1.360720049460138,-1.4657438854931513,-0.0306643346086596,-0.1448838105613269,-0.2172505640230674,2.5477927654398598,0
1.046583169939569,-0.5972294673919587,-0.0306643346086596,0.8862453017466392,-0.2172505640230674,-0.0343665376408577,0
0.0982515986608963,1.4881803566446503,0.3584337723411137,-0.1448838105613269,-0.2172505640230674,-0.0343665376408577,0
-0.9959771374298796,1.544601128665418,-0.419762441558433,-0.1448838105613269,-0.2172505640230674,-0.0343665376408577,0
1.1195317523456203,1.9204492518633351,-0.0306643346086596,-0.1448838105613269,-0.2172505640230674,-0.0343665376408577,0
1.1924803347516724,0.372660551653412,1.1366299862406606,1.8701635077678724,-0.2172505640230674,0.6111732881293215,0
1.3383774995637758,1.415427006718895,-0.0306643346086596,-0.1448838105613269,-0.2172505640230674,-0.0343665376408577,0
-0.7041828078056727,-0.1443957262546455,-0.419762441558433,-0.1448838105613269,-0.2172505640230674,-0.8412913198535819,0
1.046583169939569,-0.2446919568329289,-0.0306643346086596,-0.1448838105613269,-0.2172505640230674,0.3690958534655043,0
0.462994510691155,-0.8227705330584638,-0.419762441558433,-0.1448838105613269,4.462705266365607,-0.0343665376408577,0
0.754788840315362,0.5417808452991496,1.1366299862406606,-0.1448838105613269,-0.2172505640230674,-0.0343665376408577,0
-0.047645566151207,-1.130381619177396,1.5257280931904338,1.8701635077678724,-0.2172505640230674,-3.1006807100492093,0
-1.214822884648035,-0.6119240534258958,-0.0306643346086596,-0.1448838105613269,-0.2172505640230674,-0.0343665376408577,0
0.6818402579093102,-0.67708393814597,0.7475318792908872,-0.1448838105613269,-0.2172505640230674,0.2884033752442319,0
0.2441487634729998,-0.6142721573797724,-0.419762441558433,0.8862453017466392,-0.2172505640230674,0.3690958534655043,0
-1.141874302241983,-0.9272800953281788,1.1366299862406606,0.3010714831982968,-0.2172505640230674,-0.0343665376408577,0
-1.360720049460138,0.5050349120532025,-0.419762441558433,-0.1448838105613269,-0.2172505640230674,-0.6799063634110369,0
-1.214822884648035,2.070832054683582,-1.5870567624077532,-0.1448838105613269,-0.2172505640230674,-0.0343665376408577,0
-1.141874302241983,-1.3943634189275251,1.1366299862406606,-0.1448838105613269,-0.2172505640230674,0.7725582445718663,0
-1.360720049460138,-1.4220388538355135,-0.0306643346086596,-0.1448838105613269,-0.2172505640230674,1.095328157456956,0
0.6818402579093102,1.5004605615969806,-0.0306643346086596,0.3010714831982968,-0.2172505640230674,1.0146356792356834,0
-0.6312342253996209,-0.6200003948478986,-0.419762441558433,-0.1448838105613269,-0.2172505640230674,1.5794830267845903,0
2.943246312496914,-0.9946649979077732,-1.1979586554579795,-0.1448838105613269,-0.2172505640230674,-2.697218318942847,0
-1.0689257198359312,2.117794133761113,-0.0306643346086596,-0.1448838105613269,-0.2172505640230674,0.7725582445718663,0
-0.339439895775414,-0.2562620497024335,-0.419762441558433,-0.1448838105613269,-0.2172505640230674,-0.0343665376408577,0
-0.4853370605875174,0.0162410950416024,0.7475318792908872,0.146697184516394,-0.2172505640230674,-0.0343665376408577,0
-1.0689257198359312,2.3480692799797884,-0.419762441558433,0.2420578503398804,-0.2172505640230674,0.7725582445718663,0
1.046583169939569,0.9560034254529604,-0.419762441558433,-0.1448838105613269,-0.2172505640230674,0.7725582445718663,0
2.067863323624293,-0.1206117055605411,-2.3652529763073,-0.1448838105613269,-0.2172505640230674,-1.6482161020663058,0
0.9736345875335172,0.7771403940308561,-0.8088605485082063,-0.0652154062024648,-0.2172505640230674,-0.0343665376408577,0
-0.4123884781814657,-0.6297526007853698,-0.419762441558433,-0.1448838105613269,-0.2172505640230674,-0.1957514940834025,0
0.754788840315362,-0.4743422044187179,-0.419762441558433,0.4001875620218643,-0.2172505640230674,-0.0343665376408577,0
1.046583169939569,3.962561175169793,1.1366299862406606,-0.1448838105613269,4.499906823045962,-0.0343665376408577,0
2.067863323624293,-0.7531700807804537,-0.419762441558433,-0.1448838105613269,-0.2172505640230674,-0.6799063634110369,0
1.265428917157724,-0.6842608042630605,-0.0306643346086596,-0.1448838105613269,-0.2172505640230674,-0.4378289287472198,0
1.9219661588121892,-0.0681675612035968,0.3584337723411137,-0.1448838105613269,-0.2172505640230674,-1.6482161020663058,0
0.6818402579093102,1.3331202822388593,-0.0306643346086596,-0.1448838105613269,-0.2172505640230674,-0.8412913198535819,0
-0.7771313902117244,-1.234029578786616,1.1366299862406606,-0.1448838105613269,-0.2172505640230674,-2.051678493172668,0
-0.850079972617776,-0.4825416319350771,-0.419762441558433,-0.1448838105613269,-0.2172505640230674,1.0146356792356834,0
0.2441487634729998,0.4388619340949637,-0.419762441558433,-0.1448838105613269,-0.2172505640230674,-0.0343665376408577,0
1.1195317523456203,-0.9949395745797992,-0.419762441558433,-0.1448838105613269,-0.2172505640230674,-0.1957514940834025,0
-0.047645566151207,-0.8571683623505344,1.1366299862406606,-0.1448838105613269,-0.2172505640230674,-0.1957514940834025,0
0.1712001810669481,-0.3705522223929328,1.9148262001402072,-0.1448838105613269,-0.2172505640230674,0.7725582445718663,0
0.462994510691155,-1.4910806846083675,1.1366299862406606,-0.1448838105613269,-0.2172505640230674,-0.0343665376408577,0
1.4842746643758793,-0.5003985837778642,1.5257280931904338,-0.1448838105613269,-0.2172505640230674,-2.616525840721575,0
-0.6312342253996209,-0.3810240085743338,-0.419762441558433,-0.1448838105613269,-0.2172505640230674,-0.4378289287472198,0
-0.6312342253996209,0.0079659222364085,-0.419762441558433,-0.1448838105613269,-0.2172505640230674,-0.0343665376408577,0
0.9006860051274654,1.1690938592672573,-0.419762441558433,-0.1448838105613269,-0.2172505640230674,-0.0343665376408577,0
-1.214822884648035,0.0200662321277562,1.1366299862406606,-0.1448838105613269,-0.2172505640230674,-0.0343665376408577,0
-1.214822884648035,-0.7632915450009942,-0.8088605485082063,-0.1448838105613269,-0.2172505640230674,-0.0343665376408577,0
0.462994510691155,1.2177033983769434,-0.0306643346086596,0.8862453017466392,-0.2172505640230674,0.7725582445718663,0
-0.9230285550238276,0.6619696823576532,-0.0306643346086596,-0.1448838105613269,-0.2172505640230674,-1.3254461891812162,0
-0.1205941485572587,-0.272244305646561,-2.3652529763073,-0.1448838105613269,-0.2172505640230674,-0.0343665376408577,0
0.6818402579093102,-0.6484806234497561,-0.0306643346086596,-0.1448838105613269,-0.2172505640230674,0.9339432010144112,0
-1.141874302241983,-0.8797972673899092,1.1366299862406606,-0.1448838105613269,-0.2172505640230674,-0.0343665376408577,0
0.0253030162548446,-0.1366981112768164,1.1366299862406606,-0.1448838105613269,-0.2172505640230674,-0.0343665376408577,0
1.046583169939569,0.1451974492827258,1.1366299862406606,-0.1448838105613269,-0.2172505640230674,1.5794830267845903,0
0.3170973458790516,0.5004049812731798,-0.419762441558433,-0.1448838105613269,-0.2172505640230674,-0.0343665376408577,0
0.1712001810669481,-0.7206658837092513,-0.0306643346086596,0.8339377635312247,-0.2172505640230674,0.7725582445718663,0
-0.5582856429935692,-1.0295362352550608,-0.419762441558433,-0.1448838105613269,-0.2172505640230674,0.9339432010144112,0
0.6818402579093102,-0.3916378171723,1.5257280931904338,-0.1448838105613269,-0.2172505640230674,-0.0343665376408577,0
0.0982515986608963,-1.0179093334189302,1.1366299862406606,-0.1448838105613269,-0.2172505640230674,-0.0343665376408577,0
1.8490175764061376,0.7340507928450006,1.9148262001402072,-0.1448838105613269,-0.2172505640230674,-1.970986014951396,0
1.046583169939569,-0.4946324736653205,-2.3652529763073,-0.1448838105613269,-0.2172505640230674,1.5794830267845903,0
-0.5582856429935692,-0.4234224339995724,-0.419762441558433,-0.1448838105613269,-0.2172505640230674,-0.0343665376408577,0
0.6818402579093102,-1.520034321265442,-0.419762441558433,-0.1448838105613269,-0.2172505640230674,-1.6482161020663058,0
-0.4123884781814657,0.0934444806863983,-0.419762441558433,-0.1448838105613269,-0.2172505640230674,1.9829454178909525,0
-0.9959771374298796,-1.1817179886851323,-0.0306643346086596,-0.1448838105613269,-0.2172505640230674,-1.486831145623761,0
-0.047645566151207,-0.2021231045078121,-0.419762441558433,-0.1448838105613269,-0.2172505640230674,1.5794830267845903,0
0.0253030162548446,-0.3761384374444939,1.5257280931904338,-0.1448838105613269,-0.2172505640230674,-0.0343665376408577,0
-0.850079972617776,0.1840547824549409,1.5257280931904338,-0.1448838105613269,-0.2172505640230674,-0.4378289287472198,0
-0.7771313902117244,1.189365192191651,-0.419762441558433,-0.1448838105613269,-0.2172505640230674,-0.0343665376408577,0
1.3383774995637758,-0.064702214239408,-0.0306643346086596,0.2712964229833686,-0.2172505640230674,-0.0343665376408577,0
-1.5795657966782934,0.3653132586364435,-1.5870567624077532,-0.1448838105613269,-0.2172505640230674,-2.45514088427903,0
-0.1205941485572587,-0.9605890860932502,1.5257280931904338,-0.1448838105613269,-0.2172505640230674,-0.0343665376408577,0
-0.9959771374298796,-0.0319613131405971,-0.419762441558433,-0.1448838105613269,-0.2172505640230674,0.7725582445718663,0
-0.1935427309633105,0.6110025711329861,1.9148262001402072,-0.1448838105613269,-0.2172505640230674,-1.3254461891812162,0
1.3383774995637758,-0.4554153503711404,1.5257280931904338,-0.1448838105613269,4.685914606447738,-0.0343665376408577,0
-0.2664913133693622,-1.3819506597197342,0.3584337723411137,-0.1448838105613269,-0.2172505640230674,0.3690958534655043,0
0.9736345875335172,-0.6498156341654682,-0.419762441558433,-0.1448838105613269,-0.2172505640230674,0.2077108970229594,0
1.265428917157724,2.4088832787529704,-1.1979586554579795,-0.1448838105613269,-0.2172505640230674,-0.0343665376408577,0
-0.4123884781814657,-0.8149593001473825,0.3584337723411137,-0.1448838105613269,-0.2172505640230674,-0.0343665376408577,0
0.754788840315362,-0.637062021157921,1.5257280931904338,-0.1448838105613269,-0.2172505640230674,-0.0343665376408577,0
-0.1205941485572587,-0.0561524647621881,1.5257280931904338,-0.1448838105613269,-0.2172505640230674,-2.616525840721575,0
-0.7771313902117244,-0.2663551094396609,1.1366299862406606,-0.1448838105613269,-0.2172505640230674,-0.4378289287472198,0
0.2441487634729998,-0.2129925534555955,2.3039243070899804,-0.1448838105613269,-0.2172505640230674,0.7725582445718663,0
-0.4123884781814657,-0.5501158977367583,-0.419762441558433,-0.1448838105613269,-0.2172505640230674,2.063637896112225,0
-0.339439895775414,-0.6396089564949887,-0.0306643346086596,-0.1448838105613269,-0.2172505640230674,-0.0343665376408577,0
-1.214822884648035,1.7668283379454035,-0.0306643346086596,-0.1448838105613269,-0.2172505640230674,-0.4378289287472198,0
-0.047645566151207,1.934111808336899,0.3584337723411137,-0.1448838105613269,-0.2172505640230674,-0.3571364505259474,0
0.6818402579093102,-0.3220184285720812,0.3584337723411137,-0.1448838105613269,-0.2172505640230674,-0.0343665376408577,0
-0.2664913133693622,-0.2591214343559445,-0.0306643346086596,-0.1448838105613269,-0.2172505640230674,-0.6799063634110369,0
-0.047645566151207,0.6501723536216444,0.3584337723411137,-0.1448838105613269,-0.2172505640230674,2.386407808997314,0
-0.9959771374298796,0.8197471190003903,1.5257280931904338,-0.1448838105613269,-0.2172505640230674,-0.0343665376408577,0
-0.4123884781814657,1.4264952870498695,1.1366299862406606,-0.1448838105613269,-0.2172505640230674,0.3690958534655043,0
0.8277374227214137,-0.1656422797727866,1.9148262001402072,-0.1448838105613269,-0.2172505640230674,-0.0343665376408577,0
-0.4123884781814657,0.2277314096292656,-0.419762441558433,-0.1448838105613269,-0.2172505640230674,-0.4378289287472198,0
-0.7041828078056727,0.0159570502084722,1.5257280931904338,-0.1448838105613269,-0.2172505640230674,-0.0343665376408577,0
0.9736345875335172,-0.0403595720401475,-0.419762441558433,-0.1448838105613269,-0.2172505640230674,-0.0343665376408577,0
0.9736345875335172,0.5636049566446554,0.7475318792908872,-0.1448838105613269,-0.2172505640230674,1.1760206356782283,0
-0.5582856429935692,-0.967027435644202,-0.0306643346086596,-0.1448838105613269,-0.2172505640230674,-1.2447537109599438,0
1.046583169939569,-0.3894980127627189,1.1366299862406606,-0.1448838105613269,-0.2172505640230674,1.5794830267845903,0
-1.2877714670540863,-0.6676347133638378,-0.419762441558433,-0.1448838105613269,-0.2172505640230674,-0.0343665376408577,0
-0.9959771374298796,-0.1338103221399924,1.1366299862406606,-0.1448838105613269,-0.2172505640230674,-0.0343665376408577,0
-1.141874302241983,0.2826183395511299,-0.0306643346086596,-0.1448838105613269,-0.2172505640230674,-0.8412913198535819,0
0.6088916755032585,-1.2715045604375974,-0.419762441558433,-0.1448838105613269,-0.2172505640230674,-0.0343665376408577,0
3.162092059715069,-1.1194364249407778,-0.419762441558433,-0.1448838105613269,-0.2172505640230674,-1.6482161020663058,0
0.2441487634729998,-0.053510847814077,-0.419762441558433,0.0094904881205759,-0.2172505640230674,0.7725582445718663,0
-1.214822884648035,1.4713175617178194,-1.5870567624077532,-0.1448838105613269,-0.2172505640230674,-0.0343665376408577,0
-1.5066172142722416,-0.1873527731850403,-1.1979586554579795,-0.1448838105613269,-0.2172505640230674,-2.293755927836485,0
0.3170973458790516,-0.6079379576009684,1.1366299862406606,-0.1448838105613269,-0.2172505640230674,-0.0343665376408577,0
-0.1205941485572587,-0.4413267266478811,-0.0306643346086596,-0.1448838105613269,-0.2172505640230674,-0.0343665376408577,0
0.9736345875335172,0.0742809226112123,-0.419762441558433,-0.1448838105613269,-0.2172505640230674,-0.0343665376408577,0
-0.5582856429935692,0.6652456660997551,-2.3652529763073,-0.1448838105613269,-0.2172505640230674,-0.0343665376408577,0
2.286709070842448,-0.9413687190514382,-0.419762441558433,-0.1448838105613269,-0.2172505640230674,-2.858603275385392,0
0.3170973458790516,1.3466029436514408,-0.0306643346086596,-0.1448838105613269,-0.2172505640230674,1.5794830267845903,0
-0.4853370605875174,-0.9345137704118952,0.3584337723411137,-0.1448838105613269,-0.2172505640230674,0.3690958534655043,0
-1.214822884648035,1.0808127251303823,-1.5870567624077532,-0.1448838105613269,-0.2172505640230674,-0.0343665376408577,0
0.3170973458790516,-0.1343026665174181,-0.0306643346086596,-0.1448838105613269,-0.2172505640230674,-0.0343665376408577,0
0.2441487634729998,1.658465234106222,-2.3652529763073,-0.1448838105613269,-0.2172505640230674,-0.0343665376408577,0
-1.0689257198359312,1.3230650951460492,-1.1979586554579795,-0.1448838105613269,-0.2172505640230674,-0.0343665376408577,0
-0.1205941485572587,2.181183472354676,-3.1434491902068467,-0.1448838105613269,-0.2172505640230674,-0.0343665376408577,0
-1.214822884648035,-1.3836265242352026,-0.0306643346086596,-0.1448838105613269,-0.2172505640230674,-0.0343665376408577,0
0.8277374227214137,0.2642311706864998,-0.419762441558433,-0.1448838105613269,-0.2172505640230674,-0.0343665376408577,0
-1.141874302241983,-0.2329703733857548,-0.0306643346086596,-0.1448838105613269,-0.2172505640230674,-0.0343665376408577,0
-0.4123884781814657,0.3499369650029938,-0.0306643346086596,-0.1448838105613269,-0.2172505640230674,-0.0343665376408577,0
1.4842746643758793,1.6883088779071045,1.1366299862406606,-0.1448838105613269,-0.2172505640230674,-0.0343665376408577,0
1.046583169939569,0.5829578779419282,1.1366299862406606,-0.1448838105613269,5.7722000615141065,0.7725582445718663,0
1.4113260819698277,0.1473751263367242,-0.419762441558433,-0.1448838105613269,-0.2172505640230674,1.5794830267845903,0
-0.4853370605875174,-1.4521097335029003,-0.0306643346086596,-0.1448838105613269,-0.2172505640230674,0.7725582445718663,0
0.6818402579093102,-1.5260087309222812,-0.419762441558433,-0.1448838105613269,-0.2172505640230674,-0.0343665376408577,0
-0.7771313902117244,0.6491497922223756,-0.0306643346086596,-0.1448838105613269,-0.2172505640230674,-0.0343665376408577,0
-1.141874302241983,-0.7061795972196097,-0.419762441558433,-0.1448838105613269,-0.2172505640230674,0.3690958534655043,0
0.754788840315362,-1.4696826405125571,-0.0306643346086596,-0.1448838105613269,-0.2172505640230674,-0.0343665376408577,0
-0.7771313902117244,4.982793406806945,1.1366299862406606,-0.1448838105613269,-0.2172505640230674,-0.0343665376408577,0
0.6088916755032585,-0.4225513631779731,-0.419762441558433,-0.1448838105613269,-0.2172505640230674,-0.0343665376408577,0
-0.1205941485572587,-0.6603158248301823,-0.419762441558433,-0.1448838105613269,-0.2172505640230674,0.5304808099080491,0
-1.360720049460138,-0.6227082889237402,-0.419762441558433,-0.1448838105613269,-0.2172505640230674,-0.0343665376408577,0
-0.9230285550238276,0.0245446723301094,-0.419762441558433,-0.1448838105613269,-0.2172505640230674,-0.0343665376408577,0
-1.360720049460138,0.0118005274836665,-0.419762441558433,-0.1448838105613269,4.05100803910301,-1.6482161020663058,0
-1.5795657966782934,-0.8569505946451345,-1.5870567624077532,-0.1448838105613269,-0.2172505640230674,-2.616525840721575,0
-0.1205941485572587,0.5990442836582035,0.3584337723411137,0.5867511149901761,-0.2172505640230674,-0.0343665376408577,0
0.6088916755032585,1.2699487113506966,1.9148262001402072,1.8701635077678724,-0.2172505640230674,1.1760206356782283,0
0.0982515986608963,-0.6079379576009684,0.3584337723411137,-0.1448838105613269,-0.2172505640230674,0.127018418801687,0
-1.141874302241983,0.389655900835704,1.1366299862406606,-0.1448838105613269,-0.2172505640230674,-0.4378289287472198,0
1.4113260819698277,-0.8349939290441679,0.3584337723411137,-0.1448838105613269,-0.2172505640230674,-0.0343665376408577,0
0.0982515986608963,0.8998193574598015,1.9148262001402072,-0.1448838105613269,4.685914606447738,1.5794830267845903,0
0.9736345875335172,-0.2904515794502086,-0.419762441558433,-0.1448838105613269,-0.2172505640230674,-0.1957514940834025,0
0.3900459282851033,-0.1616183113034417,-0.419762441558433,1.2660785023262646,-0.2172505640230674,0.7725582445718663,0
-1.2877714670540863,-0.5320979871551975,-0.0306643346086596,-0.1448838105613269,-0.2172505640230674,-0.0343665376408577,0
-0.850079972617776,-0.1905530116383075,-0.0306643346086596,-0.1448838105613269,-0.2172505640230674,0.7725582445718663,0
0.6818402579093102,0.8358145883944569,-0.419762441558433,-0.1448838105613269,-0.2172505640230674,-0.0343665376408577,0
1.1195317523456203,1.4201989599154827,-0.419762441558433,-0.1448838105613269,-0.2172505640230674,0.0463259405804146,0
-0.4853370605875174,-0.1852129687754592,-0.419762441558433,-0.1448838105613269,-0.2172505640230674,0.7725582445718663,0
0.3900459282851033,1.3514033013313416,1.9148262001402072,13.267171353549536,-0.2172505640230674,1.9829454178909525,1
-0.7041828078056727,-0.5590917144636736,-0.0306643346086596,-0.1448838105613269,-0.2172505640230674,-1.1640612327386717,0
0.3170973458790516,0.0478742212912054,1.9148262001402072,1.8701635077678724,-0.2172505640230674,1.1760206356782283,0
-0.7771313902117244,-0.7529523130750538,-1.9761548693575264,-0.1448838105613269,-0.2172505640230674,-0.0343665376408577,0
-0.850079972617776,0.0433010994778088,1.9148262001402072,-0.1448838105613269,-0.2172505640230674,-0.0343665376408577,0
0.0982515986608963,-0.6785704394393516,-1.5870567624077532,-0.1448838105613269,-0.2172505640230674,-0.0343665376408577,0
1.4842746643758793,-0.9234170855976076,-0.419762441558433,-0.1448838105613269,-0.2172505640230674,-0.0343665376408577,0
0.2441487634729998,-0.7773991050464621,-0.419762441558433,-0.1448838105613269,-0.2172505640230674,-0.0343665376408577,0
0.3900459282851033,-0.4250414895484147,-0.0306643346086596,-0.1448838105613269,-0.2172505640230674,0.7725582445718663,0
-0.4853370605875174,-1.5182921796222435,-0.419762441558433,-0.1448838105613269,-0.2172505640230674,-0.0343665376408577,0
0.9736345875335172,-0.2096502925857631,-1.1979586554579795,-0.1448838105613269,-0.2172505640230674,-0.0343665376408577,0
0.2441487634729998,-0.6545402465565343,1.1366299862406606,-0.1448838105613269,-0.2172505640230674,0.7725582445718663,0
-1.141874302241983,-1.3456970708512128,-0.419762441558433,-0.1448838105613269,-0.2172505640230674,0.7725582445718663,0
-1.141874302241983,-0.382946045278515,-0.419762441558433,-0.1448838105613269,-0.2172505640230674,-0.0343665376408577,0
-0.7041828078056727,-0.7720685303447181,-1.9761548693575264,-0.1448838105613269,-0.2172505640230674,-0.0343665376408577,0
0.1712001810669481,0.0807287403232684,1.5257280931904338,-0.1448838105613269,-0.2172505640230674,0.3690958534655043,0
-0.7041828078056727,0.0062521850765228,-0.0306643346086596,-0.1448838105613269,-0.2172505640230674,-2.45514088427903,0
-0.047645566151207,-0.2133144709331431,1.9148262001402072,13.267171353549536,-0.2172505640230674,2.386407808997314,1
-1.5066172142722416,0.2691830189440701,-1.1979586554579795,-0.1448838105613269,-0.2172505640230674,-1.2447537109599438,0
-1.2877714670540863,-1.5995668745419058,-0.419762441558433,0.4051500720576858,-0.2172505640230674,-0.0343665376408577,0
-0.4123884781814657,0.438786188806129,0.7475318792908872,-0.1448838105613269,-0.2172505640230674,1.1760206356782283,0
0.2441487634729998,0.5292260636747935,1.1366299862406606,-0.1448838105613269,-0.2172505640230674,-2.293755927836485,0
0.2441487634729998,0.0791380892577392,-0.0306643346086596,-0.1448838105613269,-0.2172505640230674,-0.0343665376408577,0
-0.9230285550238276,1.6995002443324356,-0.0306643346086596,-0.1448838105613269,-0.2172505640230674,1.9829454178909525,0
1.1195317523456203,-0.3661400593183099,-0.0306643346086596,-0.1448838105613269,-0.2172505640230674,0.2884033752442319,0
-0.1205941485572587,0.1232123791984461,-0.419762441558433,-0.1448838105613269,-0.2172505640230674,-0.0343665376408577,0
-0.9959771374298796,0.224521703014894,-0.0306643346086596,-0.1448838105613269,-0.2172505640230674,-0.0343665376408577,0
0.0982515986608963,0.5004049812731798,0.3584337723411137,-0.1448838105613269,-0.2172505640230674,-0.0343665376408577,0
-0.1935427309633105,-0.4174858969871507,1.5257280931904338,-0.1448838105613269,4.685914606447738,-0.0343665376408577,0
1.9949147412182413,-0.0093134717790136,1.1366299862406606,-0.1448838105613269,-0.2172505640230674,-2.939295753606664,0
1.9949147412182413,-1.309017414732996,0.3584337723411137,0.5164712431315166,-0.2172505640230674,4.645797199192942,0
1.9219661588121892,-0.1532579250483086,1.1366299862406606,-0.1448838105613269,-0.2172505640230674,-0.4378289287472198,0
0.2441487634729998,-0.1300419940204647,-0.419762441558433,-0.1448838105613269,-0.2172505640230674,-0.0343665376408577,0
0.3170973458790516,-0.5447947911961187,0.3584337723411137,-0.1448838105613269,-0.2172505640230674,-0.0343665376408577,0
-0.5582856429935692,-0.0392139245465222,-0.0306643346086596,-0.1448838105613269,-0.2172505640230674,-0.4378289287472198,0
0.6818402579093102,-1.4337604372826878,-0.419762441558433,-0.1448838105613269,-0.2172505640230674,-0.0343665376408577,0
0.3900459282851033,-1.51403150712529,-0.419762441558433,-0.1448838105613269,-0.2172505640230674,2.225022852554769,0
-0.6312342253996209,-0.5406761411157304,-0.0306643346086596,-0.1448838105613269,-0.2172505640230674,-0.0343665376408577,0
1.3383774995637758,0.4476010467942704,-0.419762441558433,-0.1448838105613269,-0.2172505640230674,-0.0343665376408577,0
1.1195317523456203,-0.8203750882990656,-0.419762441558433,-0.1448838105613269,-0.2172505640230674,0.127018418801687,0
-0.047645566151207,-1.420826929214158,1.1366299862406606,-0.1448838105613269,-0.2172505640230674,-0.0343665376408577,0
2.432606235654552,0.0289947080491496,-0.419762441558433,-0.1448838105613269,-0.2172505640230674,-1.6482161020663058,0
-0.7771313902117244,1.2421501903483518,-0.0306643346086596,-0.1448838105613269,-0.2172505640230674,-0.0343665376408577,0
-1.0689257198359312,-0.8095813846401169,-0.419762441558433,-0.1448838105613269,-0.2172505640230674,-0.0343665376408577,0
-1.360720049460138,-0.9604375955155808,-0.0306643346086596,-0.1448838105613269,-0.2172505640230674,-0.0343665376408577,0
-0.850079972617776,0.7408110598735,-2.754351083257073,-0.1448838105613269,-0.2172505640230674,0.9339432010144112,0
-0.7041828078056727,-1.1692957613162371,-0.0306643346086596,-0.1448838105613269,-0.2172505640230674,-0.0343665376408577,0
-0.6312342253996209,-1.5096382803728758,-1.1979586554579795,-0.1448838105613269,-0.2172505640230674,-0.0343665376408577,0
-1.43366863186619,0.1783454813090233,-0.0306643346086596,-0.1448838105613269,-0.2172505640230674,-1.0026762762961263,0
0.9736345875335172,0.6598677505924895,-0.419762441558433,-0.1448838105613269,-0.2172505640230674,0.7725582445718663,0
-0.7041828078056727,-0.2500035952124642,-0.419762441558433,-0.1448838105613269,-0.2172505640230674,-0.0343665376408577,0
-0.1205941485572587,-1.0208255270390671,-0.419762441558433,-0.1448838105613269,-0.2172505640230674,-0.0343665376408577,0
-0.7771313902117244,-0.118831691272925,1.5257280931904338,-0.1448838105613269,-0.2172505640230674,3.1933325912100385,0
0.9006860051274654,2.191522704280616,-0.0306643346086596,-0.1448838105613269,-0.2172505640230674,-0.0343665376408577,0
0.2441487634729998,0.206219747600203,1.5257280931904338,-0.1448838105613269,-0.2172505640230674,0.3690958534655043,0
-0.1935427309633105,0.2683782252502011,-0.0306643346086596,-0.1448838105613269,-0.2172505640230674,0.6111732881293215,0
-0.2664913133693622,1.0622551293658742,-0.419762441558433,-0.1448838105613269,-0.2172505640230674,0.7725582445718663,0
-0.4123884781814657,0.2877974236752044,2.3039243070899804,-0.1448838105613269,-0.2172505640230674,0.6111732881293215,0
-0.4123884781814657,-1.4056399988027952,1.1366299862406606,-0.1448838105613269,-0.2172505640230674,2.7898702001036764,0
-0.850079972617776,-0.7176834129613839,1.5257280931904338,-0.1448838105613269,-0.2172505640230674,-0.0343665376408577,0
0.6088916755032585,1.0399670781262558,-0.419762441558433,-0.1448838105613269,-0.2172505640230674,1.1760206356782283,0
0.9006860051274654,-0.4080366722050185,1.5257280931904338,-0.1448838105613269,-0.2172505640230674,0.7725582445718663,0
-0.9959771374298796,-1.3214396421018912,-0.419762441558433,-0.1448838105613269,-0.2172505640230674,-0.0343665376408577,0
-0.4853370605875174,-0.3457551084606639,-1.5870567624077532,-0.1448838105613269,4.869442286070822,-0.1957514940834025,0
-1.141874302241983,-0.6676347133638378,-0.419762441558433,-0.1448838105613269,-0.2172505640230674,-0.0343665376408577,0
0.5359430930972068,0.7258987061341631,0.3584337723411137,-0.1448838105613269,-0.2172505640230674,-0.0343665376408577,0
-1.360720049460138,-0.0129681819652892,-0.0306643346086596,-0.1448838105613269,-0.2172505640230674,-0.0343665376408577,0
0.2441487634729998,-0.7685085017694859,-0.419762441558433,-0.1448838105613269,-0.2172505640230674,0.127018418801687,0
1.046583169939569,0.3995122565453229,-0.8088605485082063,-0.1448838105613269,-0.2172505640230674,-0.0343665376408577,0
-1.214822884648035,1.57186943264592,-0.0306643346086596,-0.1448838105613269,-0.2172505640230674,-0.0343665376408577,0
-0.7771313902117244,-0.6939940738783229,1.1366299862406606,-0.1448838105613269,-0.2172505640230674,1.5794830267845903,0
0.754788840315362,-0.1179606204513257,1.1366299862406606,-0.1448838105613269,-0.2172505640230674,0.7725582445718663,0
2.870297730090862,-0.0892910286273814,1.5257280931904338,-0.1448838105613269,-0.2172505640230674,-0.0343665376408577,0
-0.6312342253996209,0.2970478170741454,-0.419762441558433,-0.1448838105613269,-0.2172505640230674,-0.4378289287472198,0
-0.5582856429935692,0.5065024770243753,1.1366299862406606,-0.1448838105613269,-0.2172505640230674,-0.0343665376408577,0
0.0253030162548446,0.4399507726219629,0.3584337723411137,-0.1448838105613269,-0.2172505640230674,-0.0343665376408577,0
-1.141874302241983,0.4360309539247658,-0.0306643346086596,-0.1448838105613269,-0.2172505640230674,-1.6482161020663058,0
0.8277374227214137,-0.9469833385863125,1.5257280931904338,-0.1448838105613269,-0.2172505640230674,1.5794830267845903,0
0.754788840315362,0.8393746169696891,-0.419762441558433,-0.1448838105613269,-0.2172505640230674,-0.0343665376408577,0
-1.0689257198359312,1.1429049256526502,-0.0306643346086596,-0.1448838105613269,-0.2172505640230674,0.3690958534655043,0
-1.2877714670540863,-0.2442753577443379,-0.0306643346086596,-0.1448838105613269,-0.2172505640230674,-0.8412913198535819,0
-0.9230285550238276,0.8904364098053996,-0.419762441558433,-0.1448838105613269,-0.2172505640230674,-0.0343665376408577,0
0.5359430930972068,2.40026725214802,1.1366299862406606,-0.1448838105613269,-0.2172505640230674,-2.616525840721575,0
-0.9230285550238276,-0.4465531515774773,1.1366299862406606,-0.1448838105613269,-0.2172505640230674,-0.4378289287472198,0
-1.2877714670540863,0.0793463888020347,0.7475318792908872,-0.1448838105613269,-0.2172505640230674,-1.2447537109599438,0
-1.2877714670540863,-0.8788883239238924,-0.419762441558433,-0.1448838105613269,-0.2172505640230674,-0.0343665376408577,0
0.9736345875335172,-0.0097111345453959,-0.0306643346086596,-0.1448838105613269,-0.2172505640230674,-0.8412913198535819,0
-1.2877714670540863,-0.1833761455212171,-0.419762441558433,-0.1448838105613269,-0.2172505640230674,0.7725582445718663,0
0.0982515986608963,-1.042289848262608,1.9148262001402072,13.267171353549536,-0.2172505640230674,-0.0343665376408577,1
-0.7771313902117244,0.3001060331108476,-0.0306643346086596,-0.1448838105613269,-0.2172505640230674,-0.0343665376408577,0
-0.4853370605875174,-0.7340917361552067,-3.53254729715662,0.4597376824517209,-0.2172505640230674,-0.0343665376408577,0
-1.5066172142722416,-0.3097950325863771,-0.419762441558433,-0.1448838105613269,-0.2172505640230674,-0.4378289287472198,0
-0.1935427309633105,-1.30501238258586,-0.0306643346086596,-0.1448838105613269,-0.2172505640230674,-0.0343665376408577,0
-0.5582856429935692,1.311618088370901,-0.419762441558433,0.1708391252312007,-0.2172505640230674,-0.0343665376408577,0
1.265428917157724,-0.3785717548483095,-1.9761548693575264,-0.1448838105613269,-0.2172505640230674,-0.0343665376408577,0
0.8277374227214137,-0.1132833488657813,1.1366299862406606,-0.1448838105613269,-0.2172505640230674,-0.0343665376408577,0
0.0982515986608963,-0.7660183753990443,0.3584337723411137,-0.1448838105613269,-0.2172505640230674,-0.0343665376408577,0
0.9006860051274654,-0.9821102162834172,-0.0306643346086596,-0.1448838105613269,-0.2172505640230674,-0.6799063634110369,0
-1.360720049460138,0.9792098883197,-1.1979586554579795,-0.1448838105613269,-0.2172505640230674,1.5794830267845903,0
-0.4123884781814657,-0.8665702463271449,-0.0306643346086596,-0.1448838105613269,-0.2172505640230674,-0.8412913198535819,0
0.0982515986608963,0.323918458288265,-0.0306643346086596,-0.1448838105613269,-0.2172505640230674,0.7725582445718663,0
1.3383774995637758,-1.4417705015769602,1.1366299862406606,-0.1448838105613269,-0.2172505640230674,0.7725582445718663,0
-0.6312342253996209,0.6783874737125803,-2.3652529763073,-0.1448838105613269,-0.2172505640230674,-0.0343665376408577,0
0.2441487634729998,-0.5998142753734438,1.1366299862406606,-0.1448838105613269,-0.2172505640230674,-0.0343665376408577,0
-0.850079972617776,-0.1904299255439511,-0.419762441558433,0.773717033637068,-0.2172505640230674,-0.0343665376408577,0
-1.5795657966782934,-0.8625273415355913,-1.1979586554579795,-0.1448838105613269,-0.2172505640230674,-1.6482161020663058,0
-1.0689257198359312,0.112986765205758,-0.419762441558433,-0.1448838105613269,-0.2172505640230674,-0.8412913198535819,0
-1.43366863186619,-0.5796092195767802,-0.419762441558433,-0.1448838105613269,-0.2172505640230674,-1.0026762762961263,0
1.6301718291879828,-1.3178417408822418,-2.3652529763073,-0.1448838105613269,-0.2172505640230674,1.256713113899501,0
0.8277374227214137,-0.1054815841158043,-1.1979586554579795,-0.1448838105613269,-0.2172505640230674,-0.0343665376408577,0
-0.1935427309633105,1.8941561684765804,-0.0306643346086596,-0.1448838105613269,-0.2172505640230674,0.3690958534655043,0
0.3170973458790516,-0.1268701600505105,1.1366299862406606,13.267171353549536,-0.2172505640230674,1.5794830267845903,1
-0.2664913133693622,2.586894175675684,-1.5870567624077532,-0.1448838105613269,-0.2172505640230674,0.7725582445718663,0
0.754788840315362,-1.2098857679705466,1.1366299862406606,-0.1448838105613269,-0.2172505640230674,0.3690958534655043,0
-0.9230285550238276,-0.2272042632732112,-0.419762441558433,-0.1448838105613269,-0.2172505640230674,-0.0343665376408577,0
-0.5582856429935692,0.7208805807488624,0.3584337723411137,0.2758565673406098,-0.2172505640230674,0.7725582445718663,0
-1.5795657966782934,0.923054224809854,-1.1979586554579795,-0.1448838105613269,-0.2172505640230674,-2.697218318942847,0
1.9949147412182413,-1.4819060364982612,-0.419762441558433,-0.1448838105613269,-0.2172505640230674,0.3690958534655043,0
1.557223246781931,-0.6171599465165963,-0.0306643346086596,-0.1448838105613269,-0.2172505640230674,-0.0343665376408577,0
-1.141874302241983,-0.141602618728865,-1.5870567624077532,-0.1448838105613269,-0.2172505640230674,1.5794830267845903,0
-1.214822884648035,-0.4905232917460366,-0.0306643346086596,-0.1448838105613269,-0.2172505640230674,-1.970986014951396,0
-1.141874302241983,-0.0987402534095136,-0.0306643346086596,-0.1448838105613269,-0.2172505640230674,-0.8412913198535819,0
-1.360720049460138,-0.3917514351055521,-0.0306643346086596,-0.1448838105613269,-0.2172505640230674,-0.0343665376408577,0
-1.2877714670540863,-0.8203088111713351,-0.0306643346086596,-0.1448838105613269,-0.2172505640230674,-1.6482161020663058,0
1.265428917157724,-0.0480193143735593,-1.9761548693575264,-0.1448838105613269,-0.2172505640230674,4.726489677414214,0
-0.1935427309633105,2.7869942924548248,-0.419762441558433,-0.1448838105613269,-0.2172505640230674,-0.0343665376408577,0
-0.9959771374298796,1.6770607025151476,1.1366299862406606,-0.1448838105613269,-0.2172505640230674,-0.0343665376408577,0
0.6088916755032585,-0.638756821995598,-0.419762441558433,-0.1448838105613269,-0.2172505640230674,-1.6482161020663058,0
-1.43366863186619,0.6690518668637002,-0.419762441558433,-0.1448838105613269,-0.2172505640230674,-1.6482161020663058,0
-1.0689257198359312,0.8908340725717819,1.1366299862406606,-0.1448838105613269,-0.2172505640230674,-0.1150590158621301,0
0.0253030162548446,0.1059803259885457,0.7475318792908872,-0.1448838105613269,-0.2172505640230674,1.1760206356782283,0
-0.047645566151207,0.3412073204647915,-0.419762441558433,-0.1448838105613269,-0.2172505640230674,-0.0343665376408577,0
-1.2877714670540863,-0.2160507694922976,-0.419762441558433,-0.1448838105613269,-0.2172505640230674,-0.0343665376408577,0
0.5359430930972068,0.905774830794432,-0.0306643346086596,-0.1448838105613269,-0.2172505640230674,1.5794830267845903,0
-1.43366863186619,0.8262612138401768,-0.0306643346086596,-0.1448838105613269,-0.2172505640230674,-1.2447537109599438,0
-0.850079972617776,0.3290312652846091,-0.0306643346086596,-0.1448838105613269,-0.2172505640230674,-0.0343665376408577,0
-0.339439895775414,0.0220829504429808,1.1366299862406606,-0.1448838105613269,-0.2172505640230674,-0.0343665376408577,0
-0.850079972617776,1.2548943351947943,-0.0306643346086596,-0.1448838105613269,-0.2172505640230674,-0.0343665376408577,0
-0.339439895775414,1.2742661928142762,-0.419762441558433,-0.1448838105613269,-0.2172505640230674,-0.0343665376408577,0
1.7760689940000862,-0.4968669596859449,1.1366299862406606,-0.1448838105613269,-0.2172505640230674,-0.0343665376408577,0
-0.4853370605875174,1.4322519290013087,1.1366299862406606,-0.1448838105613269,-0.2172505640230674,-0.0343665376408577,0
0.5359430930972068,0.7572856601950533,-0.0306643346086596,0.4433748115227963,-0.2172505640230674,-0.1957514940834025,0
1.046583169939569,0.8654309963288352,-0.419762441558433,-0.1448838105613269,2.4910227623067853,-0.0343665376408577,0
-0.2664913133693622,-0.9930459423589308,1.1366299862406606,-0.1448838105613269,-0.2172505640230674,-0.0343665376408577,0
-0.5582856429935692,-1.3493896536819057,-0.419762441558433,-0.1448838105613269,-0.2172505640230674,1.256713113899501,0
-0.7771313902117244,-0.015988525357574,-0.419762441558433,-0.1448838105613269,-0.2172505640230674,-0.0343665376408577,0
1.4842746643758793,-1.3457633479789433,1.5257280931904338,-0.1448838105613269,-0.2172505640230674,0.3690958534655043,0
-0.5582856429935692,0.889224485184044,-0.419762441558433,-0.1448838105613269,-0.2172505640230674,0.7725582445718663,0
0.6818402579093102,1.5179009143511766,1.9148262001402072,13.267171353549536,-0.2172505640230674,0.7725582445718663,1
-0.850079972617776,0.0309262129144352,1.1366299862406606,-0.1448838105613269,-0.2172505640230674,-0.0343665376408577,0
-1.214822884648035,0.0730689979898566,-0.419762441558433,-0.1448838105613269,-0.2172505640230674,-0.0343665376408577,0
-0.4123884781814657,0.6330349820227874,-0.419762441558433,-0.1448838105613269,-0.2172505640230674,3.1933325912100385,0
-1.5066172142722416,2.1383873841630545,-1.1979586554579795,-0.1448838105613269,-0.2172505640230674,-1.6482161020663058,0
0.9736345875335172,0.1795195332859616,-0.419762441558433,-0.1448838105613269,4.100610114676817,-0.1957514940834025,0
-0.4123884781814657,-0.0658573298941376,1.1366299862406606,-0.1448838105613269,-0.2172505640230674,-0.0343665376408577,0
1.3383774995637758,0.1008012418644712,-0.0306643346086596,-0.1448838105613269,-0.2172505640230674,-0.0343665376408577,0
-1.0689257198359312,0.2702718574710693,0.3584337723411137,-0.1448838105613269,-0.2172505640230674,-1.6482161020663058,0
-0.2664913133693622,-1.5831396150258743,-0.419762441558433,-0.1448838105613269,-0.2172505640230674,-0.0343665376408577,0
-1.5795657966782934,0.4395247053722676,-1.5870567624077532,-0.1448838105613269,-0.2172505640230674,-2.616525840721575,0
0.3900459282851033,0.5013328610614052,-0.0306643346086596,-0.1448838105613269,-0.2172505640230674,-0.0343665376408577,0
0.2441487634729998,-1.0179093334189302,-0.419762441558433,-0.1448838105613269,-0.2172505640230674,2.5477927654398598,0
1.1195317523456203,0.148340878769367,1.1366299862406606,-0.1448838105613269,-0.2172505640230674,0.7725582445718663,0
-0.6312342253996209,-0.08342076874269,-0.0306643346086596,-0.1448838105613269,-0.2172505640230674,-2.616525840721575,0
0.3170973458790516,0.2101016936529828,-0.419762441558433,-0.1448838105613269,-0.2172505640230674,-1.3254461891812162,0
0.3900459282851033,0.3442371320181806,-0.0306643346086596,-0.1448838105613269,-0.2172505640230674,1.5794830267845903,0
1.7031204115940344,0.2013436446314674,-0.419762441558433,-0.1448838105613269,-0.2172505640230674,-1.6482161020663058,0
0.3900459282851033,0.1379069652323833,-0.419762441558433,-0.1448838105613269,-0.2172505640230674,-0.0343665376408577,0
-1.360720049460138,1.706516151710752,-0.0306643346086596,-0.1448838105613269,-0.2172505640230674,-1.6482161020663058,0
-0.9230285550238276,-0.8478232873405499,0.7475318792908872,-0.1448838105613269,-0.2172505640230674,-0.8412913198535819,0
-0.047645566151207,-1.174484313601416,-0.419762441558433,-0.1448838105613269,-0.2172505640230674,-0.0343665376408577,0
1.046583169939569,0.0946374689855452,1.1366299862406606,-0.1448838105613269,-0.2172505640230674,-0.8412913198535819,0
-0.1205941485572587,-1.1277305340681805,-3.1434491902068467,-0.1448838105613269,-0.2172505640230674,0.6111732881293215,0
0.0253030162548446,1.2016264608217726,1.5257280931904338,-0.1448838105613269,-0.2172505640230674,1.1760206356782283,0
0.754788840315362,-1.2098857679705466,-1.1979586554579795,-0.1448838105613269,-0.2172505640230674,-0.0343665376408577,0
0.0253030162548446,1.193995122971674,1.5257280931904338,1.0104421745350338,-0.2172505640230674,0.9339432010144112,0
-1.43366863186619,0.4005253497834873,-1.1979586554579795,-0.1448838105613269,-0.2172505640230674,-1.6482161020663058,0
2.870297730090862,-0.3552611422094222,-2.3652529763073,-0.1448838105613269,-0.2172505640230674,-1.6482161020663058,0
0.1712001810669481,-0.0501023098165143,-0.419762441558433,-0.1448838105613269,-0.2172505640230674,-0.0343665376408577,0
0.0982515986608963,-1.222109163956251,-0.0306643346086596,-0.1448838105613269,-0.2172505640230674,-0.8412913198535819,0
1.1195317523456203,-0.1401729264021095,-1.9761548693575264,-0.1448838105613269,-0.2172505640230674,0.3690958534655043,0
0.6818402579093102,2.40214194804668,1.5257280931904338,-0.1448838105613269,-0.2172505640230674,0.7725582445718663,0
-0.7771313902117244,0.155451467758727,1.1366299862406606,-0.1448838105613269,-0.2172505640230674,-0.0343665376408577,0
0.0253030162548446,0.4548820626835086,1.9148262001402072,-0.1448838105613269,5.7722000615141065,4.726489677414214,0
-0.1205941485572587,1.3284808832977322,1.1366299862406606,1.8701635077678724,-0.2172505640230674,0.7725582445718663,0
1.1195317523456203,-1.4660279303262815,2.3039243070899804,-0.1448838105613269,-0.2172505640230674,1.5794830267845903,0
1.265428917157724,0.0157203461808637,-0.0306643346086596,-0.1448838105613269,-0.2172505640230674,-0.0343665376408577,0
-0.6312342253996209,-0.0999616461919736,1.1366299862406606,-0.1448838105613269,-0.2172505640230674,-0.0343665376408577,0
0.5359430930972068,0.0288148129881672,-0.419762441558433,-0.1448838105613269,-0.2172505640230674,0.3690958534655043,0
0.9736345875335172,-1.5897578596378086,-0.0306643346086596,-0.1448838105613269,-0.2172505640230674,1.5794830267845903,0
1.4842746643758793,0.3903660129185295,-1.9761548693575264,-0.1448838105613269,-0.2172505640230674,-0.0343665376408577,0
0.6088916755032585,1.5084327532468358,-0.419762441558433,-0.1448838105613269,-0.2172505640230674,-1.0026762762961263,0
-1.2877714670540863,-1.4755055595917268,-0.419762441558433,-0.1448838105613269,-0.2172505640230674,-0.0343665376408577,0
-0.9959771374298796,-0.4715775013762504,-3.1434491902068467,-0.1448838105613269,-0.2172505640230674,-0.0343665376408577,0
1.3383774995637758,0.3987169310125583,1.5257280931904338,-0.1448838105613269,-0.2172505640230674,0.7725582445718663,0
-0.5582856429935692,-0.353339105505241,0.3584337723411137,-0.1448838105613269,-0.2172505640230674,0.6111732881293215,0
1.557223246781931,-0.981608403744887,1.5257280931904338,-0.1448838105613269,-0.2172505640230674,0.7725582445718663,0
-0.4123884781814657,0.3902145223408601,-0.0306643346086596,-0.1448838105613269,6.7865625069984565,0.6111732881293215,0
-1.2877714670540863,0.2241240402485117,-1.1979586554579795,-0.1448838105613269,4.152692294029314,-0.0343665376408577,0
0.5359430930972068,-0.85960167975435,1.5257280931904338,-0.1448838105613269,-0.2172505640230674,0.3690958534655043,0
-1.214822884648035,-0.4607837977173017,-0.419762441558433,-0.1448838105613269,-0.2172505640230674,-0.0343665376408577,0
0.0253030162548446,-0.975473035349274,1.1366299862406606,3.5874602239477893,-0.2172505640230674,1.1760206356782283,0
-0.5582856429935692,1.164558610098278,-1.9761548693575264,-0.1448838105613269,-0.2172505640230674,-0.0343665376408577,0
-0.6312342253996209,0.1490036500466708,-0.419762441558433,-0.1448838105613269,-0.2172505640230674,-0.0343665376408577,0
1.8490175764061376,-1.59534407468937,-0.419762441558433,-0.1448838105613269,-0.2172505640230674,-1.6482161020663058,0
1.1195317523456203,1.1942602314825954,-0.419762441558433,-0.1448838105613269,-0.2172505640230674,-0.0343665376408577,0
0.0253030162548446,0.1281452911338078,0.7475318792908872,-0.1448838105613269,-0.2172505640230674,-1.2447537109599438,0
-0.6312342253996209,-1.539699691879158,-0.0306643346086596,-0.1448838105613269,-0.2172505640230674,-0.0343665376408577,0
0.0253030162548446,0.1257403782133052,1.1366299862406606,-0.1448838105613269,-0.2172505640230674,0.3690958534655043,0
-0.2664913133693622,1.3630964802952026,-0.419762441558433,-0.1448838105613269,-0.2172505640230674,0.7725582445718663,0
-0.339439895775414,0.1361742917502889,-0.419762441558433,-0.1448838105613269,-0.2172505640230674,-0.0343665376408577,0
-1.0689257198359312,0.8565309248907548,-1.5870567624077532,-0.1448838105613269,-0.2172505640230674,0.6918657663505939,0
-1.0689257198359312,-0.1382414215368239,1.1366299862406606,-0.1448838105613269,-0.2172505640230674,0.7725582445718663,0
-0.4123884781814657,0.0033833322619075,-0.419762441558433,-0.1448838105613269,-0.2172505640230674,-0.0343665376408577,0
-0.9230285550238276,0.0804162910068252,1.5257280931904338,-0.1448838105613269,-0.2172505640230674,-0.0343665376408577,0
-1.141874302241983,-0.7743787616541773,1.1366299862406606,-0.1448838105613269,-0.2172505640230674,0.7725582445718663,0
0.6088916755032585,-0.5476731121718383,-0.0306643346086596,-0.1448838105613269,-0.2172505640230674,-0.0343665376408577,0
-1.0689257198359312,0.5067391810519838,0.7475318792908872,1.0104421745350338,-0.2172505640230674,-0.0343665376408577,0
0.2441487634729998,-1.471841381244347,1.1366299862406606,0.8339377635312247,-0.2172505640230674,0.7725582445718663,0
-0.7771313902117244,-0.7382671952022211,-0.419762441558433,-0.1448838105613269,4.678474295111666,-0.0343665376408577,0
-0.7771313902117244,-0.6298472823964132,-0.0306643346086596,0.5076191982027541,-0.2172505640230674,-0.0343665376408577,0
1.7031204115940344,0.5152321215625776,2.3039243070899804,1.8701635077678724,-0.2172505640230674,0.7725582445718663,0
0.0982515986608963,0.910054439613594,0.7475318792908872,-0.1448838105613269,-0.2172505640230674,-0.0343665376408577,0
0.5359430930972068,2.095941617932294,-1.5870567624077532,-0.1448838105613269,-0.2172505640230674,-0.4378289287472198,0
-0.4123884781814657,-0.1064284002262384,1.1366299862406606,-0.1448838105613269,-0.2172505640230674,-0.0343665376408577,0
1.1195317523456203,-0.9576255516675916,1.5257280931904338,-0.1448838105613269,-0.2172505640230674,-0.276443972304675,0
1.046583169939569,-0.8116075711164459,1.5257280931904338,-0.1448838105613269,-0.2172505640230674,-0.0343665376408577,0
0.1712001810669481,0.8121441856336046,-0.0306643346086596,-0.1448838105613269,-0.2172505640230674,-0.0343665376408577,0
0.1712001810669481,-0.146573403308644,-1.9761548693575264,-0.1448838105613269,-0.2172505640230674,-0.0343665376408577,0
-0.9230285550238276,1.1534808616061991,1.1366299862406606,-0.1448838105613269,-0.2172505640230674,-0.0343665376408577,0
-1.5066172142722416,1.0076049034716186,-0.419762441558433,-0.1448838105613269,-0.2172505640230674,-0.8412913198535819,0
-1.214822884648035,0.6142690867139836,-0.0306643346086596,-0.1448838105613269,-0.2172505640230674,-0.8412913198535819,0
0.0253030162548446,-1.3104471070597514,-1.1979586554579795,-0.1448838105613269,-0.2172505640230674,-0.0343665376408577,0
0.0982515986608963,-0.5578703216812135,-0.0306643346086596,-0.1448838105613269,-0.2172505640230674,-0.0343665376408577,0
-0.2664913133693622,-0.7805235982108946,-0.419762441558433,-0.1448838105613269,-0.2172505640230674,1.1760206356782283,0
-0.2664913133693622,1.5772094755087682,1.9148262001402072,-0.1448838105613269,-0.2172505640230674,-0.4378289287472198,0
1.046583169939569,-0.886292425907487,-0.0306643346086596,-0.1448838105613269,4.098130010898126,-0.0343665376408577,0
1.6301718291879828,1.571481238040642,-1.9761548693575264,-0.1448838105613269,-0.2172505640230674,-1.6482161020663058,0
0.6818402579093102,0.7160328822634399,-0.0306643346086596,-0.1448838105613269,-0.2172505640230674,2.386407808997314,0
-0.1935427309633105,4.107139207516304e-05,-0.419762441558433,-0.1448838105613269,-0.2172505640230674,-1.0026762762961263,0
0.5359430930972068,0.3946077490932743,-0.0306643346086596,-0.1448838105613269,-0.2172505640230674,-1.6482161020663058,0
-0.2664913133693622,0.5375959180910309,-0.419762441558433,0.3010714831982968,-0.2172505640230674,0.7725582445718663,0
-0.4123884781814657,1.2271715594812844,-0.0306643346086596,-0.1448838105613269,-0.2172505640230674,-0.0343665376408577,0
-0.4853370605875174,-1.3935680933947605,-0.419762441558433,-0.1448838105613269,-0.2172505640230674,-0.0343665376408577,0
0.9006860051274654,-0.2832368406887008,-0.419762441558433,-0.1448838105613269,-0.2172505640230674,-1.6482161020663058,0
0.462994510691155,0.2479932743925551,2.3039243070899804,0.8862453017466392,-0.2172505640230674,0.3690958534655043,0
-0.047645566151207,-1.603543502205729,-0.419762441558433,-0.1448838105613269,-0.2172505640230674,-0.0343665376408577,0
-1.141874302241983,0.2052255906842472,-0.0306643346086596,-0.1448838105613269,-0.2172505640230674,-0.0343665376408577,0
0.1712001810669481,-0.1840578531207296,1.1366299862406606,-0.1448838105613269,-0.2172505640230674,0.3690958534655043,0
-0.5582856429935692,-0.0970927933773583,-2.754351083257073,-0.1448838105613269,-0.2172505640230674,-0.0343665376408577,0
2.943246312496914,-0.2511871153505068,-0.419762441558433,-0.1448838105613269,-0.2172505640230674,-0.0343665376408577,0
2.724400565278758,-1.3966263094314626,-0.419762441558433,-0.1448838105613269,-0.2172505640230674,-3.1006807100492093,0
0.6088916755032585,-1.469569022579305,-2.3652529763073,-0.1448838105613269,-0.2172505640230674,-2.45514088427903,0
-1.0689257198359312,-0.3061781950445189,-0.0306643346086596,-0.1448838105613269,-0.2172505640230674,0.127018418801687,0
-0.1935427309633105,0.3740902439801675,-0.0306643346086596,-0.1448838105613269,-0.2172505640230674,-0.0343665376408577,0
0.1712001810669481,-0.9047458718998476,-0.419762441558433,13.267171353549536,-0.2172505640230674,1.5794830267845903,1
0.9736345875335172,-0.933339718434957,-0.0306643346086596,-0.1448838105613269,-0.2172505640230674,-0.0343665376408577,0
-0.9959771374298796,-0.3963908340466791,-0.419762441558433,-0.1448838105613269,-0.2172505640230674,1.5794830267845903,0
0.8277374227214137,-0.0140475523311841,1.5257280931904338,-0.1448838105613269,3.7261144440945753,0.3690958534655043,0
0.754788840315362,-0.0254472183008105,-0.0306643346086596,-0.1448838105613269,-0.2172505640230674,0.3690958534655043,0
0.6088916755032585,0.1835624380775152,-0.0306643346086596,-0.1448838105613269,-0.2172505640230674,-0.0343665376408577,0
0.0982515986608963,-0.3396292082261553,1.1366299862406606,-0.1448838105613269,-0.2172505640230674,2.5477927654398598,0
1.7031204115940344,0.4267142833980943,1.1366299862406606,0.5274692383460396,-0.2172505640230674,0.7725582445718663,0
1.557223246781931,-0.2749995405279242,-0.419762441558433,0.5274692383460396,-0.2172505640230674,-0.0343665376408577,0
0.5359430930972068,-0.7787057112788611,-0.419762441558433,-0.1448838105613269,-0.2172505640230674,-0.0343665376408577,0
-0.7041828078056727,-1.095860703790969,1.1366299862406606,-0.1448838105613269,-0.2172505640230674,-2.051678493172668,0
-0.1205941485572587,-0.1592891436717738,-0.0306643346086596,-0.1448838105613269,-0.2172505640230674,0.3690958534655043,0
0.5359430930972068,0.1900197239506757,-1.5870567624077532,-0.1448838105613269,-0.2172505640230674,-0.1957514940834025,0
0.6818402579093102,-0.0706198149296211,-0.0306643346086596,-0.1448838105613269,-0.2172505640230674,0.3690958534655043,0
-0.4123884781814657,-0.2313513178369125,1.1366299862406606,-0.1448838105613269,-0.2172505640230674,-0.4378289287472198,0
-1.5066172142722416,-1.4237052501898777,-0.8088605485082063,-0.1448838105613269,-0.2172505640230674,-2.293755927836485,0
0.0982515986608963,0.0079280495919911,-0.419762441558433,-0.1448838105613269,-0.2172505640230674,1.5794830267845903,0
-0.7041828078056727,0.0142717175318995,-0.419762441558433,-0.1448838105613269,-0.2172505640230674,1.1760206356782283,0
0.8277374227214137,0.0504211566282732,0.3584337723411137,-0.1448838105613269,-0.2172505640230674,-0.0343665376408577,0
-0.1935427309633105,-0.211951055734118,0.3584337723411137,-0.1448838105613269,-0.2172505640230674,-0.0343665376408577,0
-0.9959771374298796,-1.3082315573613357,-0.8088605485082063,-0.1448838105613269,-0.2172505640230674,-0.0343665376408577,0
0.2441487634729998,0.0599461266992401,-0.419762441558433,-0.1448838105613269,-0.2172505640230674,-0.0343665376408577,0
-1.43366863186619,0.4561602644325946,-0.0306643346086596,-0.1448838105613269,-0.2172505640230674,-3.019988231827937,0
0.0253030162548446,0.0244405225579617,-0.0306643346086596,-0.1448838105613269,-0.2172505640230674,0.7725582445718663,0
1.4842746643758793,-0.3354916218235583,-0.419762441558433,0.8862453017466392,-0.2172505640230674,-0.0343665376408577,0
-0.6312342253996209,-0.1202519154385762,-0.419762441558433,-0.1448838105613269,-0.2172505640230674,-0.0343665376408577,0
0.8277374227214137,0.2030195091469358,-0.419762441558433,-0.1448838105613269,-0.2172505640230674,-0.276443972304675,0
-1.141874302241983,-0.3147847534883647,1.1366299862406606,-0.1448838105613269,-0.2172505640230674,-1.6482161020663058,0
-1.5066172142722416,-0.7261668853108734,-1.1979586554579795,-0.1448838105613269,-0.2172505640230674,-3.019988231827937,0
-1.0689257198359312,0.0746501808942816,-0.419762441558433,-0.1448838105613269,-0.2172505640230674,-0.0343665376408577,0
0.9736345875335172,0.0647086117347236,-2.3652529763073,-0.1448838105613269,-0.2172505640230674,-0.0343665376408577,0
-1.43366863186619,0.9871347391640334,-0.419762441558433,-0.1448838105613269,-0.2172505640230674,-1.6482161020663058,0
1.7031204115940344,-0.4953331175870417,1.5257280931904338,-0.1448838105613269,-0.2172505640230674,-0.0343665376408577,0
1.1924803347516724,-1.1322184424316382,1.5257280931904338,-0.1448838105613269,-0.2172505640230674,-0.0343665376408577,0
-0.7771313902117244,0.0779735054419052,-0.0306643346086596,-0.1448838105613269,-0.2172505640230674,1.5794830267845903,0
2.067863323624293,-1.0216965978606665,1.5257280931904338,-0.1448838105613269,-0.2172505640230674,-3.1006807100492093,0
0.0253030162548446,-0.1284702792771441,1.1366299862406606,-0.1448838105613269,-0.2172505640230674,-0.0343665376408577,0
1.1924803347516724,0.9212268697167164,-1.5870567624077532,-0.1448838105613269,-0.2172505640230674,0.3690958534655043,0
0.2441487634729998,-0.8328257201512739,0.3584337723411137,0.2420578503398804,-0.2172505640230674,-0.0343665376408577,0
0.1712001810669481,0.1183362762297106,-0.0306643346086596,-0.1448838105613269,-0.2172505640230674,1.5794830267845903,0
-1.5795657966782934,0.7274136119108576,-1.9761548693575264,-0.1448838105613269,-0.2172505640230674,-0.0343665376408577,0
-1.2877714670540863,0.0327630361686773,-0.0306643346086596,-0.1448838105613269,-0.2172505640230674,-0.0343665376408577,0
0.754788840315362,1.3027085487717165,-0.0306643346086596,-0.1448838105613269,4.685914606447738,1.5794830267845903,0
-0.850079972617776,-0.8328257201512739,-0.419762441558433,-0.1448838105613269,-0.2172505640230674,-0.0343665376408577,0
0.6088916755032585,-1.0482737260805517,-1.1979586554579795,-0.1448838105613269,-0.2172505640230674,-1.0026762762961263,0
0.462994510691155,-0.3818761430737245,1.5257280931904338,-0.1448838105613269,-0.2172505640230674,-0.0343665376408577,0
0.2441487634729998,0.0035442910006813,1.1366299862406606,1.8701635077678724,-0.2172505640230674,0.7725582445718663,0
1.046583169939569,-0.2649064807906968,1.5257280931904338,0.5076191982027541,-0.2172505640230674,-0.0343665376408577,0
1.265428917157724,0.0302918461204444,-0.419762441558433,-0.1448838105613269,-0.2172505640230674,-0.0343665376408577,0
0.1712001810669481,1.306003468836027,-0.8088605485082063,-0.1448838105613269,-0.2172505640230674,-0.0343665376408577,0
1.046583169939569,0.0565091842183644,-0.419762441558433,-0.1448838105613269,-0.2172505640230674,-0.0343665376408577,0
0.6088916755032585,-1.5884133807609924,1.5257280931904338,-0.1448838105613269,-0.2172505640230674,-1.2447537109599438,0
2.067863323624293,-0.5876382201932614,1.5257280931904338,2.5443942631752794,-0.2172505640230674,1.5794830267845903,0
-1.5795657966782934,0.9715785504696012,-1.1979586554579795,-0.1448838105613269,-0.2172505640230674,-1.2447537109599438,0
0.8277374227214137,0.2998219882777174,-0.0306643346086596,-0.1448838105613269,-0.2172505640230674,-0.0343665376408577,0
-0.7771313902117244,0.2384872406437969,-0.419762441558433,-0.1448838105613269,-0.2172505640230674,-0.0343665376408577,0
-0.047645566151207,-0.2374298772658994,1.1366299862406606,-0.1448838105613269,-0.2172505640230674,-0.8412913198535819,0
0.8277374227214137,-0.121217667871219,2.3039243070899804,0.3622310663424738,-0.2172505640230674,-0.0343665376408577,0
-0.4123884781814657,0.6842956062416891,-1.5870567624077532,-0.1448838105613269,-0.2172505640230674,-0.0343665376408577,0
-0.4853370605875174,-0.8477286057295065,1.1366299862406606,-0.1448838105613269,-0.2172505640230674,-0.4378289287472198,0
-0.7041828078056727,0.9498585888962432,-0.419762441558433,-0.1448838105613269,-0.2172505640230674,1.1760206356782283,0
1.3383774995637758,-1.1341499472969236,-0.419762441558433,-0.1448838105613269,-0.2172505640230674,-0.0343665376408577,0
1.8490175764061376,-0.1822494343498005,-0.0306643346086596,-0.1448838105613269,-0.2172505640230674,-2.616525840721575,0
-1.5066172142722416,-1.5277698088876888,-1.1979586554579795,-0.1448838105613269,-0.2172505640230674,-0.4378289287472198,0
-1.5066172142722416,-0.7521475193811848,-1.1979586554579795,-0.1448838105613269,-0.2172505640230674,-2.858603275385392,0
-0.5582856429935692,-0.3349140639961935,-0.419762441558433,-0.1448838105613269,-0.2172505640230674,-1.3254461891812162,0
1.6301718291879828,-0.8348045658220811,0.3584337723411137,-0.1448838105613269,-0.2172505640230674,-0.0343665376408577,0
-0.9959771374298796,0.1951230627859154,1.1366299862406606,-0.1448838105613269,-0.2172505640230674,-0.8412913198535819,0
-0.7771313902117244,0.1405675185027031,-1.5870567624077532,-0.1448838105613269,-0.2172505640230674,-0.0343665376408577,0
0.1712001810669481,-0.2023882130187337,-0.419762441558433,0.5495993506679457,-0.2172505640230674,-0.0343665376408577,0
0.9736345875335172,-0.6814203559317582,-0.419762441558433,-0.1448838105613269,-0.2172505640230674,-0.0343665376408577,0
0.6818402579093102,-0.3818761430737245,-0.0306643346086596,-0.1448838105613269,-0.2172505640230674,-0.0343665376408577,0
1.3383774995637758,-1.2137771821844308,-0.0306643346086596,0.8862453017466392,-0.2172505640230674,0.3690958534655043,0
-0.9230285550238276,-0.1756879987044923,-0.0306643346086596,-0.1448838105613269,-0.2172505640230674,-0.1957514940834025,0
0.0253030162548446,-1.013544511149829,1.1366299862406606,-0.1448838105613269,-0.2172505640230674,0.3690958534655043,0
-0.9230285550238276,-1.4989960672915963,-1.1979586554579795,-0.1448838105613269,-0.2172505640230674,0.7725582445718663,0
-0.9959771374298796,0.3618384435111504,1.1366299862406606,-0.1448838105613269,-0.2172505640230674,-0.0343665376408577,0
0.2441487634729998,0.7636482644571704,-0.419762441558433,-0.1448838105613269,-0.2172505640230674,-0.0343665376408577,0
-0.047645566151207,0.3725279973979513,1.1366299862406606,-0.1448838105613269,-0.2172505640230674,0.7725582445718663,0
0.6088916755032585,-0.7093135585451465,-0.419762441558433,-0.1448838105613269,-0.2172505640230674,-0.0343665376408577,0
-1.360720049460138,-0.7129966732147351,-0.419762441558433,-0.1448838105613269,-0.2172505640230674,-0.0343665376408577,0
-1.2877714670540863,-0.8186613511391798,-0.419762441558433,-0.1448838105613269,-0.2172505640230674,-0.0343665376408577,0
0.0253030162548446,-0.305127229161937,1.5257280931904338,0.319714426305842,-0.2172505640230674,-0.0343665376408577,0
1.8490175764061376,0.2162844028541174,1.1366299862406606,-0.1448838105613269,-0.2172505640230674,-0.0343665376408577,0
-1.141874302241983,-1.01101651213497,-0.0306643346086596,-0.1448838105613269,-0.2172505640230674,-1.970986014951396,0
-1.214822884648035,-1.1027251205916162,-0.419762441558433,-0.1448838105613269,-0.2172505640230674,-0.0343665376408577,0
-1.43366863186619,3.252098770383364,-0.419762441558433,-0.1448838105613269,-0.2172505640230674,-0.8412913198535819,0
-0.339439895775414,-0.0396683962795306,0.7475318792908872,-0.1448838105613269,-0.2172505640230674,-0.0343665376408577,0
-0.9230285550238276,-0.1196270168056897,-1.1979586554579795,-0.1448838105613269,-0.2172505640230674,-0.0343665376408577,0
-1.43366863186619,-0.1090984216576626,-0.419762441558433,-0.1448838105613269,-0.2172505640230674,-0.4378289287472198,0
-0.2664913133693622,-0.5964436100202984,-0.419762441558433,-0.1448838105613269,-0.2172505640230674,0.4497883316867767,0
0.3900459282851033,-0.0126746689710546,-0.0306643346086596,-0.1448838105613269,-0.2172505640230674,-0.1957514940834025,0
-0.7041828078056727,0.0730216571843349,-1.1979586554579795,-0.1448838105613269,-0.2172505640230674,0.3690958534655043,0
-0.6312342253996209,0.5258743346438568,-0.419762441558433,-0.1448838105613269,4.747917200914996,0.2077108970229594,0
-0.7771313902117244,0.1849637259209576,1.5257280931904338,-0.1448838105613269,-0.2172505640230674,0.3690958534655043,0
-1.214822884648035,0.7411235091899433,-0.0306643346086596,-0.1448838105613269,-0.2172505640230674,-1.970986014951396,0
-0.5582856429935692,1.560299339776415,-0.419762441558433,-0.1448838105613269,-0.2172505640230674,-0.0343665376408577,0
-1.0689257198359312,-0.3323197878536041,0.3584337723411137,-0.1448838105613269,-0.2172505640230674,0.7725582445718663,0
1.4113260819698277,-0.0206847332653271,-0.419762441558433,-0.1448838105613269,-0.2172505640230674,-1.3254461891812162,0
0.1712001810669481,-0.236918596566265,-0.419762441558433,-0.1448838105613269,-0.2172505640230674,-0.0343665376408577,0
1.1195317523456203,0.361327162811516,-0.0306643346086596,-0.1448838105613269,-0.2172505640230674,-0.0343665376408577,0
0.6088916755032585,-0.012684137132159,-0.419762441558433,-0.1448838105613269,-0.2172505640230674,-1.2447537109599438,0
1.8490175764061376,-0.2161265147811323,-0.419762441558433,-0.1448838105613269,-0.2172505640230674,-1.0026762762961263,0
-0.1935427309633105,-0.3752010894951642,-0.419762441558433,-0.1448838105613269,-0.2172505640230674,-0.0343665376408577,0
-1.5795657966782934,-0.3369875912780442,-0.8088605485082063,-0.1448838105613269,-0.2172505640230674,-1.970986014951396,0
1.9949147412182413,-1.430153067901934,0.3584337723411137,0.2940971447695749,-0.2172505640230674,-0.0343665376408577,0
-1.360720049460138,-0.320512990956491,-0.419762441558433,-0.1448838105613269,-0.2172505640230674,-1.6482161020663058,0
-1.141874302241983,-1.420855333697471,-0.0306643346086596,-0.1448838105613269,-0.2172505640230674,-0.0343665376408577,0
-0.9959771374298796,0.8885427775845314,-0.0306643346086596,-0.1448838105613269,-0.2172505640230674,1.5794830267845903,0
0.462994510691155,-0.215312252926159,-1.1979586554579795,-0.1448838105613269,-0.2172505640230674,-0.0343665376408577,0
0.3170973458790516,-0.7336751370666157,0.3584337723411137,-0.1448838105613269,4.499906823045962,-0.6799063634110369,0
-1.0689257198359312,0.0433389721222261,1.1366299862406606,-0.1448838105613269,-0.2172505640230674,-0.0343665376408577,0
-1.360720049460138,-1.008630535536676,-0.419762441558433,-0.1448838105613269,-0.2172505640230674,-0.0343665376408577,0
-0.1205941485572587,-0.7625340921126469,1.5257280931904338,3.5874602239477893,-0.2172505640230674,1.5794830267845903,0
-1.141874302241983,-0.9726704596623892,-0.419762441558433,-0.1448838105613269,-0.2172505640230674,-0.0343665376408577,0
1.4842746643758793,-0.8572346394782647,1.5257280931904338,-0.1448838105613269,-0.2172505640230674,-0.0343665376408577,0
-1.141874302241983,-0.2717519612691352,-0.0306643346086596,-0.1448838105613269,-0.2172505640230674,-2.45514088427903,0
0.2441487634729998,0.2210752923729139,1.5257280931904338,-0.1448838105613269,-0.2172505640230674,-0.0343665376408577,0
0.0253030162548446,0.250710636629501,1.9148262001402072,-0.1448838105613269,-0.2172505640230674,2.386407808997314,0
1.4842746643758793,-0.5964246736980897,-0.0306643346086596,-0.1448838105613269,-0.2172505640230674,0.7725582445718663,0
-1.2877714670540863,0.9198729226787956,-0.0306643346086596,-0.1448838105613269,-0.2172505640230674,-2.293755927836485,0
0.0982515986608963,-0.9492462290902498,-0.419762441558433,-0.1448838105613269,3.929482953947184,-0.0343665376408577,0
-0.9230285550238276,0.4699364388394106,1.1366299862406606,0.3838246910929398,-0.2172505640230674,-2.697218318942847,0
-0.4123884781814657,0.063581900563307,1.5257280931904338,-0.1448838105613269,-0.2172505640230674,-0.276443972304675,0
-1.5066172142722416,2.537849101155198,-1.1979586554579795,-0.1448838105613269,-0.2172505640230674,-1.970986014951396,0
-0.4123884781814657,0.3952326477261608,1.1366299862406606,-0.1448838105613269,-0.2172505640230674,-0.0343665376408577,0
0.9736345875335172,-0.0336371776560654,-0.419762441558433,-0.1448838105613269,-0.2172505640230674,1.256713113899501,0
0.9006860051274654,-0.6311349523066035,1.1366299862406606,-0.1448838105613269,6.129335005645515,0.7725582445718663,0
-0.2664913133693622,0.0575128092954245,-0.419762441558433,-0.1448838105613269,-0.2172505640230674,0.7725582445718663,0
-0.1935427309633105,-0.9976001278501188,1.1366299862406606,0.5274692383460396,-0.2172505640230674,0.7725582445718663,0
1.7760689940000862,-0.0732898363610452,-0.419762441558433,-0.1448838105613269,-0.2172505640230674,0.7725582445718663,0
-0.9230285550238276,-0.5389339994725317,-0.0306643346086596,-0.1448838105613269,-0.2172505640230674,0.3690958534655043,0
1.1924803347516724,-0.9227164416758864,-0.419762441558433,-0.1448838105613269,-0.2172505640230674,-0.0343665376408577,0
0.1712001810669481,0.9442913101668908,-0.419762441558433,-0.1448838105613269,-0.2172505640230674,-0.0343665376408577,0
-1.5795657966782934,-0.7088969594565555,-1.5870567624077532,-0.1448838105613269,-0.2172505640230674,-1.6482161020663058,0
-0.047645566151207,-0.1618928879754675,-0.0306643346086596,-0.1448838105613269,-0.2172505640230674,1.4180980703420456,0
1.1195317523456203,-0.0187816328833545,-0.0306643346086596,-0.1448838105613269,-0.2172505640230674,-0.1957514940834025,0
-0.6312342253996209,-0.3006961297651054,-0.0306643346086596,-0.1448838105613269,-0.2172505640230674,-0.0343665376408577,0
2.067863323624293,-0.6969765446261903,-0.419762441558433,0.2940971447695749,-0.2172505640230674,-1.970986014951396,0
-0.4123884781814657,0.3465094906832224,-2.3652529763073,-0.1448838105613269,-0.2172505640230674,0.2077108970229594,0
-0.1205941485572587,-0.8931663108692385,-1.5870567624077532,-0.1448838105613269,-0.2172505640230674,1.9829454178909525,0
0.5359430930972068,-0.8807062108559258,0.3584337723411137,-0.1448838105613269,-0.2172505640230674,-0.0343665376408577,0
-1.5795657966782934,-0.0293007598702773,-1.1979586554579795,-0.1448838105613269,-0.2172505640230674,-2.45514088427903,0
0.754788840315362,-0.6637622354721624,1.5257280931904338,-0.1448838105613269,-0.2172505640230674,-0.0343665376408577,0
-0.2664913133693622,-1.0267052550848628,1.1366299862406606,1.8701635077678724,-0.2172505640230674,0.7725582445718663,0
0.0982515986608963,-1.1393669040654155,1.1366299862406606,-0.1448838105613269,-0.2172505640230674,-0.0343665376408577,0
-0.4123884781814657,0.9640892350360676,2.3039243070899804,-0.1448838105613269,-0.2172505640230674,0.7725582445718663,0
0.754788840315362,0.5607550401522488,-0.419762441558433,-0.1448838105613269,-0.2172505640230674,0.3690958534655043,0
0.0982515986608963,-0.1288300693991091,1.1366299862406606,-0.1448838105613269,4.685914606447738,1.5794830267845903,0
0.8277374227214137,1.170750787460517,0.7475318792908872,-0.1448838105613269,-0.2172505640230674,-0.0343665376408577,0
-1.141874302241983,0.0970045092616305,-0.419762441558433,-0.1448838105613269,-0.2172505640230674,-1.5675236238450334,0
1.046583169939569,0.1916009068551006,-3.1434491902068467,-0.1448838105613269,-0.2172505640230674,-0.4378289287472198,0
-1.0689257198359312,-0.4597422999958242,-2.3652529763073,0.2011506730175691,-0.2172505640230674,-0.0343665376408577,0
-0.1205941485572587,-0.1095434252295666,1.5257280931904338,-0.1448838105613269,-0.2172505640230674,-0.0343665376408577,0
-1.141874302241983,-1.2203196815075303,0.3584337723411137,-0.1448838105613269,-0.2172505640230674,-0.0343665376408577,0
0.0982515986608963,-1.3581950435089427,2.3039243070899804,13.267171353549536,-0.2172505640230674,1.1760206356782283,1
-0.2664913133693622,-0.7412875385945058,-0.419762441558433,-0.1448838105613269,-0.2172505640230674,-0.0343665376408577,0
-0.2664913133693622,1.4243933552847057,1.1366299862406606,-0.1448838105613269,4.365981218996684,2.386407808997314,0
0.3900459282851033,-1.492841762573775,1.1366299862406606,-0.1448838105613269,-0.2172505640230674,0.3690958534655043,0
2.5055548180606038,-1.4245573846892683,-0.419762441558433,-0.1448838105613269,-0.2172505640230674,-1.6482161020663058,0
-0.9230285550238276,-0.3479138491924536,-0.0306643346086596,-0.1448838105613269,-0.2172505640230674,-0.0343665376408577,0
-0.5582856429935692,-0.9904895388607587,-0.0306643346086596,-0.1448838105613269,-0.2172505640230674,-0.0343665376408577,0
-0.850079972617776,-0.7215274863697463,-3.1434491902068467,-0.1448838105613269,-0.2172505640230674,-0.4378289287472198,0
-1.0689257198359312,-1.6120459108774272,-0.419762441558433,-0.1448838105613269,-0.2172505640230674,0.6111732881293215,0
0.6818402579093102,0.2119006442628075,-0.0306643346086596,-0.1448838105613269,-0.2172505640230674,-0.0343665376408577,0
-1.141874302241983,-0.5938872065221263,-0.0306643346086596,-0.1448838105613269,-0.2172505640230674,-1.2447537109599438,0
-0.4123884781814657,0.6557869731565186,-0.419762441558433,-0.1448838105613269,-0.2172505640230674,-0.0343665376408577,0
1.7760689940000862,-1.0780132201092862,1.9148262001402072,13.267171353549536,-0.2172505640230674,1.5794830267845903,1
-0.5582856429935692,-0.1062390370041516,1.9148262001402072,-0.1448838105613269,-0.2172505640230674,-0.0343665376408577,0
0.3170973458790516,0.1677979498387875,-0.0306643346086596,0.2712964229833686,-0.2172505640230674,2.386407808997314,0
0.462994510691155,0.102268806835644,-0.419762441558433,-0.1448838105613269,-0.2172505640230674,-0.4378289287472198,0
-0.1935427309633105,1.4774339937912235,-0.419762441558433,-0.1448838105613269,-0.2172505640230674,-0.0343665376408577,0
-1.0689257198359312,-0.7886662167606278,-0.419762441558433,-0.1448838105613269,-0.2172505640230674,-0.0343665376408577,0
-1.0689257198359312,-0.5920503832678843,-0.0306643346086596,-0.1448838105613269,-0.2172505640230674,-0.0343665376408577,0
-1.214822884648035,-0.689941700925665,0.7475318792908872,-0.1448838105613269,-0.2172505640230674,1.5794830267845903,0
1.4842746643758793,-0.2037989690232804,-0.419762441558433,-0.1448838105613269,-0.2172505640230674,-0.0343665376408577,0
-0.1935427309633105,-0.1114843982559565,1.5257280931904338,-0.1448838105613269,-0.2172505640230674,-0.0343665376408577,0
-0.7041828078056727,-0.0104685874337432,1.1366299862406606,-0.1448838105613269,4.685914606447738,0.3690958534655043,0
-1.0689257198359312,-0.5918610200457974,-0.0306643346086596,-0.1448838105613269,-0.2172505640230674,-1.3254461891812162,0
-0.850079972617776,0.4142447152236774,-0.0306643346086596,-0.1448838105613269,-0.2172505640230674,-1.6482161020663058,0
-0.4853370605875174,2.1677102791031984,1.1366299862406606,-0.1448838105613269,-0.2172505640230674,1.1760206356782283,0
1.046583169939569,1.4884075925111546,-0.419762441558433,0.4971576905596713,-0.2172505640230674,0.4497883316867767,0
-0.850079972617776,-0.9851116233534932,-0.0306643346086596,-0.1448838105613269,-0.2172505640230674,-1.6482161020663058,0
1.7031204115940344,0.1172758421860244,1.1366299862406606,1.7440889284794374,-0.2172505640230674,-0.0343665376408577,0
-0.9959771374298796,0.3578523476862228,-0.419762441558433,-0.1448838105613269,-0.2172505640230674,-0.0343665376408577,0
-0.047645566151207,0.0992579316044636,-0.419762441558433,-0.1448838105613269,-0.2172505640230674,1.5794830267845903,0
0.1712001810669481,-1.415666781412292,-0.0306643346086596,-0.1448838105613269,-0.2172505640230674,-0.0343665376408577,0
0.5359430930972068,0.6733030711995492,1.5257280931904338,-0.1448838105613269,-0.2172505640230674,-0.0343665376408577,0
-0.7041828078056727,0.5425667026708099,0.3584337723411137,-0.1448838105613269,-0.2172505640230674,-0.0343665376408577,0
1.046583169939569,-0.5991799085794529,-0.419762441558433,-0.1448838105613269,-0.2172505640230674,-0.0343665376408577,0
-1.0689257198359312,-0.809751811539995,1.1366299862406606,-0.1448838105613269,-0.2172505640230674,-0.0343665376408577,0
-1.141874302241983,1.3766454188355146,1.1366299862406606,-0.1448838105613269,-0.2172505640230674,0.7725582445718663,0
-0.5582856429935692,-0.7300488313636532,-0.0306643346086596,-0.1448838105613269,-0.2172505640230674,-0.0343665376408577,0
0.754788840315362,0.3388308120276019,1.1366299862406606,-0.1448838105613269,-0.2172505640230674,-0.0343665376408577,0
0.0253030162548446,-0.2907450924444432,-0.0306643346086596,-0.1448838105613269,-0.2172505640230674,-0.0343665376408577,0
0.462994510691155,1.1509623307524444,1.9148262001402072,-0.1448838105613269,3.4657035473320894,0.7725582445718663,0
1.1195317523456203,-1.4885432174324045,-0.419762441558433,-0.1448838105613269,-0.2172505640230674,1.5794830267845903,0
0.3170973458790516,0.2133776773950847,0.3584337723411137,-0.1448838105613269,-0.2172505640230674,-0.0343665376408577,0
0.0982515986608963,0.2833000471506424,-1.5870567624077532,-0.1448838105613269,-0.2172505640230674,0.7725582445718663,0
-0.9230285550238276,0.9366126315112704,-0.419762441558433,-0.1448838105613269,-0.2172505640230674,-0.0343665376408577,0
0.0253030162548446,1.5859485882080748,0.7475318792908872,-0.1448838105613269,-0.2172505640230674,1.498790548563318,0
-0.4123884781814657,-1.222364804306068,-0.419762441558433,0.31260596598426,-0.2172505640230674,-0.0343665376408577,0
-0.4123884781814657,1.1043600417968784,1.5257280931904338,-0.1448838105613269,-0.2172505640230674,0.7725582445718663,0
0.6818402579093102,-0.2131345758721606,-0.419762441558433,-0.1448838105613269,-0.2172505640230674,-0.0343665376408577,0
-0.7771313902117244,-0.6977908064811637,-0.0306643346086596,-0.1448838105613269,-0.2172505640230674,-0.0343665376408577,0
1.3383774995637758,-0.5173560603157388,-0.419762441558433,-0.1448838105613269,-0.2172505640230674,-0.4378289287472198,0
1.3383774995637758,1.3686637590245552,-0.0306643346086596,1.1139842758229823,-0.2172505640230674,-0.0343665376408577,0
-1.214822884648035,0.454948339811239,-0.419762441558433,-0.1448838105613269,-0.2172505640230674,-0.0343665376408577,0
0.0253030162548446,-0.4552827961156797,1.5257280931904338,-0.1448838105613269,5.844123071096126,0.3690958534655043,0
1.3383774995637758,0.2954192933641988,-2.3652529763073,-0.1448838105613269,-0.2172505640230674,-0.0343665376408577,0
-1.214822884648035,1.1517197836407915,-0.0306643346086596,-0.1448838105613269,-0.2172505640230674,1.5794830267845903,0
-0.1205941485572587,-0.0525734998647473,1.1366299862406606,-0.1448838105613269,-0.2172505640230674,-0.0343665376408577,0
-0.4853370605875174,-0.7179863941167228,1.1366299862406606,-0.1448838105613269,-0.2172505640230674,-0.0343665376408577,0
-0.1205941485572587,0.4273675865142939,-0.419762441558433,-0.1448838105613269,-0.2172505640230674,-0.276443972304675,0
1.8490175764061376,-0.4108960568585294,-0.0306643346086596,0.31260596598426,-0.2172505640230674,-2.051678493172668,0
-0.9959771374298796,-1.4314123333288111,-0.419762441558433,-0.1448838105613269,-0.2172505640230674,-0.0343665376408577,0
0.3900459282851033,0.1529329369049723,-0.0306643346086596,-0.1448838105613269,-0.2172505640230674,-0.0343665376408577,0
2.286709070842448,1.806793445966827,1.1366299862406606,-0.1448838105613269,-0.2172505640230674,-0.8412913198535819,0
-1.141874302241983,0.5799091300663305,-0.0306643346086596,-0.1448838105613269,-0.2172505640230674,-0.8412913198535819,0
-1.2877714670540863,0.4276610995085285,-0.0306643346086596,-0.1448838105613269,-0.2172505640230674,-0.8412913198535819,0
-0.7041828078056727,0.0747543306664293,0.3584337723411137,-0.1448838105613269,-0.2172505640230674,-0.4378289287472198,0
0.6088916755032585,-0.2791465950916255,-0.419762441558433,1.7440889284794374,-0.2172505640230674,-0.1957514940834025,0
0.0253030162548446,-1.1584547168517667,-0.0306643346086596,-0.1448838105613269,-0.2172505640230674,-0.0343665376408577,0
-1.5795657966782934,-0.1621106556808674,-1.9761548693575264,-0.1448838105613269,-0.2172505640230674,-2.616525840721575,0
0.9736345875335172,-0.2241271109143004,-0.0306643346086596,-0.1448838105613269,-0.2172505640230674,-0.0343665376408577,0
-0.6312342253996209,-1.3364277411300631,-0.419762441558433,-0.1448838105613269,-0.2172505640230674,3.1933325912100385,0
-0.339439895775414,-0.0812241553664829,-0.419762441558433,0.8862453017466392,-0.2172505640230674,-0.0343665376408577,0
0.9006860051274654,-1.399996974784608,-1.1979586554579795,-0.1448838105613269,-0.2172505640230674,-0.0343665376408577,0
-1.43366863186619,-0.6131927870138775,-0.0306643346086596,-0.1448838105613269,4.046047831545629,-1.2447537109599438,0
-1.5066172142722416,-0.8564014413010828,-1.1979586554579795,-0.1448838105613269,-0.2172505640230674,-2.051678493172668,0
-0.850079972617776,2.4929037403928915,-0.0306643346086596,-0.1448838105613269,-0.2172505640230674,-0.0343665376408577,0
-0.1205941485572587,2.094824374921982,-0.419762441558433,-0.1448838105613269,-0.2172505640230674,-0.4378289287472198,0
0.0253030162548446,1.494277852395846,-1.1979586554579795,-0.1448838105613269,4.435424124800013,0.4497883316867767,0
-0.4123884781814657,0.4424124945090916,1.1366299862406606,-0.1448838105613269,4.499906823045962,1.1760206356782283,0
0.9006860051274654,1.1088574183214404,-0.419762441558433,0.4433748115227963,-0.2172505640230674,-0.0343665376408577,0
2.5055548180606038,-1.355420872305371,-0.419762441558433,-0.1448838105613269,-0.2172505640230674,-1.2447537109599438,0
-1.2877714670540863,0.2380327689107885,-0.0306643346086596,-0.1448838105613269,-0.2172505640230674,-1.2447537109599438,0
-0.9230285550238276,2.1326686148560325,-0.419762441558433,-0.1448838105613269,-0.2172505640230674,-0.0343665376408577,0
-0.2664913133693622,-0.8569979354506562,1.1366299862406606,-0.1448838105613269,-0.2172505640230674,0.7725582445718663,0
0.8277374227214137,-0.4575930274251388,1.1366299862406606,-0.1448838105613269,-0.2172505640230674,0.7725582445718663,0
2.3596576532485,-0.841242915373033,-0.419762441558433,-0.1448838105613269,5.955727741137192,-2.051678493172668,0
-0.850079972617776,-0.5526723012349304,-1.5870567624077532,-0.1448838105613269,-0.2172505640230674,0.6111732881293215,0
0.1712001810669481,0.2354858335737208,-0.419762441558433,-0.1448838105613269,3.7261144440945753,-0.0343665376408577,0
-0.2664913133693622,0.0279910829720895,-0.0306643346086596,-0.1448838105613269,-0.2172505640230674,0.7725582445718663,0
-0.047645566151207,-0.3048431843288068,0.3584337723411137,-0.1448838105613269,-0.2172505640230674,0.6111732881293215,0
-0.339439895775414,-0.655278763122673,-0.419762441558433,-0.1448838105613269,-0.2172505640230674,-0.0343665376408577,0
0.9736345875335172,0.3891162156527565,1.1366299862406606,-0.1448838105613269,4.499906823045962,1.5794830267845903,0
-0.9959771374298796,2.2878612435172845,-1.5870567624077532,-0.1448838105613269,-0.2172505640230674,0.7725582445718663,0
-0.4853370605875174,-0.102584326817876,0.7475318792908872,0.146697184516394,-0.2172505640230674,-0.0343665376408577,0
-1.2877714670540863,1.26709879485829,-0.419762441558433,-0.1448838105613269,-0.2172505640230674,-0.3571364505259474,0
-0.850079972617776,-0.7003093373349183,-0.0306643346086596,-0.1448838105613269,-0.2172505640230674,0.7725582445718663,0
-0.9230285550238276,-0.3962298753079054,1.1366299862406606,-0.1448838105613269,-0.2172505640230674,0.3690958534655043,0
-0.2664913133693622,0.1924246368711783,-1.1979586554579795,-0.1448838105613269,-0.2172505640230674,-2.616525840721575,0
0.462994510691155,3.3541182062826373,1.5257280931904338,1.778960620623047,-0.2172505640230674,0.6111732881293215,0
-0.6312342253996209,-0.753539339063523,0.3584337723411137,-0.1448838105613269,-0.2172505640230674,-0.0343665376408577,0
-0.1205941485572587,-0.0768498649362774,-0.419762441558433,-0.1448838105613269,-0.2172505640230674,0.7725582445718663,0
-1.2877714670540863,-0.443684298762862,-0.419762441558433,-0.1448838105613269,-0.2172505640230674,-0.0343665376408577,0
0.3900459282851033,-0.8305438933251277,1.9148262001402072,-0.1448838105613269,-0.2172505640230674,-0.0343665376408577,0
0.8277374227214137,-1.1392532861321634,0.3584337723411137,0.2712964229833686,-0.2172505640230674,1.1760206356782283,0
-1.360720049460138,-0.3079487411710306,-0.0306643346086596,-0.1448838105613269,5.382823768259723,-2.45514088427903,0
0.462994510691155,-0.7762723938750455,-0.419762441558433,-0.1448838105613269,-0.2172505640230674,-0.0343665376408577,0
2.432606235654552,-1.522524447635884,-2.3652529763073,-0.1448838105613269,-0.2172505640230674,-2.1323709713939403,0
0.2441487634729998,-0.4616169958944837,-0.419762441558433,-0.1448838105613269,-0.2172505640230674,1.5794830267845903,0
1.046583169939569,-0.651699798225232,-0.0306643346086596,-0.1448838105613269,-0.2172505640230674,-0.0343665376408577,0
2.651451982872707,0.5601680141637796,-0.419762441558433,0.2109415711963518,-0.2172505640230674,-2.1323709713939403,0
1.046583169939569,-1.159581428023183,-2.3652529763073,-0.1448838105613269,-0.2172505640230674,3.1933325912100385,0
-0.850079972617776,2.290985736681717,1.9148262001402072,-0.1448838105613269,-0.2172505640230674,2.386407808997314,0
1.4113260819698277,0.8896789569170523,1.1366299862406606,-0.1448838105613269,-0.2172505640230674,-0.0343665376408577,0
0.6818402579093102,0.4940897178165843,1.5257280931904338,-0.1448838105613269,-0.2172505640230674,1.1760206356782283,0
0.1712001810669481,0.201220558537111,-0.0306643346086596,-0.1448838105613269,-0.2172505640230674,1.1760206356782283,0
0.3170973458790516,0.0818649196557893,-0.0306643346086596,-0.1448838105613269,-0.2172505640230674,-0.0343665376408577,0
0.6088916755032585,-0.040567871584443,-0.419762441558433,0.5274692383460396,-0.2172505640230674,-1.3254461891812162,0
-0.1935427309633105,0.1121914396729933,1.1366299862406606,-0.1448838105613269,-0.2172505640230674,-0.0343665376408577,0
0.462994510691155,-0.9620471829033188,-1.1979586554579795,-0.1448838105613269,-0.2172505640230674,-0.0343665376408577,0
0.754788840315362,-0.0696540624969783,-0.419762441558433,-0.1448838105613269,-0.2172505640230674,-0.0343665376408577,0
-0.850079972617776,0.1328130945582478,1.5257280931904338,-0.1448838105613269,-0.2172505640230674,0.7725582445718663,0
0.462994510691155,-0.4832896166623201,-0.0306643346086596,-0.1448838105613269,4.435424124800013,0.7725582445718663,0
0.2441487634729998,-1.475846413391483,-0.419762441558433,-0.1448838105613269,-0.2172505640230674,0.3690958534655043,0
-0.2664913133693622,-0.6994856073188407,1.1366299862406606,-0.1448838105613269,-0.2172505640230674,1.1760206356782283,0
-1.43366863186619,-1.4263184626546757,-0.419762441558433,-0.1448838105613269,-0.2172505640230674,-0.0343665376408577,0
-1.214822884648035,-0.4956550350645893,-0.419762441558433,-0.1448838105613269,-0.2172505640230674,-0.0343665376408577,0
1.6301718291879828,-0.1294360317097869,-0.419762441558433,-0.1448838105613269,-0.2172505640230674,-0.0343665376408577,0
-0.047645566151207,-0.8645345916897116,2.3039243070899804,-0.1448838105613269,-0.2172505640230674,0.7725582445718663,0
0.8277374227214137,0.0383492512202385,-0.419762441558433,-0.1448838105613269,-0.2172505640230674,2.386407808997314,0
0.0982515986608963,0.2925030997440618,-0.8088605485082063,-0.1448838105613269,-0.2172505640230674,-0.0343665376408577,0
2.870297730090862,-0.2270054318900201,1.5257280931904338,-0.1448838105613269,-0.2172505640230674,-2.051678493172668,0
0.6088916755032585,3.9490027684683775,1.5257280931904338,-0.1448838105613269,-0.2172505640230674,-0.0343665376408577,0
1.3383774995637758,0.3431577616522857,-0.0306643346086596,-0.1448838105613269,-0.2172505640230674,0.3690958534655043,0
-0.7041828078056727,2.602478768853429,1.1366299862406606,-0.1448838105613269,-0.2172505640230674,-0.0343665376408577,0
-0.850079972617776,-1.2241921593992058,-0.419762441558433,-0.1448838105613269,3.7360348592093366,-1.1640612327386717,0
-1.141874302241983,-0.0745491017879226,-0.419762441558433,-0.1448838105613269,-0.2172505640230674,0.7725582445718663,0
0.9006860051274654,-0.2437924815280165,1.1366299862406606,-0.1448838105613269,-0.2172505640230674,1.256713113899501,0
0.0982515986608963,-0.0903893353154849,-0.419762441558433,-0.1448838105613269,-0.2172505640230674,-0.0343665376408577,0
0.9006860051274654,-0.258884730328336,-1.1979586554579795,-0.1448838105613269,-0.2172505640230674,-0.0343665376408577,0
-0.6312342253996209,0.2230352017215125,1.1366299862406606,3.5874602239477893,-0.2172505640230674,-0.0343665376408577,0
0.3170973458790516,-0.2089685849862506,-1.1979586554579795,-0.1448838105613269,-0.2172505640230674,-1.2447537109599438,0
0.6818402579093102,-0.1330055284461234,0.3584337723411137,-0.1448838105613269,-0.2172505640230674,-0.0343665376408577,0
-0.047645566151207,0.1483598150915756,-1.9761548693575264,-0.1448838105613269,-0.2172505640230674,-0.0343665376408577,0
-0.1935427309633105,-0.9512440110832656,0.3584337723411137,-0.1448838105613269,-0.2172505640230674,0.7725582445718663,0
0.9006860051274654,0.6598677505924895,-0.0306643346086596,-0.1448838105613269,-0.2172505640230674,1.5794830267845903,0
0.0253030162548446,-0.487398798581604,1.1366299862406606,-0.1448838105613269,-0.2172505640230674,-0.0343665376408577,0
-0.7771313902117244,0.1685648708882391,-0.0306643346086596,-0.1448838105613269,-0.2172505640230674,-0.0343665376408577,0
-0.2664913133693622,-1.194509474337097,0.3584337723411137,-0.1448838105613269,-0.2172505640230674,0.7725582445718663,0
0.5359430930972068,1.3372010596748305,-0.0306643346086596,-0.1448838105613269,-0.2172505640230674,-0.0343665376408577,0
0.1712001810669481,0.0978945164054385,-1.5870567624077532,-0.1448838105613269,-0.2172505640230674,-0.0343665376408577,0
-0.7041828078056727,0.3058910795455999,-0.0306643346086596,-0.1448838105613269,-0.2172505640230674,-0.0343665376408577,0
-0.2664913133693622,0.6801390835168835,-0.419762441558433,-0.1448838105613269,-0.2172505640230674,-0.0343665376408577,0
-0.6312342253996209,0.1576954219404558,-1.1979586554579795,-0.1448838105613269,-0.2172505640230674,0.3690958534655043,0
0.5359430930972068,0.0077386863699043,-0.419762441558433,-0.1448838105613269,-0.2172505640230674,-1.0026762762961263,0
-1.360720049460138,-0.3897157804681188,-0.419762441558433,-0.1448838105613269,-0.2172505640230674,-0.0343665376408577,0
0.754788840315362,-1.2314068981607136,-0.0306643346086596,-0.1448838105613269,-0.2172505640230674,0.2884033752442319,0
-1.360720049460138,0.2047332463068215,-0.0306643346086596,-0.1448838105613269,-0.2172505640230674,-2.1323709713939403,0
1.9219661588121892,-0.087558355145287,0.7475318792908872,0.7568176751367033,-0.2172505640230674,-0.1957514940834025,0
0.462994510691155,0.4376405413125038,-0.0306643346086596,-0.1448838105613269,-0.2172505640230674,-0.6799063634110369,0
-0.1935427309633105,0.8947065504634574,-0.419762441558433,-0.1448838105613269,-0.2172505640230674,1.5794830267845903,0
-0.6312342253996209,-1.2815313430470945,-1.1979586554579795,-0.1448838105613269,-0.2172505640230674,-0.0343665376408577,0
-0.850079972617776,-0.6081178526619508,-0.0306643346086596,-0.1448838105613269,-0.2172505640230674,0.7725582445718663,0
-0.7041828078056727,0.0064415482986096,-0.8088605485082063,-0.1448838105613269,-0.2172505640230674,-0.4378289287472198,0
-0.7041828078056727,-0.2006366032144306,1.1366299862406606,-0.1448838105613269,-0.2172505640230674,-0.0343665376408577,0
1.1924803347516724,-0.7812431784548245,-0.419762441558433,-0.1448838105613269,-0.2172505640230674,-0.0343665376408577,0
-0.339439895775414,-0.3022489081862173,1.1366299862406606,-0.1448838105613269,-0.2172505640230674,-0.0343665376408577,0
0.8277374227214137,-1.1178173693919355,-1.5870567624077532,-0.1448838105613269,-0.2172505640230674,1.5794830267845903,0
0.462994510691155,0.5417808452991496,0.3584337723411137,-0.1448838105613269,4.499906823045962,-0.0343665376408577,0
-0.4123884781814657,-1.3012061818219147,-0.0306643346086596,-0.1448838105613269,-0.2172505640230674,-0.0343665376408577,0
-0.850079972617776,-0.7938074282402849,-0.0306643346086596,-0.1448838105613269,-0.2172505640230674,-0.0343665376408577,0
1.8490175764061376,-1.3464450555784555,-0.0306643346086596,-0.1448838105613269,-0.2172505640230674,-0.4378289287472198,0
-0.5582856429935692,-1.3556291718496665,0.3584337723411137,-0.1448838105613269,-0.2172505640230674,-0.0343665376408577,0
-0.6312342253996209,-1.5163038657903318,-0.0306643346086596,-0.1448838105613269,-0.2172505640230674,-0.0343665376408577,0
-0.2664913133693622,0.3396640102047839,1.1366299862406606,-0.1448838105613269,-0.2172505640230674,0.6111732881293215,0
-1.2877714670540863,0.4062535872516136,0.3584337723411137,-0.1448838105613269,-0.2172505640230674,-0.8412913198535819,0
1.3383774995637758,-0.4635485007597693,1.1366299862406606,-0.1448838105613269,-0.2172505640230674,-0.0343665376408577,0
0.6818402579093102,0.4302175030067005,-0.419762441558433,-0.1448838105613269,-0.2172505640230674,-0.0343665376408577,0
-0.5582856429935692,-1.0149552671543758,-1.9761548693575264,-0.1448838105613269,-0.2172505640230674,-1.2447537109599438,0
0.5359430930972068,-0.6943159913558705,1.5257280931904338,-0.1448838105613269,-0.2172505640230674,-0.0343665376408577,0
-1.43366863186619,-1.363667640627252,-0.0306643346086596,-0.1448838105613269,-0.2172505640230674,-1.2447537109599438,0
-0.7771313902117244,-1.443465302414637,1.1366299862406606,-0.1448838105613269,-0.2172505640230674,0.3690958534655043,0
-1.360720049460138,0.0669904385608698,-0.0306643346086596,-0.1448838105613269,-0.2172505640230674,-1.970986014951396,0
-0.1935427309633105,0.0811169349285464,1.1366299862406606,1.8701635077678724,-0.2172505640230674,0.7725582445718663,0
-0.7041828078056727,1.5761017006595603,-0.0306643346086596,-0.1448838105613269,-0.2172505640230674,-0.0343665376408577,0
-0.1205941485572587,-0.0344135668666214,-0.0306643346086596,-0.1448838105613269,-0.2172505640230674,0.3690958534655043,0
-1.43366863186619,-0.3584992533071068,-0.0306643346086596,-0.1448838105613269,-0.2172505640230674,-0.0343665376408577,0
0.1712001810669481,-0.3764603549220415,-0.419762441558433,-0.1448838105613269,4.365981218996684,-0.0343665376408577,0
0.3170973458790516,-0.7116427261768145,-0.419762441558433,-0.1448838105613269,-0.2172505640230674,-0.0343665376408577,0
0.0253030162548446,-0.5687776432734143,1.1366299862406606,0.319714426305842,-0.2172505640230674,-0.0343665376408577,0
0.3900459282851033,-0.3070871385105356,-0.0306643346086596,-0.1448838105613269,-0.2172505640230674,-0.0343665376408577,0
-0.4853370605875174,-0.4449530323508437,-0.419762441558433,-0.1448838105613269,-0.2172505640230674,-0.0343665376408577,0
0.9736345875335172,1.092468031449826,-0.419762441558433,-0.1448838105613269,4.869442286070822,-0.0343665376408577,0
2.651451982872707,-0.1572250845510275,1.1366299862406606,-0.1448838105613269,-0.2172505640230674,-2.7779107971641195,0
0.5359430930972068,-0.3194241524294918,1.1366299862406606,-0.1448838105613269,3.7558756894388594,-2.616525840721575,0
-0.7041828078056727,-1.0548351617258598,-0.419762441558433,-0.1448838105613269,-0.2172505640230674,-0.0343665376408577,0
-0.7041828078056727,-0.719908430820904,-0.419762441558433,-0.1448838105613269,-0.2172505640230674,-0.0343665376408577,0
2.286709070842448,-0.2957158770242221,1.9148262001402072,-0.1448838105613269,-0.2172505640230674,-0.4378289287472198,0
-0.7041828078056727,-0.2050298299668448,-0.419762441558433,-0.1448838105613269,-0.2172505640230674,-0.0343665376408577,0
-0.7041828078056727,-0.1591092486107913,-0.419762441558433,-0.1448838105613269,-0.2172505640230674,0.7725582445718663,0
2.067863323624293,-0.6511222403978673,-2.3652529763073,-0.1448838105613269,-0.2172505640230674,-2.293755927836485,0
-1.214822884648035,0.0908596727049132,-0.0306643346086596,-0.1448838105613269,-0.2172505640230674,-1.890293536730123,0
-0.4123884781814657,-0.0861191946574272,0.3584337723411137,-0.1448838105613269,-0.2172505640230674,-0.0343665376408577,0
-0.1935427309633105,-0.3988146832893904,-0.419762441558433,-0.1448838105613269,-0.2172505640230674,3.5967949823164007,0
-1.2877714670540863,0.1530844274826417,-0.419762441558433,-0.1448838105613269,-0.2172505640230674,-0.276443972304675,0
0.6088916755032585,0.7253116801456939,-0.419762441558433,-0.1448838105613269,-0.2172505640230674,-0.0343665376408577,0
0.6088916755032585,-0.904868957994204,1.1366299862406606,-0.1448838105613269,-0.2172505640230674,1.9829454178909525,0
-1.214822884648035,0.0923083013538774,-0.419762441558433,-0.1448838105613269,-0.2172505640230674,-0.0343665376408577,0
0.9736345875335172,0.5422069125488449,-1.1979586554579795,-0.1448838105613269,-0.2172505640230674,-0.0343665376408577,0
-0.4123884781814657,0.584671615101814,0.7475318792908872,-0.1448838105613269,-0.2172505640230674,0.7725582445718663,0
1.1924803347516724,-0.8949368569957503,-0.0306643346086596,-0.1448838105613269,-0.2172505640230674,4.726489677414214,0
-0.7771313902117244,-0.2581556819233017,1.1366299862406606,-0.1448838105613269,-0.2172505640230674,1.5794830267845903,0
-1.5795657966782934,0.2501141424799275,-1.1979586554579795,-0.1448838105613269,-0.2172505640230674,-0.8412913198535819,0
0.754788840315362,0.0939273569027197,-0.419762441558433,-0.1448838105613269,-0.2172505640230674,0.7725582445718663,0
-0.047645566151207,1.2368764246132338,-2.3652529763073,-0.1448838105613269,-0.2172505640230674,-0.0343665376408577,0
1.3383774995637758,-0.539360066722227,1.5257280931904338,1.2660785023262646,-0.2172505640230674,-0.6799063634110369,0
0.3170973458790516,-0.1031050756786148,-0.0306643346086596,-0.1448838105613269,-0.2172505640230674,0.6918657663505939,0
-0.7771313902117244,-0.8866900886738693,1.1366299862406606,-0.1448838105613269,-0.2172505640230674,-0.0343665376408577,0
0.9736345875335172,1.0562617833868264,0.3584337723411137,-0.1448838105613269,-0.2172505640230674,-0.0343665376408577,0
-0.1205941485572587,-1.4725230888438594,-0.419762441558433,-0.1448838105613269,-0.2172505640230674,2.225022852554769,0
1.4842746643758793,-0.8336115775229341,-0.419762441558433,-0.1448838105613269,-0.2172505640230674,0.3690958534655043,0
-0.047645566151207,-0.3699083874378376,-1.5870567624077532,-0.1448838105613269,9.132740681639518,-0.0343665376408577,0
0.2441487634729998,-0.6496546754266944,-0.0306643346086596,-0.1448838105613269,-0.2172505640230674,0.3690958534655043,0
-0.4123884781814657,-0.6050880411085617,-0.419762441558433,-0.1448838105613269,-0.2172505640230674,-0.0343665376408577,0
1.6301718291879828,-0.6218561544243495,-0.0306643346086596,-0.1448838105613269,-0.2172505640230674,-1.6482161020663058,0
1.3383774995637758,0.7051729014767608,-0.419762441558433,-0.1448838105613269,-0.2172505640230674,0.3690958534655043,0
-0.1205941485572587,0.2373510613112759,-0.419762441558433,-0.1448838105613269,-0.2172505640230674,-0.0343665376408577,0
-0.4123884781814657,1.211833138492252,-0.0306643346086596,-0.1448838105613269,-0.2172505640230674,-0.0343665376408577,0
0.3170973458790516,1.07502767869563,-0.419762441558433,-0.1448838105613269,-0.2172505640230674,-0.0343665376408577,0
-0.6312342253996209,-1.4583397835095566,-1.1979586554579795,-0.1448838105613269,-0.2172505640230674,0.7725582445718663,0
-0.9959771374298796,-0.4123636218297022,-0.0306643346086596,-0.1448838105613269,-0.2172505640230674,0.127018418801687,0
-1.360720049460138,-0.4819451377855037,-0.419762441558433,-0.1448838105613269,-0.2172505640230674,-0.0343665376408577,0
-0.1205941485572587,0.7146031899366844,1.1366299862406606,-0.1448838105613269,-0.2172505640230674,0.7725582445718663,0
0.3170973458790516,-0.8048851767323638,1.5257280931904338,0.5168736088100968,-0.2172505640230674,-0.0343665376408577,0
-0.850079972617776,-0.2734751665901253,-0.419762441558433,-0.1448838105613269,-0.2172505640230674,-0.8412913198535819,0
-0.1935427309633105,1.5254470387513364,-0.419762441558433,-0.1448838105613269,-0.2172505640230674,-0.1957514940834025,0
-1.43366863186619,-0.2296375806770268,-0.0306643346086596,-0.1448838105613269,-0.2172505640230674,-0.0343665376408577,0
-0.4123884781814657,1.5021837669179707,-0.419762441558433,-0.1448838105613269,-0.2172505640230674,0.7725582445718663,0
-1.214822884648035,-0.5533161361900255,-0.0306643346086596,-0.1448838105613269,-0.2172505640230674,-0.0343665376408577,0
-0.6312342253996209,0.2885738128857603,-0.419762441558433,-0.1448838105613269,4.365981218996684,0.7725582445718663,0
-0.5582856429935692,0.5207047186808866,-0.0306643346086596,-0.1448838105613269,-0.2172505640230674,0.3690958534655043,0
-1.360720049460138,0.3690626504337625,-0.0306643346086596,-0.1448838105613269,-0.2172505640230674,-0.8412913198535819,0
-0.7041828078056727,-0.8436762327768486,-0.419762441558433,-0.1448838105613269,-0.2172505640230674,-0.0343665376408577,0
-0.6312342253996209,0.43036899358437,-0.419762441558433,13.267171353549536,-0.2172505640230674,-0.0343665376408577,1
-0.9959771374298796,-0.1722983970291382,0.3584337723411137,-0.1448838105613269,-0.2172505640230674,0.127018418801687,0
-0.4853370605875174,-0.6927064039681325,-0.0306643346086596,-0.1448838105613269,-0.2172505640230674,0.7725582445718663,0
-0.9959771374298796,2.2931066047690893,-0.419762441558433,-0.1448838105613269,-0.2172505640230674,-0.0343665376408577,0
-0.1205941485572587,-0.5860570372888364,1.1366299862406606,-0.1448838105613269,-0.2172505640230674,-0.0343665376408577,0
-0.9230285550238276,-0.7855227872739866,-0.419762441558433,-0.1448838105613269,-0.2172505640230674,-1.0026762762961263,0
-0.6312342253996209,-0.2660331919621133,-0.419762441558433,-0.1448838105613269,-0.2172505640230674,0.3690958534655043,0
-0.7041828078056727,-0.2315122765756863,1.1366299862406606,-0.1448838105613269,-0.2172505640230674,1.1760206356782283,0
0.6818402579093102,-0.3890814136741279,-0.419762441558433,-0.1448838105613269,-0.2172505640230674,-0.0343665376408577,0
-1.5795657966782934,0.3913128290289637,-1.1979586554579795,-0.1448838105613269,-0.2172505640230674,-1.970986014951396,0
0.3900459282851033,0.2443669686895926,-0.419762441558433,-0.1448838105613269,-0.2172505640230674,-1.6482161020663058,0
0.2441487634729998,0.6525393938977296,-0.419762441558433,-0.1448838105613269,-0.2172505640230674,1.5794830267845903,0
0.2441487634729998,0.07266186706237,-0.419762441558433,-0.1448838105613269,-0.2172505640230674,0.3690958534655043,0
1.7760689940000862,-1.4315638239064803,-0.0306643346086596,1.7440889284794374,-0.2172505640230674,1.5794830267845903,0
0.3900459282851033,-0.4799852284369051,-0.419762441558433,-0.1448838105613269,-0.2172505640230674,0.7725582445718663,0
-0.047645566151207,0.4423651537035699,1.1366299862406606,0.8862453017466392,-0.2172505640230674,-0.0343665376408577,0
-0.047645566151207,-0.702884677155299,0.7475318792908872,0.8862453017466392,-0.2172505640230674,-0.5992138851897646,0
0.6088916755032585,-1.261042242417301,-0.0306643346086596,0.8862453017466392,-0.2172505640230674,0.7725582445718663,0
1.7031204115940344,-0.0875962277897043,-0.8088605485082063,-0.1448838105613269,-0.2172505640230674,-0.0343665376408577,0
-1.43366863186619,-0.8852130555415921,-0.0306643346086596,-0.1448838105613269,-0.2172505640230674,-1.6482161020663058,0
1.3383774995637758,-1.4161212531453005,-1.5870567624077532,-0.1448838105613269,-0.2172505640230674,-0.4378289287472198,0
0.0982515986608963,-0.2325537742971638,1.1366299862406606,-0.1448838105613269,-0.2172505640230674,-0.0343665376408577,0
-1.2877714670540863,-0.0083003785408491,-0.419762441558433,-0.1448838105613269,-0.2172505640230674,-0.4378289287472198,0
-0.4123884781814657,-0.8420571772280062,-0.419762441558433,-0.1448838105613269,-0.2172505640230674,1.1760206356782283,0
-0.1205941485572587,-1.425721968505102,-0.0306643346086596,0.2712964229833686,-0.2172505640230674,0.7725582445718663,0
0.0253030162548446,-0.7030266995718641,-0.0306643346086596,0.146697184516394,-0.2172505640230674,0.3690958534655043,0
1.4113260819698277,-0.5582017073198655,1.5257280931904338,-0.1448838105613269,-0.2172505640230674,0.7725582445718663,0
-0.2664913133693622,-0.5183596853927989,-0.419762441558433,-0.1448838105613269,-0.2172505640230674,0.7725582445718663,0
-0.2664913133693622,-0.0236956084965075,-0.419762441558433,-0.1448838105613269,-0.2172505640230674,-0.0343665376408577,0
0.6088916755032585,-1.2074429824056268,1.5257280931904338,1.8701635077678724,-0.2172505640230674,-0.0343665376408577,0
0.1712001810669481,1.452504325603494,1.1366299862406606,-0.1448838105613269,4.098130010898126,-1.6482161020663058,0
-0.2664913133693622,-1.1681122411781946,1.1366299862406606,-0.1448838105613269,-0.2172505640230674,-0.0343665376408577,0
-1.360720049460138,0.2111242550522516,-0.0306643346086596,-0.1448838105613269,-0.2172505640230674,0.3690958534655043,0
-0.2664913133693622,-0.2247709458693956,-0.0306643346086596,-0.1448838105613269,-0.2172505640230674,-0.0343665376408577,0
-1.43366863186619,0.9160383174315374,-0.0306643346086596,-0.1448838105613269,-0.2172505640230674,-1.6482161020663058,0
0.6088916755032585,0.9260840363632432,1.5257280931904338,-0.1448838105613269,-0.2172505640230674,-0.0343665376408577,0
-0.339439895775414,0.702900542811719,-0.0306643346086596,-0.1448838105613269,-0.2172505640230674,0.7725582445718663,0
1.8490175764061376,0.2896153106072378,-0.419762441558433,-0.1448838105613269,-0.2172505640230674,-1.3254461891812162,0
0.9006860051274654,0.3899778183132516,-0.0306643346086596,-0.1448838105613269,4.685914606447738,1.5794830267845903,0
-0.7041828078056727,0.5188868317488532,0.3584337723411137,-0.1448838105613269,4.869442286070822,-0.0343665376408577,0
-0.1205941485572587,-0.6731167786432513,-0.419762441558433,-0.1448838105613269,-0.2172505640230674,-1.2447537109599438,0
-0.1205941485572587,-0.6577404850098015,-0.0306643346086596,-0.1448838105613269,-0.2172505640230674,-0.0343665376408577,0
1.4842746643758793,-0.7797188045170256,-0.419762441558433,-0.1448838105613269,-0.2172505640230674,0.7725582445718663,0
-1.43366863186619,0.559372688631015,-0.0306643346086596,-0.1448838105613269,-0.2172505640230674,-1.6482161020663058,0
-0.1935427309633105,-0.1113707803227044,2.3039243070899804,-0.1448838105613269,-0.2172505640230674,-0.0343665376408577,0
-1.360720049460138,0.5708007590839544,-0.0306643346086596,-0.1448838105613269,-0.2172505640230674,-2.45514088427903,0
-0.1935427309633105,0.6479283994399156,-0.419762441558433,-0.1448838105613269,-0.2172505640230674,-0.0343665376408577,0
-0.1205941485572587,0.7135995648596243,1.9148262001402072,-0.1448838105613269,-0.2172505640230674,1.5794830267845903,0
-1.5066172142722416,-1.0436437953005289,-1.1979586554579795,-0.1448838105613269,-0.2172505640230674,-2.616525840721575,0
-0.2664913133693622,-0.0641151882509389,-0.419762441558433,1.0104421745350338,-0.2172505640230674,-0.0343665376408577,0
0.3170973458790516,-1.5660874568769565,-0.0306643346086596,-0.1448838105613269,-0.2172505640230674,-0.0343665376408577,0
-0.1935427309633105,0.2388470307657618,-1.9761548693575264,-0.1448838105613269,-0.2172505640230674,-0.0343665376408577,0
1.4113260819698277,-0.7182893752720617,1.1366299862406606,0.8862453017466392,-0.2172505640230674,-0.8412913198535819,0
0.9736345875335172,-0.3531308059609455,-0.0306643346086596,-0.1448838105613269,-0.2172505640230674,-0.0343665376408577,0
-0.1205941485572587,0.2828739799009471,0.3584337723411137,0.4433748115227963,-0.2172505640230674,0.2884033752442319,0
0.3170973458790516,0.9834137518500274,1.1366299862406606,-0.1448838105613269,-0.2172505640230674,-0.0343665376408577,0
0.6088916755032585,0.8555462361359033,-0.419762441558433,-0.1448838105613269,-0.2172505640230674,0.9339432010144112,0
0.1712001810669481,-0.7772002736632709,-0.0306643346086596,-0.1448838105613269,-0.2172505640230674,-0.4378289287472198,0
0.9006860051274654,0.6406852561950949,-0.419762441558433,-0.1448838105613269,-0.2172505640230674,0.7725582445718663,0
-1.214822884648035,0.049029336945935,-0.419762441558433,-0.1448838105613269,-0.2172505640230674,-0.0343665376408577,0
0.3900459282851033,-0.0997344103254694,-0.419762441558433,-0.1448838105613269,-0.2172505640230674,-0.0343665376408577,0
0.0982515986608963,0.5423299986432013,-0.419762441558433,-0.1448838105613269,-0.2172505640230674,-0.0343665376408577,0
0.1712001810669481,-0.7855890644017169,-0.419762441558433,1.6724678376921776,-0.2172505640230674,1.5794830267845903,0
0.1712001810669481,1.5446579376320442,-0.0306643346086596,-0.1448838105613269,4.499906823045962,-0.0343665376408577,0
1.8490175764061376,-1.0491069242577336,-0.419762441558433,-0.1448838105613269,-0.2172505640230674,-0.0343665376408577,0
1.1924803347516724,0.0733814473062999,-0.419762441558433,-0.1448838105613269,-0.2172505640230674,-0.0343665376408577,0
2.2137604884363964,-0.0540789374803375,-0.419762441558433,-0.1448838105613269,-0.2172505640230674,-2.616525840721575,0
-0.6312342253996209,-0.1068639356370381,-0.0306643346086596,-0.1448838105613269,-0.2172505640230674,-0.0343665376408577,0
-0.4853370605875174,-0.8477286057295065,-0.0306643346086596,-0.1448838105613269,-0.2172505640230674,-2.051678493172668,0
-0.339439895775414,1.9388648252112783,1.1366299862406606,0.1854584115529447,-0.2172505640230674,0.7725582445718663,0
1.4113260819698277,0.1008012418644712,-0.419762441558433,-0.1448838105613269,-0.2172505640230674,1.5794830267845903,0
1.265428917157724,2.527263697040545,-0.419762441558433,-0.1448838105613269,-0.2172505640230674,-0.276443972304675,0
-0.339439895775414,-0.196593698422877,0.7475318792908872,-0.1448838105613269,-0.2172505640230674,-0.4378289287472198,0
0.0982515986608963,-0.4030658876252395,1.1366299862406606,-0.1448838105613269,-0.2172505640230674,-2.858603275385392,0
-1.2877714670540863,0.2371427617669805,-0.0306643346086596,-0.1448838105613269,-0.2172505640230674,-2.45514088427903,0
0.2441487634729998,-0.7551583946123652,0.7475318792908872,-0.1448838105613269,-0.2172505640230674,-0.0343665376408577,0
-0.9959771374298796,1.1927358575447964,-0.419762441558433,-0.1448838105613269,-0.2172505640230674,-0.8412913198535819,0
1.4113260819698277,0.7384534877585192,-2.3652529763073,-0.1448838105613269,-0.2172505640230674,-0.0343665376408577,0
0.6818402579093102,-0.3447893560280211,-0.419762441558433,-0.1448838105613269,-0.2172505640230674,0.6111732881293215,0
-0.4853370605875174,-1.353224258929164,-0.0306643346086596,-0.1448838105613269,-0.2172505640230674,1.9829454178909525,0
0.0982515986608963,-1.317453546276964,-0.8088605485082063,-0.1448838105613269,-0.2172505640230674,-0.0343665376408577,0
0.462994510691155,-0.0892910286273814,1.9148262001402072,0.8862453017466392,-0.2172505640230674,-0.0343665376408577,0
1.265428917157724,-0.4175048333093594,-0.419762441558433,-0.1448838105613269,4.499906823045962,1.5794830267845903,0
-0.6312342253996209,0.9973792894789304,-0.0306643346086596,-0.1448838105613269,-0.2172505640230674,-0.0343665376408577,0
-0.7771313902117244,-0.0758462398592173,-1.1979586554579795,-0.1448838105613269,-0.2172505640230674,0.7725582445718663,0
1.265428917157724,-0.0682622428146402,-0.419762441558433,-0.1448838105613269,-0.2172505640230674,-0.0343665376408577,0
-1.214822884648035,-0.2505716848787246,-0.419762441558433,-0.1448838105613269,-0.2172505640230674,1.0146356792356834,0
-1.141874302241983,-0.097111729699567,-0.419762441558433,-0.1448838105613269,-0.2172505640230674,-0.0343665376408577,0
0.2441487634729998,-0.0795766953343276,0.3584337723411137,-0.1448838105613269,-0.2172505640230674,0.6111732881293215,0
3.3079892245271725,-0.5916243160181889,-2.754351083257073,-0.1448838105613269,-0.2172505640230674,-1.6482161020663058,0
2.1408119060303448,0.6078212690019275,1.1366299862406606,-0.1448838105613269,-0.2172505640230674,-0.8412913198535819,0
0.0253030162548446,0.3852248014388724,1.1366299862406606,-0.1448838105613269,-0.2172505640230674,-0.0343665376408577,0
-1.5066172142722416,-0.1554166657800983,-0.419762441558433,-0.0033852135939876,-0.2172505640230674,-1.2447537109599438,0
2.1408119060303448,0.2046764373401954,1.5257280931904338,-0.1448838105613269,5.715157674604229,-0.0343665376408577,0
1.046583169939569,2.102219008744472,-0.419762441558433,0.8339377635312247,-0.2172505640230674,-0.0343665376408577,0
-0.1935427309633105,0.1718881954358628,1.1366299862406606,0.8339377635312247,-0.2172505640230674,-0.0343665376408577,0
-1.43366863186619,-0.0464949404357604,-0.419762441558433,-0.1448838105613269,-0.2172505640230674,-1.1640612327386717,0
1.6301718291879828,0.3008729541602992,-0.419762441558433,-0.1448838105613269,-0.2172505640230674,-0.0343665376408577,0
-0.1935427309633105,-0.9131535989605022,-0.419762441558433,-0.1448838105613269,-0.2172505640230674,-0.0343665376408577,0
1.7031204115940344,-1.420599693347654,-0.419762441558433,-0.1448838105613269,-0.2172505640230674,-0.0343665376408577,0
0.9736345875335172,1.7536297213659526,0.3584337723411137,-0.1448838105613269,-0.2172505640230674,0.7725582445718663,0
0.9006860051274654,-0.1153474079865276,-0.419762441558433,-0.1448838105613269,-0.2172505640230674,-0.0343665376408577,0
1.8490175764061376,-0.0633482672014873,-0.419762441558433,-0.1448838105613269,-0.2172505640230674,-0.0343665376408577,0
1.4842746643758793,1.5854278393473362,1.1366299862406606,-0.1448838105613269,-0.2172505640230674,-0.0343665376408577,0
0.3170973458790516,0.5094470751278253,-0.419762441558433,-0.1448838105613269,-0.2172505640230674,-0.0343665376408577,0
1.8490175764061376,0.947491548620158,-0.0306643346086596,-0.1448838105613269,-0.2172505640230674,-1.6482161020663058,0
-0.339439895775414,0.2982218690510837,0.7475318792908872,-0.1448838105613269,-0.2172505640230674,-0.0343665376408577,0
-0.7041828078056727,-1.17687029019971,-0.0306643346086596,-0.1448838105613269,-0.2172505640230674,-0.0343665376408577,0
0.0253030162548446,-0.3102968451249072,-0.419762441558433,-0.1448838105613269,5.382823768259723,0.127018418801687,0
0.9736345875335172,0.3995122565453229,-0.419762441558433,-0.1448838105613269,-0.2172505640230674,0.4497883316867767,0
0.0253030162548446,-0.9836156538990072,1.1366299862406606,-0.1448838105613269,-0.2172505640230674,-1.0026762762961263,0
-0.9230285550238276,-1.0795186577248763,-0.419762441558433,-0.1448838105613269,-0.2172505640230674,1.1760206356782283,0
0.1712001810669481,0.0807287403232684,-0.419762441558433,-0.1448838105613269,-0.2172505640230674,-0.0343665376408577,0
0.0982515986608963,-1.0827473006614567,1.1366299862406606,0.8862453017466392,-0.2172505640230674,2.063637896112225,0
-1.360720049460138,0.6592807246040204,-0.0306643346086596,-0.1448838105613269,-0.2172505640230674,-0.4378289287472198,0
1.3383774995637758,1.3786242645063218,0.7475318792908872,-0.1448838105613269,-0.2172505640230674,-0.4378289287472198,0
0.1712001810669481,-0.2494639100295167,1.1366299862406606,-0.1448838105613269,-0.2172505640230674,-0.8412913198535819,0
1.557223246781931,-0.1363099166715384,-0.419762441558433,-0.1448838105613269,-0.2172505640230674,-0.0343665376408577,0
-1.5795657966782934,-0.3500725899242434,-0.8088605485082063,-0.1448838105613269,-0.2172505640230674,-0.8412913198535819,0
0.8277374227214137,-0.413329374262345,-0.419762441558433,-0.1448838105613269,-0.2172505640230674,-0.0343665376408577,0
0.754788840315362,1.458781716415672,-1.5870567624077532,-0.1448838105613269,-0.2172505640230674,-0.6799063634110369,0
0.2441487634729998,-0.011405935383073,-0.419762441558433,-0.1448838105613269,-0.2172505640230674,-1.2447537109599438,0
-0.339439895775414,0.4052878348189708,-0.0306643346086596,-0.1448838105613269,-0.2172505640230674,0.7725582445718663,0
1.1924803347516724,-0.9543306316032808,1.5257280931904338,-0.1448838105613269,-0.2172505640230674,1.5794830267845903,0
0.754788840315362,1.3249113865613955,1.1366299862406606,-0.1448838105613269,4.499906823045962,-0.0343665376408577,0
1.046583169939569,0.3579470292972663,1.1366299862406606,-0.1448838105613269,-0.2172505640230674,-0.0343665376408577,0
0.9736345875335172,0.7049930064157783,-0.0306643346086596,-0.1448838105613269,-0.2172505640230674,-0.0343665376408577,0
0.2441487634729998,1.835150588474328,1.5257280931904338,-0.1448838105613269,-0.2172505640230674,0.7725582445718663,0
1.6301718291879828,-0.3626368397097038,1.9148262001402072,-0.1448838105613269,-0.2172505640230674,0.7725582445718663,0
-0.047645566151207,-1.30501238258586,-0.419762441558433,-0.1448838105613269,-0.2172505640230674,-0.0343665376408577,0
-0.2664913133693622,-0.7338739684498069,-0.419762441558433,-0.1448838105613269,-0.2172505640230674,-0.0343665376408577,0
-0.1935427309633105,-1.1815854344296717,1.5257280931904338,-0.1448838105613269,-0.2172505640230674,1.5794830267845903,0
-1.5066172142722416,-1.4922831410686188,-1.1979586554579795,-0.1448838105613269,-0.2172505640230674,-0.0343665376408577,0
2.286709070842448,-1.5044686644099057,-2.3652529763073,-0.1448838105613269,-0.2172505640230674,-0.0343665376408577,0
-0.2664913133693622,-0.9008071168804416,-0.419762441558433,-0.1448838105613269,-0.2172505640230674,-0.0343665376408577,0
-1.2877714670540863,0.2856102784601016,0.3584337723411137,-0.1448838105613269,-0.2172505640230674,-0.0343665376408577,0
-0.7041828078056727,2.178172597123495,0.7475318792908872,0.3478800238064498,-0.2172505640230674,-0.0343665376408577,0
-0.339439895775414,1.9856280729056184,0.3584337723411137,-0.1448838105613269,-0.2172505640230674,1.0146356792356834,0
0.1712001810669481,2.0719019568883725,-0.419762441558433,-0.1448838105613269,-0.2172505640230674,0.7725582445718663,0
0.3900459282851033,-0.0436734284266668,1.5257280931904338,-0.1448838105613269,-0.2172505640230674,-0.4378289287472198,0
-0.4123884781814657,0.3561196742041285,-0.419762441558433,-0.1448838105613269,-0.2172505640230674,1.5794830267845903,0
1.046583169939569,1.208547686589046,-0.419762441558433,-0.1448838105613269,-0.2172505640230674,0.6111732881293215,0
-1.0689257198359312,-0.7210446101534249,-0.419762441558433,-0.1448838105613269,-0.2172505640230674,-0.0343665376408577,0
-0.1935427309633105,-0.5515739945468269,-0.0306643346086596,-0.1448838105613269,-0.2172505640230674,-0.3571364505259474,0
0.9006860051274654,0.1032629637515998,1.1366299862406606,-0.1448838105613269,-0.2172505640230674,-0.0343665376408577,0
1.4842746643758793,-0.2925061704098505,-1.9761548693575264,-0.1448838105613269,-0.2172505640230674,-0.0343665376408577,0
-1.43366863186619,0.668408031908605,-0.419762441558433,-0.1448838105613269,-0.2172505640230674,0.7725582445718663,0
2.5055548180606038,1.5118507594055028,-2.3652529763073,-0.1448838105613269,-0.2172505640230674,-1.2447537109599438,0
-0.4853370605875174,1.7293344199722138,-1.9761548693575264,-0.1448838105613269,-0.2172505640230674,-1.4061386674024887,0
1.3383774995637758,2.114073146447107,-0.0306643346086596,-0.1448838105613269,-0.2172505640230674,-0.0343665376408577,0
1.6301718291879828,-1.4996114977633788,-2.3652529763073,-0.1448838105613269,-0.2172505640230674,-0.0343665376408577,0
-0.4123884781814657,1.4619156777412088,1.1366299862406606,-0.1448838105613269,3.274735556372933,0.7725582445718663,0
-1.141874302241983,-1.137691039549947,1.1366299862406606,-0.1448838105613269,-0.2172505640230674,0.7725582445718663,0
1.1195317523456203,-0.7042954331598459,1.1366299862406606,-0.1448838105613269,-0.2172505640230674,0.3690958534655043,0
-0.9230285550238276,0.8265452586733071,-0.0306643346086596,-0.1448838105613269,-0.2172505640230674,-0.0343665376408577,0
-1.141874302241983,0.6660788642769372,-2.3652529763073,-0.1448838105613269,-0.2172505640230674,-0.3571364505259474,0
0.2441487634729998,0.4366369162354436,0.7475318792908872,-0.1448838105613269,-0.2172505640230674,0.7725582445718663,0
-0.850079972617776,1.5876055164013343,-0.419762441558433,0.150452597516475,-0.2172505640230674,-0.0343665376408577,0
1.6301718291879828,-0.6507529821147979,1.9148262001402072,-0.1448838105613269,-0.2172505640230674,-2.858603275385392,0
-0.7041828078056727,-0.67291794726006,-0.419762441558433,-0.1448838105613269,-0.2172505640230674,-0.0343665376408577,0
1.1924803347516724,0.1764991898936768,1.5257280931904338,-0.1448838105613269,4.685914606447738,-1.6482161020663058,0
-0.4853370605875174,-0.0517213653653566,-0.419762441558433,-0.1448838105613269,-0.2172505640230674,-0.0343665376408577,0
3.5997835541513794,-0.0243583797738113,1.9148262001402072,-0.1448838105613269,-0.2172505640230674,-0.0343665376408577,0
0.462994510691155,1.4265805004998084,-0.0306643346086596,-0.1448838105613269,-0.2172505640230674,-0.0343665376408577,0
-0.9230285550238276,-0.7730816235828827,-0.419762441558433,0.3010714831982968,-0.2172505640230674,-0.0343665376408577,0
-0.850079972617776,-0.9698300113310868,-0.0306643346086596,-0.1448838105613269,-0.2172505640230674,0.3690958534655043,0
1.265428917157724,-0.2815136353677108,-0.419762441558433,-0.1448838105613269,-0.2172505640230674,-0.8412913198535819,0
2.3596576532485,1.6694861736316748,1.1366299862406606,-0.1448838105613269,-0.2172505640230674,-2.7779107971641195,0
0.1712001810669481,-1.5145995967915504,0.3584337723411137,-0.1448838105613269,-0.2172505640230674,-0.8412913198535819,0
0.0253030162548446,-0.0004418048242462,1.1366299862406606,-0.1448838105613269,-0.2172505640230674,1.5794830267845903,0
0.0253030162548446,0.7259933877452065,-0.0306643346086596,-0.1448838105613269,-0.2172505640230674,-0.0343665376408577,0
-0.1935427309633105,-0.6298094097519958,-1.1979586554579795,-0.1448838105613269,-0.2172505640230674,1.5794830267845903,0
0.2441487634729998,0.0995798490820112,0.3584337723411137,-0.1448838105613269,-0.2172505640230674,-0.6799063634110369,0
-0.4853370605875174,-0.5036082903922358,1.1366299862406606,-0.1448838105613269,-0.2172505640230674,1.5794830267845903,0
-1.141874302241983,1.109652743854205,1.1366299862406606,-0.1448838105613269,-0.2172505640230674,-0.0343665376408577,0
1.4113260819698277,0.8287797446939316,-0.419762441558433,-0.1448838105613269,-0.2172505640230674,-0.1957514940834025,0
1.4842746643758793,-0.5599249126408555,1.1366299862406606,-0.1448838105613269,-0.2172505640230674,0.3690958534655043,0
1.1924803347516724,-0.0868482430624614,0.7475318792908872,-0.1448838105613269,-0.2172505640230674,0.9339432010144112,0
0.1712001810669481,-1.4210636332417663,-0.0306643346086596,-0.1448838105613269,-0.2172505640230674,-1.3254461891812162,0
-0.850079972617776,-0.2983764302945419,-0.419762441558433,-0.1448838105613269,-0.2172505640230674,0.127018418801687,0
-0.6312342253996209,-0.4381643608390312,1.1366299862406606,-0.1448838105613269,-0.2172505640230674,-0.0343665376408577,0
0.1712001810669481,0.2674882181063931,-1.9761548693575264,-0.1448838105613269,-0.2172505640230674,-0.0343665376408577,0
-0.5582856429935692,-0.3978110582123302,-0.419762441558433,-0.1448838105613269,-0.2172505640230674,-0.0343665376408577,0
-1.43366863186619,1.4287203049093895,-3.1434491902068467,-0.1448838105613269,-0.2172505640230674,1.1760206356782283,0
-0.4123884781814657,0.0846769635037786,-0.419762441558433,-0.1448838105613269,-0.2172505640230674,-0.0343665376408577,0
-0.4123884781814657,0.2997083703444653,-0.419762441558433,-0.1448838105613269,-0.2172505640230674,-0.0343665376408577,0
0.0982515986608963,1.269872966061862,-0.0306643346086596,-0.1448838105613269,-0.2172505640230674,-0.0343665376408577,0
-0.7041828078056727,-0.6764022305464575,-0.419762441558433,-0.1448838105613269,-0.2172505640230674,-0.4378289287472198,0
-0.5582856429935692,0.3548320042939381,1.1366299862406606,-0.1448838105613269,-0.2172505640230674,1.1760206356782283,0
-1.141874302241983,-0.0693794858249524,-0.0306643346086596,-0.1448838105613269,-0.2172505640230674,-0.0343665376408577,0
0.8277374227214137,-1.4745587434812928,-0.419762441558433,-0.1448838105613269,-0.2172505640230674,-0.0343665376408577,0
-0.4123884781814657,-1.3243558357220284,1.1366299862406606,-0.1448838105613269,-0.2172505640230674,0.3690958534655043,0
-0.5582856429935692,1.0819489044629034,-0.0306643346086596,-0.1448838105613269,-0.2172505640230674,0.7725582445718663,0
2.067863323624293,-0.6275181147647453,-0.419762441558433,0.715910497814392,-0.2172505640230674,1.4180980703420456,0
-0.9959771374298796,1.1100314702983785,-0.419762441558433,-0.1448838105613269,-0.2172505640230674,-0.0343665376408577,0
-0.2664913133693622,0.0762124274764978,-0.0306643346086596,-0.1448838105613269,-0.2172505640230674,-0.0343665376408577,0
0.1712001810669481,-0.1549243214026726,-0.419762441558433,-0.1448838105613269,-0.2172505640230674,-0.0343665376408577,0
0.9006860051274654,0.6386874742020788,-1.5870567624077532,-0.1448838105613269,-0.2172505640230674,-0.0343665376408577,0
-0.850079972617776,3.9233724563589263,1.1366299862406606,-0.1448838105613269,-0.2172505640230674,-0.0343665376408577,0
-0.1205941485572587,1.3599625189696658,2.3039243070899804,-0.1448838105613269,-0.2172505640230674,-0.4378289287472198,0
-0.850079972617776,0.6352599998823074,0.7475318792908872,-0.1448838105613269,-0.2172505640230674,-0.0343665376408577,0
-0.7771313902117244,0.0663181991224616,-0.419762441558433,-0.1448838105613269,-0.2172505640230674,0.3690958534655043,0
1.557223246781931,0.3428737168191555,-0.0306643346086596,-0.1448838105613269,-0.2172505640230674,-1.0833687545173991,0
0.5359430930972068,1.2079795969227851,-0.419762441558433,-0.1448838105613269,-0.2172505640230674,-1.2447537109599438,0
0.3900459282851033,0.6103587361778908,0.7475318792908872,-0.1448838105613269,-0.2172505640230674,-0.0343665376408577,0
-0.850079972617776,1.544515915215479,-0.419762441558433,-0.1448838105613269,-0.2172505640230674,-0.0343665376408577,0
-0.7041828078056727,0.6073289246245017,1.1366299862406606,-0.1448838105613269,-0.2172505640230674,0.3690958534655043,0
-0.9230285550238276,-1.12349826605454,1.1366299862406606,-0.1448838105613269,-0.2172505640230674,-0.0343665376408577,0
0.3900459282851033,1.208613963716776,-0.0306643346086596,-0.1448838105613269,-0.2172505640230674,-0.0343665376408577,0
0.462994510691155,0.6912547046533797,1.1366299862406606,-0.1448838105613269,-0.2172505640230674,-0.0343665376408577,0
0.2441487634729998,-0.8820601578938466,-0.0306643346086596,-0.1448838105613269,-0.2172505640230674,1.5794830267845903,0
2.651451982872707,-0.6155219546455454,-0.419762441558433,-0.1448838105613269,-0.2172505640230674,-0.0343665376408577,0
1.1195317523456203,-0.815110790725052,0.7475318792908872,-0.1448838105613269,-0.2172505640230674,1.1760206356782283,0
-0.047645566151207,1.750230651529494,-0.0306643346086596,-0.1448838105613269,-0.2172505640230674,-0.0343665376408577,0
-1.43366863186619,-1.100282335026696,-0.419762441558433,-0.1448838105613269,-0.2172505640230674,-0.0343665376408577,0
0.5359430930972068,-0.3220657693776029,1.5257280931904338,-0.1448838105613269,-0.2172505640230674,-0.0343665376408577,0
1.1195317523456203,0.6367654374978977,-0.0306643346086596,-0.1448838105613269,-0.2172505640230674,-0.0343665376408577,0
1.1195317523456203,0.2998219882777174,-0.419762441558433,-0.1448838105613269,-0.2172505640230674,-0.0343665376408577,0
0.3170973458790516,0.0880097562125066,1.5257280931904338,-0.1448838105613269,-0.2172505640230674,-0.0343665376408577,0
-0.9959771374298796,-1.5155748173852976,-0.0306643346086596,-0.1448838105613269,-0.2172505640230674,-0.1957514940834025,0
-0.1935427309633105,1.7975525207289902,1.1366299862406606,-0.1448838105613269,-0.2172505640230674,-0.0343665376408577,0
-1.43366863186619,0.9642312574526328,-0.8088605485082063,-0.1448838105613269,-0.2172505640230674,-1.0026762762961263,0
-0.339439895775414,-0.5875908793877397,1.1366299862406606,-0.1448838105613269,-0.2172505640230674,-2.051678493172668,0
1.3383774995637758,-1.385946223705766,-1.5870567624077532,-0.1448838105613269,-0.2172505640230674,-1.6482161020663058,0
-0.4123884781814657,-0.9906220931162196,-0.419762441558433,-0.1448838105613269,-0.2172505640230674,-1.6482161020663058,0
-0.9230285550238276,-0.7580272474269806,-0.0306643346086596,-0.1448838105613269,-0.2172505640230674,-0.8412913198535819,0
-0.6312342253996209,0.5129029539309098,-0.419762441558433,-0.1448838105613269,-0.2172505640230674,-0.0343665376408577,0
-0.850079972617776,0.0913141444379216,1.1366299862406606,-0.1448838105613269,-0.2172505640230674,-0.0343665376408577,0
-0.6312342253996209,-0.3321682972759346,-0.419762441558433,-0.1448838105613269,-0.2172505640230674,-0.0343665376408577,0
1.8490175764061376,0.4251236323325651,-0.0306643346086596,-0.1448838105613269,-0.2172505640230674,-0.0343665376408577,0
-0.9959771374298796,-1.309235182438396,0.3584337723411137,-0.1448838105613269,-0.2172505640230674,-0.0343665376408577,0
0.6818402579093102,-0.1125448322996427,-2.3652529763073,-0.1448838105613269,-0.2172505640230674,0.7725582445718663,0
-0.1935427309633105,1.1121712747079595,1.1366299862406606,-0.1448838105613269,-0.2172505640230674,0.127018418801687,0
-0.1935427309633105,-1.059010620772874,-0.0306643346086596,-0.1448838105613269,-0.2172505640230674,-0.0343665376408577,0
3.0161948949029656,-0.9805100970567836,2.3039243070899804,-0.1448838105613269,-0.2172505640230674,-0.8412913198535819,0
-1.5795657966782934,0.0864191051469773,-1.1979586554579795,-0.1448838105613269,-0.2172505640230674,-1.6482161020663058,0
-0.1935427309633105,0.6955343134725418,1.5257280931904338,-0.1448838105613269,-0.2172505640230674,-0.0343665376408577,0
0.2441487634729998,-0.0959755503670461,-0.419762441558433,-0.1448838105613269,-0.2172505640230674,-0.0343665376408577,0
0.2441487634729998,0.0797819242128344,-0.0306643346086596,-0.1448838105613269,-0.2172505640230674,-0.0343665376408577,0
-0.047645566151207,-0.8569979354506562,-0.419762441558433,-0.1448838105613269,-0.2172505640230674,0.4497883316867767,0
-0.7771313902117244,1.07941143728694,-0.419762441558433,0.2712964229833686,-0.2172505640230674,-1.6482161020663058,0
-0.7041828078056727,0.0808612945787292,-0.419762441558433,-0.1448838105613269,-0.2172505640230674,-0.0343665376408577,0
0.1712001810669481,1.4980556486764782,-0.419762441558433,-0.1448838105613269,-0.2172505640230674,-0.0343665376408577,0
0.6088916755032585,-1.0061120046829213,-0.419762441558433,-0.1448838105613269,-0.2172505640230674,3.516102504095128,0
0.462994510691155,0.0733625109840912,-0.0306643346086596,-0.1448838105613269,-0.2172505640230674,0.6111732881293215,0
-0.2664913133693622,-0.1642031192849267,1.1366299862406606,-0.1448838105613269,-0.2172505640230674,0.127018418801687,0
-1.5795657966782934,0.5325683245446259,-1.1979586554579795,-0.1448838105613269,-0.2172505640230674,-2.293755927836485,0
2.578503400466655,1.9240850257274025,-0.419762441558433,-0.1448838105613269,-0.2172505640230674,-2.1323709713939403,0
1.1195317523456203,0.0188353711841918,-2.754351083257073,-0.1448838105613269,-0.2172505640230674,-0.0343665376408577,0
1.7760689940000862,-0.9870525963798832,-0.0306643346086596,-0.1448838105613269,-0.2172505640230674,-2.45514088427903,0
1.4113260819698277,-0.4988552735178566,-0.419762441558433,-0.1448838105613269,-0.2172505640230674,-0.0343665376408577,0
0.8277374227214137,-0.255996941191512,-0.419762441558433,-0.1448838105613269,-0.2172505640230674,-3.1006807100492093,0
-1.141874302241983,-0.2598220782776657,1.1366299862406606,-0.1448838105613269,-0.2172505640230674,0.6111732881293215,0
1.4842746643758793,-0.1479841593131907,-0.0306643346086596,-0.1448838105613269,-0.2172505640230674,-0.0343665376408577,0
1.7031204115940344,-0.7395264606290984,-1.9761548693575264,-0.1448838105613269,-0.2172505640230674,-1.5675236238450334,0
1.1195317523456203,-1.238167165189213,-0.0306643346086596,-0.1448838105613269,3.698833302528982,0.6111732881293215,0
2.2137604884363964,1.7158044177541103,0.7475318792908872,0.2526534798758234,-0.2172505640230674,-2.7779107971641195,0
-1.214822884648035,-0.6823103630755663,1.1366299862406606,-0.1448838105613269,-0.2172505640230674,-2.616525840721575,0
-1.360720049460138,-1.0892045865346172,-0.0306643346086596,-0.1448838105613269,-0.2172505640230674,0.7725582445718663,0
0.3170973458790516,0.5288473372306198,1.1366299862406606,-0.1448838105613269,-0.2172505640230674,-0.1957514940834025,0
0.1712001810669481,-1.4319236140284457,1.5257280931904338,0.8862453017466392,-0.2172505640230674,-2.45514088427903,0
-0.1935427309633105,0.0953381129072665,-0.419762441558433,0.8339377635312247,-0.2172505640230674,1.5794830267845903,0
-1.5066172142722416,-0.4228922169777294,-0.0306643346086596,-0.1448838105613269,-0.2172505640230674,-1.6482161020663058,0
0.3170973458790516,-0.2745356006338115,-0.419762441558433,-0.1448838105613269,-0.2172505640230674,-0.0343665376408577,0
-1.360720049460138,-1.4812811378653747,-0.0306643346086596,-0.1448838105613269,-0.2172505640230674,-1.2447537109599438,0
0.8277374227214137,0.5678466928194001,-0.419762441558433,-0.1448838105613269,-0.2172505640230674,0.7725582445718663,0
2.724400565278758,0.3436406378686071,-0.0306643346086596,-0.1448838105613269,-0.2172505640230674,-2.616525840721575,0
1.9949147412182413,1.0409896395255245,-0.0306643346086596,-0.1448838105613269,-0.2172505640230674,-0.0343665376408577,0
3.0161948949029656,3.528464924857971,-0.419762441558433,-0.1448838105613269,-0.2172505640230674,-1.6482161020663058,0
0.6818402579093102,-1.3841567412570457,0.3584337723411137,0.5274692383460396,-0.2172505640230674,-0.0343665376408577,0
0.5359430930972068,-0.0269810603997138,-0.0306643346086596,0.5274692383460396,-0.2172505640230674,-0.0343665376408577,0
0.0253030162548446,-0.3710540349314628,1.9148262001402072,-0.1448838105613269,-0.2172505640230674,1.1760206356782283,0
-1.0689257198359312,-0.8179796435396672,-0.419762441558433,0.2034307451961897,-0.2172505640230674,-0.0343665376408577,0
0.5359430930972068,-0.0520811554873216,1.5257280931904338,0.8862453017466392,-0.2172505640230674,-0.4378289287472198,0
-1.5795657966782934,1.4919770892474913,-1.5870567624077532,-0.1448838105613269,-0.2172505640230674,-1.6482161020663058,0
1.4842746643758793,-0.1823441159608439,-2.3652529763073,-0.1448838105613269,-0.2172505640230674,-0.0343665376408577,0
-0.4853370605875174,-1.193988725476358,-0.419762441558433,-0.1448838105613269,-0.2172505640230674,-0.0343665376408577,0
-0.7041828078056727,0.1163100897533816,0.3584337723411137,-0.1448838105613269,-0.2172505640230674,-0.0343665376408577,0
-1.0689257198359312,0.6433742139487276,1.1366299862406606,-0.1448838105613269,-0.2172505640230674,-1.6482161020663058,0
0.2441487634729998,0.0815430021782418,1.1366299862406606,-0.1448838105613269,-0.2172505640230674,1.5794830267845903,0
0.3170973458790516,-1.0718873198747778,-0.419762441558433,-0.1448838105613269,-0.2172505640230674,-0.0343665376408577,0
-0.047645566151207,-0.375059067078599,1.5257280931904338,-0.1448838105613269,-0.2172505640230674,0.7725582445718663,0
-1.0689257198359312,-0.2797620255634077,1.1366299862406606,-0.1448838105613269,-0.2172505640230674,-1.6482161020663058,0
-1.2877714670540863,1.1672949086574325,-0.419762441558433,-0.1448838105613269,-0.2172505640230674,-0.0343665376408577,0
1.6301718291879828,-1.119161848268752,-0.419762441558433,0.2712964229833686,-0.2172505640230674,-0.0343665376408577,0
1.046583169939569,-0.1587967992943481,1.9148262001402072,-0.1448838105613269,-0.2172505640230674,1.5794830267845903,0
-0.2664913133693622,-0.3752010894951642,-0.419762441558433,-0.1448838105613269,-0.2172505640230674,-0.0343665376408577,0
-0.7041828078056727,-0.0009909581682979,-0.419762441558433,-0.1448838105613269,-0.2172505640230674,-0.0343665376408577,0
0.3900459282851033,-1.452403246497135,1.1366299862406606,-0.1448838105613269,-0.2172505640230674,-0.0343665376408577,0
-0.6312342253996209,-1.3535461764067114,-0.419762441558433,-0.1448838105613269,-0.2172505640230674,-0.0343665376408577,0
0.1712001810669481,-0.3341850155911593,1.1366299862406606,-0.1448838105613269,4.462705266365607,0.7725582445718663,0
-0.1935427309633105,-0.1058792468821867,-0.419762441558433,-0.1448838105613269,-0.2172505640230674,1.5794830267845903,0
-0.047645566151207,-0.9261060433512406,-0.419762441558433,-0.1448838105613269,-0.2172505640230674,-0.0343665376408577,0
1.7031204115940344,-4.414205786390524e-05,1.5257280931904338,1.8701635077678724,-0.2172505640230674,-0.0343665376408577,0
-0.5582856429935692,-1.0991082830497578,0.3584337723411137,-0.1448838105613269,-0.2172505640230674,0.3690958534655043,0
1.9219661588121892,1.3017238600168648,-0.419762441558433,-0.1448838105613269,-0.2172505640230674,-0.0343665376408577,0
-0.7771313902117244,0.1918660153660221,-0.0306643346086596,-0.1448838105613269,-0.2172505640230674,-0.0343665376408577,0
0.8277374227214137,-1.5350792292602398,-0.0306643346086596,0.8862453017466392,-0.2172505640230674,-0.0343665376408577,0
-0.1205941485572587,-0.8605958366703058,1.1366299862406606,-0.1448838105613269,-0.2172505640230674,-0.0343665376408577,0
-0.2664913133693622,0.1850489393708967,-0.419762441558433,0.4433748115227963,-0.2172505640230674,-0.4378289287472198,0
-0.1205941485572587,-0.0220008076588304,-2.754351083257073,-0.1448838105613269,-0.2172505640230674,-0.0343665376408577,0
-1.43366863186619,-0.0279562809934609,-0.0306643346086596,-0.1448838105613269,-0.2172505640230674,-0.0343665376408577,0
0.0982515986608963,-0.4799852284369051,-0.419762441558433,-0.1448838105613269,-0.2172505640230674,1.256713113899501,0
-0.047645566151207,0.010314026190285,-1.1979586554579795,-0.1448838105613269,-0.2172505640230674,-0.0343665376408577,0
1.3383774995637758,-0.1299757168927343,-0.0306643346086596,-0.1448838105613269,-0.2172505640230674,-1.2447537109599438,0
-0.339439895775414,-0.0732424955555235,-0.419762441558433,-0.1448838105613269,-0.2172505640230674,-0.0343665376408577,0
0.3170973458790516,-0.6314758061063599,-0.419762441558433,-0.1448838105613269,-0.2172505640230674,-1.5675236238450334,0
-0.4123884781814657,-1.4433043436758632,-0.0306643346086596,-0.1448838105613269,-0.2172505640230674,3.1933325912100385,0
-1.360720049460138,1.8649752959530017,-0.0306643346086596,-0.1448838105613269,-0.2172505640230674,-0.0343665376408577,0
0.6818402579093102,-0.0117183846995162,-0.419762441558433,0.2712964229833686,-0.2172505640230674,0.4497883316867767,0
1.1195317523456203,0.0840425967097878,1.5257280931904338,-0.1448838105613269,-0.2172505640230674,-0.1957514940834025,0
0.3900459282851033,4.755226154664111,1.5257280931904338,-0.1448838105613269,-0.2172505640230674,1.5794830267845903,0
0.9006860051274654,-1.3317220650612056,-0.419762441558433,-0.1448838105613269,-0.2172505640230674,-1.3254461891812162,0
-1.0689257198359312,0.9490821996856872,-0.0306643346086596,-0.1448838105613269,-0.2172505640230674,-0.0343665376408577,0
-0.7771313902117244,-0.4471496457270508,1.1366299862406606,-0.1448838105613269,-0.2172505640230674,0.7725582445718663,0
0.462994510691155,-0.4743422044187179,-0.419762441558433,-0.1448838105613269,-0.2172505640230674,0.7725582445718663,0
-0.7041828078056727,-0.3968547739407918,-0.419762441558433,-0.1448838105613269,-0.2172505640230674,-0.6799063634110369,0
-0.4123884781814657,-0.7264793346273166,-0.419762441558433,-0.1448838105613269,-0.2172505640230674,-0.0343665376408577,0
0.0253030162548446,0.1334379931911344,2.3039243070899804,-0.1448838105613269,-0.2172505640230674,3.1933325912100385,0
0.5359430930972068,-1.3644156253544948,1.9148262001402072,-0.1448838105613269,-0.2172505640230674,-0.0343665376408577,0
1.7760689940000862,-0.2546713986369042,-0.419762441558433,-0.1448838105613269,-0.2172505640230674,-0.4378289287472198,0
2.1408119060303448,-1.0973282687621415,-0.419762441558433,-0.1448838105613269,-0.2172505640230674,-1.3254461891812162,0
1.7760689940000862,-1.524919892395282,-0.419762441558433,-0.1448838105613269,-0.2172505640230674,2.386407808997314,0
1.6301718291879828,0.5076197200346876,-0.419762441558433,-0.1448838105613269,-0.2172505640230674,-0.0343665376408577,0
-0.2664913133693622,1.1974510017747582,-0.0306643346086596,0.8533854379959301,-0.2172505640230674,-0.0343665376408577,0
0.3170973458790516,-0.0222280435253346,-0.419762441558433,-0.1448838105613269,-0.2172505640230674,0.3690958534655043,0
1.1924803347516724,-0.4393573491381782,-0.419762441558433,-0.1448838105613269,-0.2172505640230674,-1.2447537109599438,0
-0.2664913133693622,0.0512354184832465,-0.419762441558433,-0.1448838105613269,-0.2172505640230674,-0.0343665376408577,0
-1.0689257198359312,-0.0129681819652892,-1.1979586554579795,-0.1448838105613269,-0.2172505640230674,-0.0343665376408577,0
-0.6312342253996209,-0.9019054235685452,-0.0306643346086596,-0.1448838105613269,-0.2172505640230674,-0.8412913198535819,0
-1.360720049460138,-0.7240270809012923,-0.0306643346086596,-0.1448838105613269,-0.2172505640230674,-2.7779107971641195,0
0.1712001810669481,-1.5412051294947484,1.1366299862406606,-0.1448838105613269,-0.2172505640230674,-0.0343665376408577,0
1.046583169939569,-0.3489932195583485,1.1366299862406606,-0.1448838105613269,-0.2172505640230674,-0.0343665376408577,0
-1.214822884648035,1.2057640472243696,-1.1979586554579795,-0.1448838105613269,-0.2172505640230674,-1.6482161020663058,0
-0.2664913133693622,-0.1786894057745683,1.1366299862406606,-0.1448838105613269,-0.2172505640230674,-0.0343665376408577,0
2.2137604884363964,-0.0221333619142912,1.9148262001402072,2.5443942631752794,-0.2172505640230674,0.3690958534655043,0
1.4842746643758793,0.0082499670695387,-0.419762441558433,-0.1448838105613269,-0.2172505640230674,-0.0343665376408577,0
0.1712001810669481,1.277816753228404,1.1366299862406606,-0.1448838105613269,-0.2172505640230674,-0.0343665376408577,0
-0.047645566151207,-0.2030604524571419,-0.0306643346086596,-0.1448838105613269,-0.2172505640230674,-0.0343665376408577,0
0.2441487634729998,1.6001887025090036,-0.419762441558433,-0.1448838105613269,-0.2172505640230674,-0.4378289287472198,0
0.0982515986608963,-0.0501023098165143,1.1366299862406606,-0.1448838105613269,-0.2172505640230674,-0.0343665376408577,0
-0.850079972617776,-0.0215652722480308,-0.419762441558433,-0.1448838105613269,-0.2172505640230674,-0.0343665376408577,0
-0.7041828078056727,0.7744609044383277,0.3584337723411137,-0.1448838105613269,-0.2172505640230674,0.2077108970229594,0
2.5055548180606038,0.8733179745287513,-1.1979586554579795,-0.1448838105613269,-0.2172505640230674,-3.019988231827937,0
1.9949147412182413,0.0046425976887848,1.9148262001402072,-0.1448838105613269,-0.2172505640230674,-1.6482161020663058,0
-1.0689257198359312,0.257376222046957,-0.419762441558433,-0.1448838105613269,-0.2172505640230674,-0.276443972304675,0
-0.1935427309633105,0.8503860883340375,-0.419762441558433,-0.1448838105613269,-0.2172505640230674,-0.1957514940834025,0
0.5359430930972068,4.788440463818139,-0.419762441558433,-0.1448838105613269,-0.2172505640230674,0.2884033752442319,0
0.6818402579093102,-0.6247912843666952,-0.0306643346086596,-0.1448838105613269,-0.2172505640230674,-0.0343665376408577,0
-0.1205941485572587,0.0473250679471537,-0.0306643346086596,-0.1448838105613269,-0.2172505640230674,0.3690958534655043,0
-1.5066172142722416,-1.5052734581037746,-0.0306643346086596,-0.1448838105613269,-0.2172505640230674,-2.45514088427903,0
1.9949147412182413,0.0061953761098967,-0.419762441558433,-0.1448838105613269,-0.2172505640230674,-1.809601058508851,0
-0.1205941485572587,2.551880915911831,1.1366299862406606,-0.1448838105613269,-0.2172505640230674,0.2884033752442319,0
-0.5582856429935692,-0.2848085554320214,-0.419762441558433,-0.1448838105613269,-0.2172505640230674,3.5967949823164007,0
0.0982515986608963,-1.0861937113034368,-0.0306643346086596,-0.1448838105613269,-0.2172505640230674,-0.0343665376408577,0
0.3900459282851033,-1.1402853156925363,-0.0306643346086596,-0.1448838105613269,-0.2172505640230674,-0.0343665376408577,0
1.557223246781931,-0.2204534644058161,-1.1979586554579795,-0.1448838105613269,-0.2172505640230674,-0.8412913198535819,0
0.462994510691155,0.2267656571966228,1.1366299862406606,-0.1448838105613269,-0.2172505640230674,0.7725582445718663,0
-1.2877714670540863,1.307811887606956,-0.0306643346086596,-0.1448838105613269,-0.2172505640230674,-0.0343665376408577,0
0.6818402579093102,-0.7559158475007125,1.5257280931904338,-0.1448838105613269,4.499906823045962,-0.0343665376408577,0
-1.5066172142722416,0.4782684206112307,-0.419762441558433,-0.1448838105613269,-0.2172505640230674,-1.6482161020663058,0
1.1924803347516724,-0.0272556370717397,-0.419762441558433,-0.1448838105613269,-0.2172505640230674,-0.0343665376408577,0
-1.43366863186619,-0.2308400371372781,-0.0306643346086596,-0.1448838105613269,-0.2172505640230674,-0.0343665376408577,0
0.5359430930972068,-0.4290843943399683,1.5257280931904338,-0.1448838105613269,-0.2172505640230674,-0.0343665376408577,0
-0.047645566151207,-0.0316678001463625,-0.0306643346086596,-0.1448838105613269,-0.2172505640230674,-0.1957514940834025,0
-0.5582856429935692,-1.335783906174968,-0.0306643346086596,-0.1448838105613269,-0.2172505640230674,-0.0343665376408577,0
-0.1935427309633105,0.7259933877452065,-0.419762441558433,-0.1448838105613269,-0.2172505640230674,0.2077108970229594,0
-1.360720049460138,1.9604048917236536,-0.0306643346086596,-0.1448838105613269,-0.2172505640230674,-0.0343665376408577,0
-1.0689257198359312,0.1264694266183394,0.7475318792908872,-0.1448838105613269,-0.2172505640230674,-0.0343665376408577,0
0.6088916755032585,-0.2591214343559445,-0.419762441558433,-0.1448838105613269,-0.2172505640230674,-1.6482161020663058,0
-0.850079972617776,2.2568340795783595,1.1366299862406606,-0.1448838105613269,-0.2172505640230674,0.7725582445718663,0
-0.7771313902117244,-0.583377547696308,-0.419762441558433,-0.1448838105613269,-0.2172505640230674,1.5794830267845903,0
-0.9230285550238276,1.9095324621100305,1.1366299862406606,-0.1448838105613269,-0.2172505640230674,-0.0343665376408577,0
-1.43366863186619,0.1597878855445151,-0.0306643346086596,-0.1448838105613269,-0.2172505640230674,-1.3254461891812162,0
-0.047645566151207,-0.2708240814809098,-0.419762441558433,-0.1448838105613269,-0.2172505640230674,0.7725582445718663,0
-0.047645566151207,0.560982276018753,1.1366299862406606,3.5874602239477893,-0.2172505640230674,-0.4378289287472198,0
0.9006860051274654,0.6285092010149124,-1.1979586554579795,-0.1448838105613269,3.820358387684808,-0.0343665376408577,0
-0.5582856429935692,1.7930456760433238,-0.419762441558433,-0.1448838105613269,-0.2172505640230674,-0.0343665376408577,0
-0.1205941485572587,-0.9463584399534258,-0.0306643346086596,-0.1448838105613269,-0.2172505640230674,0.3690958534655043,0
-0.339439895775414,0.4792152367216648,-0.419762441558433,-0.1448838105613269,-0.2172505640230674,-0.0343665376408577,0
0.3170973458790516,0.021893587220894,0.3584337723411137,-0.1448838105613269,-0.2172505640230674,1.1760206356782283,0
-0.9959771374298796,-0.1245031197744253,-0.419762441558433,-0.1448838105613269,-0.2172505640230674,-0.0343665376408577,0
-0.4123884781814657,0.5301160708186016,-0.0306643346086596,-0.1448838105613269,-0.2172505640230674,-0.1957514940834025,0
-0.7041828078056727,0.0428655640670091,1.1366299862406606,-0.1448838105613269,-0.2172505640230674,-0.0343665376408577,0
1.1195317523456203,0.9665604250843006,1.1366299862406606,-0.1448838105613269,-0.2172505640230674,0.3690958534655043,0
-0.1205941485572587,-0.3931811274323076,-0.419762441558433,-0.1448838105613269,-0.2172505640230674,-0.0343665376408577,0
-0.850079972617776,0.0865705957246468,-0.419762441558433,-0.1448838105613269,-0.2172505640230674,-0.0343665376408577,0
-0.047645566151207,-0.0964678947444718,-0.419762441558433,-0.1448838105613269,-0.2172505640230674,0.7725582445718663,0
-0.339439895775414,0.185834796742557,-0.419762441558433,-0.1448838105613269,4.745437097136306,-0.0343665376408577,0
1.6301718291879828,1.4772919713746584,-0.419762441558433,0.2712964229833686,-0.2172505640230674,-0.0343665376408577,0
-0.9959771374298796,-1.2501254526639956,0.3584337723411137,-0.1448838105613269,-0.2172505640230674,0.127018418801687,0
0.8277374227214137,-0.3362774791952186,-1.5870567624077532,-0.1448838105613269,-0.2172505640230674,0.7725582445718663,0
-0.4853370605875174,-0.1535798425258562,-0.419762441558433,-0.1448838105613269,-0.2172505640230674,-0.0343665376408577,0
-0.4123884781814657,-0.168321769365315,0.7475318792908872,-0.1448838105613269,-0.2172505640230674,0.127018418801687,0
0.754788840315362,0.8197281826781816,-0.0306643346086596,-0.1448838105613269,-0.2172505640230674,-0.0343665376408577,0
-0.1205941485572587,0.0244405225579617,-1.5870567624077532,0.2085273771248711,-0.2172505640230674,-0.0343665376408577,0
1.265428917157724,1.3955628047219877,-2.3652529763073,-0.1448838105613269,-0.2172505640230674,-0.0343665376408577,0
-0.2664913133693622,-0.3859569205096954,-0.0306643346086596,-0.1448838105613269,-0.2172505640230674,-0.0343665376408577,0
-0.9230285550238276,1.4495313230167308,-0.419762441558433,-0.1448838105613269,-0.2172505640230674,0.7725582445718663,0
-0.6312342253996209,1.6292086162938086,-0.0306643346086596,-0.1448838105613269,-0.2172505640230674,0.7725582445718663,0
-1.0689257198359312,0.8162912401973058,-0.419762441558433,-0.1448838105613269,-0.2172505640230674,-0.0343665376408577,0
-0.7771313902117244,-1.0522976945498963,-0.0306643346086596,-0.1448838105613269,-0.2172505640230674,-0.0343665376408577,0
0.0982515986608963,1.0750371468567346,1.1366299862406606,-0.1448838105613269,-0.2172505640230674,-0.0343665376408577,0
0.3900459282851033,-0.2258597843963948,-0.419762441558433,-0.1448838105613269,-0.2172505640230674,4.484412242750397,0
0.9006860051274654,-0.4437600440516968,1.5257280931904338,-0.1448838105613269,-0.2172505640230674,-0.0343665376408577,0
-1.360720049460138,-0.3036880686740772,-0.0306643346086596,-0.1448838105613269,-0.2172505640230674,-0.0343665376408577,0
0.9736345875335172,-0.8258666217395833,-2.3652529763073,-0.1448838105613269,-0.2172505640230674,-0.0343665376408577,0
-1.141874302241983,0.0555055591413042,1.1366299862406606,-0.1448838105613269,-0.2172505640230674,-0.0343665376408577,0
-1.214822884648035,-0.7594758760759447,-0.0306643346086596,-0.1448838105613269,-0.2172505640230674,-0.6799063634110369,0
-0.047645566151207,-0.375059067078599,-0.419762441558433,-0.1448838105613269,-0.2172505640230674,-0.0343665376408577,0
0.6088916755032585,-0.4772110572333332,-2.3652529763073,-0.1448838105613269,-0.2172505640230674,0.3690958534655043,0
-0.5582856429935692,2.0112205123706515,-0.419762441558433,-0.1448838105613269,-0.2172505640230674,-0.0343665376408577,0
-0.4853370605875174,-0.7216316361418941,1.1366299862406606,-0.1448838105613269,-0.2172505640230674,-1.3254461891812162,0
0.8277374227214137,-1.2893047033137583,-0.419762441558433,-0.1448838105613269,-0.2172505640230674,-0.0343665376408577,0
0.3170973458790516,-0.2446446160274072,-0.0306643346086596,-0.1448838105613269,-0.2172505640230674,-0.0343665376408577,0
1.4842746643758793,0.300588909327169,-0.419762441558433,-0.1448838105613269,-0.2172505640230674,-0.0343665376408577,0
0.2441487634729998,-0.6825281307809661,2.3039243070899804,1.0104421745350338,-0.2172505640230674,1.5794830267845903,0
-1.0689257198359312,1.1577604704253612,-0.419762441558433,-0.1448838105613269,-0.2172505640230674,0.3690958534655043,0
0.1712001810669481,1.609836758674327,1.1366299862406606,1.8701635077678724,-0.2172505640230674,1.5794830267845903,0
0.3170973458790516,-0.3326322371700474,0.7475318792908872,-0.1448838105613269,-0.2172505640230674,-0.0343665376408577,0
-0.5582856429935692,1.0028613547583436,-0.0306643346086596,-0.1448838105613269,-0.2172505640230674,-0.0343665376408577,0
-1.2877714670540863,0.1579699986124817,-0.419762441558433,-0.1448838105613269,-0.2172505640230674,-0.4378289287472198,0
0.3900459282851033,-0.8838401721814627,-0.0306643346086596,-0.1448838105613269,-0.2172505640230674,-0.0343665376408577,0
0.3170973458790516,2.006808349296029,-0.0306643346086596,-0.1448838105613269,-0.2172505640230674,-0.0343665376408577,0
0.6818402579093102,0.5370562329080835,0.7475318792908872,-0.1448838105613269,-0.2172505640230674,-0.0343665376408577,0
-0.1935427309633105,-0.1502186453338152,-1.1979586554579795,-0.1448838105613269,-0.2172505640230674,-0.0343665376408577,0
-1.360720049460138,-0.1651025945898391,-0.419762441558433,-0.1448838105613269,-0.2172505640230674,0.6111732881293215,0
-0.5582856429935692,1.4718477787396624,1.9148262001402072,1.7440889284794374,-0.2172505640230674,0.7725582445718663,0
1.1924803347516724,0.3557504159210591,-0.419762441558433,-0.1448838105613269,-0.2172505640230674,-0.4378289287472198,0
-0.7041828078056727,-0.0794346729177625,-0.419762441558433,-0.1448838105613269,-0.2172505640230674,-0.0343665376408577,0
-0.339439895775414,-0.3077593779489438,-0.0306643346086596,-0.1448838105613269,-0.2172505640230674,-0.0343665376408577,0
-1.5066172142722416,-0.2024450219853597,-0.419762441558433,-0.1448838105613269,-0.2172505640230674,-0.0343665376408577,0
0.3900459282851033,0.5004049812731798,1.1366299862406606,0.8862453017466392,-0.2172505640230674,0.7725582445718663,0
-0.850079972617776,0.1335610792854908,1.1366299862406606,0.8862453017466392,-0.2172505640230674,0.3690958534655043,0
0.462994510691155,0.6341711613553083,1.1366299862406606,-0.1448838105613269,-0.2172505640230674,0.3690958534655043,0
-0.7771313902117244,0.0064415482986096,-1.9761548693575264,-0.1448838105613269,-0.2172505640230674,-0.0343665376408577,0
-0.850079972617776,1.6671096651944852,-1.5870567624077532,-0.1448838105613269,-0.2172505640230674,-1.6482161020663058,0
-0.4123884781814657,0.8640013040020798,-2.3652529763073,-0.1448838105613269,-0.2172505640230674,-0.0343665376408577,0
-0.1205941485572587,-0.6322900679613331,2.3039243070899804,0.8339377635312247,-0.2172505640230674,-0.0343665376408577,0
1.046583169939569,-0.5166554163940175,-0.419762441558433,-0.1448838105613269,4.747917200914996,0.3690958534655043,0
-1.214822884648035,0.2721654896919375,-0.0306643346086596,-0.1448838105613269,-0.2172505640230674,0.7725582445718663,0
-0.850079972617776,-1.2127735571073706,-0.0306643346086596,-0.1448838105613269,-0.2172505640230674,-0.0343665376408577,0
-1.43366863186619,-1.2919273839396608,-0.419762441558433,-0.1448838105613269,-0.2172505640230674,-0.0343665376408577,0
0.8277374227214137,-0.3303504103439012,-0.0306643346086596,-0.1448838105613269,-0.2172505640230674,-0.0343665376408577,0
1.7031204115940344,-1.1343109060356975,0.3584337723411137,0.8339377635312247,-0.2172505640230674,0.7725582445718663,0
0.462994510691155,-1.4730438377045982,1.1366299862406606,-0.1448838105613269,-0.2172505640230674,-0.1957514940834025,0
1.8490175764061376,0.6282062198595735,1.5257280931904338,-0.1448838105613269,-0.2172505640230674,-0.4378289287472198,0
-0.6312342253996209,-0.4620525313052834,-0.419762441558433,-0.1448838105613269,-0.2172505640230674,-0.0343665376408577,0
0.3170973458790516,-0.9744599421111096,0.3584337723411137,-0.1448838105613269,-0.2172505640230674,4.726489677414214,0
2.067863323624293,0.7490388918731723,1.1366299862406606,-0.1448838105613269,-0.2172505640230674,-1.6482161020663058,0
-0.047645566151207,0.8947065504634574,1.9148262001402072,-0.1448838105613269,-0.2172505640230674,0.7725582445718663,0
1.4113260819698277,2.156367422100198,-2.3652529763073,-0.1448838105613269,-0.2172505640230674,-0.0343665376408577,0
1.1195317523456203,-1.151845940400937,1.5257280931904338,-0.1448838105613269,-0.2172505640230674,0.3690958534655043,0
-0.1205941485572587,-1.356642265087831,-0.419762441558433,-0.1448838105613269,-0.2172505640230674,-0.0343665376408577,0
-0.6312342253996209,-0.2979598312059509,1.9148262001402072,-0.1448838105613269,-0.2172505640230674,-0.0343665376408577,0
-1.0689257198359312,0.9069299464491616,-0.419762441558433,-0.1448838105613269,-0.2172505640230674,-0.0343665376408577,0
-0.5582856429935692,3.837732939170163,-0.419762441558433,-0.1448838105613269,-0.2172505640230674,-0.4378289287472198,0
0.6088916755032585,-0.280491073968442,-0.0306643346086596,-0.1448838105613269,-0.2172505640230674,-0.0343665376408577,0
0.2441487634729998,-1.4521665424695265,-0.419762441558433,-0.1448838105613269,-0.2172505640230674,-0.0343665376408577,0
0.1712001810669481,-0.1142869739428414,1.1366299862406606,-0.1448838105613269,-0.2172505640230674,-0.4378289287472198,0
-0.5582856429935692,-0.719406618282374,-0.419762441558433,-0.1448838105613269,-0.2172505640230674,-0.0343665376408577,0
-0.5582856429935692,1.5787243812854628,0.3584337723411137,13.267171353549536,-0.2172505640230674,-0.0343665376408577,1
-0.9959771374298796,0.9916605201719084,0.3584337723411137,-0.1448838105613269,-0.2172505640230674,-0.8412913198535819,0
0.754788840315362,-0.203174070390394,-0.0306643346086596,-0.1448838105613269,3.4657035473320894,-0.0343665376408577,0
0.5359430930972068,-0.8690509045364821,1.1366299862406606,-0.1448838105613269,-0.2172505640230674,-0.4378289287472198,0
-0.9230285550238276,-0.0229286874470559,-0.419762441558433,-0.1448838105613269,-0.2172505640230674,-0.0343665376408577,0
-0.7041828078056727,0.2911396845450367,1.1366299862406606,-0.1448838105613269,-0.2172505640230674,1.256713113899501,0
-0.2664913133693622,-0.4396887347768302,0.3584337723411137,-0.1448838105613269,-0.2172505640230674,0.2884033752442319,0
-0.7041828078056727,-1.2055304138625498,-0.419762441558433,-0.1448838105613269,-0.2172505640230674,-0.0343665376408577,0
0.0982515986608963,-0.9244112425135635,1.1366299862406606,-0.1448838105613269,-0.2172505640230674,-0.0343665376408577,0
-0.850079972617776,1.4621145091244,-0.419762441558433,-0.1448838105613269,-0.2172505640230674,-0.0343665376408577,0
-0.1205941485572587,-0.8911306562318052,-0.0306643346086596,-0.1448838105613269,-0.2172505640230674,0.3690958534655043,0
-0.5582856429935692,1.4184473501111796,-0.419762441558433,-0.1448838105613269,4.365981218996684,-0.0343665376408577,0
0.2441487634729998,0.2841616498111375,1.5257280931904338,-0.1448838105613269,-0.2172505640230674,0.3690958534655043,0
-0.4123884781814657,1.9233843818056808,1.1366299862406606,-0.1448838105613269,-0.2172505640230674,0.3690958534655043,0
-0.1205941485572587,-0.353755704593832,-0.0306643346086596,-0.1448838105613269,-0.2172505640230674,-0.0343665376408577,0
-0.1935427309633105,0.1887888630071114,1.1366299862406606,-0.1448838105613269,-0.2172505640230674,-0.1957514940834025,0
-1.0689257198359312,-0.6391355484397716,-0.0306643346086596,-0.1448838105613269,-0.2172505640230674,-0.0343665376408577,0
0.6088916755032585,1.251514201680545,1.1366299862406606,-0.1448838105613269,-0.2172505640230674,0.7725582445718663,0
0.9006860051274654,-0.1317936038247678,-0.419762441558433,-0.1448838105613269,-0.2172505640230674,-0.0343665376408577,0
-0.5582856429935692,0.6557869731565186,-0.419762441558433,-0.1448838105613269,-0.2172505640230674,3.1933325912100385,0
-0.850079972617776,-0.929476708704386,-0.419762441558433,-0.1448838105613269,-0.2172505640230674,-0.0343665376408577,0
-1.5795657966782934,-0.8984874174098781,-1.5870567624077532,-0.1448838105613269,-0.2172505640230674,-2.45514088427903,0
1.7031204115940344,-1.0278035617729664,-0.0306643346086596,-0.1448838105613269,4.678474295111666,-0.0343665376408577,0
-0.5582856429935692,-0.9142803101319188,0.3584337723411137,-0.1448838105613269,-0.2172505640230674,-0.0343665376408577,0
0.5359430930972068,0.796521719811442,-0.419762441558433,-0.1448838105613269,-0.2172505640230674,1.9829454178909525,0
-1.0689257198359312,0.9249194525474091,-1.1979586554579795,-0.1448838105613269,-0.2172505640230674,-0.0343665376408577,0
-0.339439895775414,-0.8585223093884551,0.3584337723411137,-0.1448838105613269,-0.2172505640230674,-0.0343665376408577,0
-1.5066172142722416,2.037532532079615,-1.1979586554579795,-0.1448838105613269,3.7558756894388594,-1.6482161020663058,0
-0.339439895775414,0.5065024770243753,1.1366299862406606,-0.1448838105613269,-0.2172505640230674,-0.8412913198535819,0
0.9006860051274654,-0.7115291082435623,-0.419762441558433,-0.1448838105613269,-0.2172505640230674,-1.970986014951396,0
0.6088916755032585,0.0162789676860198,-0.419762441558433,-0.1448838105613269,-0.2172505640230674,-0.4378289287472198,0
-0.047645566151207,0.493247051478298,-1.1979586554579795,-0.1448838105613269,-0.2172505640230674,1.5794830267845903,0
0.3900459282851033,-0.066785209682363,0.3584337723411137,-0.1448838105613269,-0.2172505640230674,-0.0343665376408577,0
0.1712001810669481,1.574066046022127,-0.0306643346086596,-0.1448838105613269,-0.2172505640230674,1.9829454178909525,0
-0.2664913133693622,-1.172098337003122,-0.419762441558433,-0.1448838105613269,-0.2172505640230674,-0.0343665376408577,0
-0.4123884781814657,-1.05439962631506,1.1366299862406606,-0.1448838105613269,-0.2172505640230674,-0.0343665376408577,0
-0.339439895775414,1.234244275826227,-0.419762441558433,-0.1448838105613269,-0.2172505640230674,0.7725582445718663,0
0.2441487634729998,-0.7336751370666157,-0.419762441558433,-0.1448838105613269,-0.2172505640230674,-0.0343665376408577,0
-0.7771313902117244,-1.4934571930455571,-0.0306643346086596,-0.1448838105613269,-0.2172505640230674,-0.0343665376408577,0
0.9736345875335172,-0.9021137231128408,-0.419762441558433,-0.1448838105613269,-0.2172505640230674,-0.0343665376408577,0
-1.5066172142722416,-0.0527249904424167,-1.1979586554579795,-0.1448838105613269,-0.2172505640230674,-2.7779107971641195,0
1.4113260819698277,-1.2791832390932178,-0.0306643346086596,-0.1448838105613269,-0.2172505640230674,-0.4378289287472198,0
0.462994510691155,-0.0664159513992937,1.1366299862406606,-0.1448838105613269,-0.2172505640230674,0.3690958534655043,0
-1.141874302241983,-1.268692516589608,1.1366299862406606,0.2450085319828013,-0.2172505640230674,-0.0343665376408577,0
-1.141874302241983,-0.8199963618548919,1.1366299862406606,-0.1448838105613269,-0.2172505640230674,-0.0343665376408577,0
-0.850079972617776,1.319249426221,-0.419762441558433,-0.1448838105613269,-0.2172505640230674,-0.0343665376408577,0
-0.339439895775414,-1.0418069720462866,1.1366299862406606,-0.1448838105613269,-0.2172505640230674,-0.0343665376408577,0
-0.6312342253996209,-0.159516379538278,0.3584337723411137,-0.1448838105613269,-0.2172505640230674,-0.0343665376408577,0
-1.214822884648035,1.0966813631412575,-0.419762441558433,-0.1448838105613269,-0.2172505640230674,-0.5992138851897646,0
-1.2877714670540863,1.4059493774534495,-0.419762441558433,-0.1448838105613269,-0.2172505640230674,-0.276443972304675,0
-1.0689257198359312,-1.4965722180488854,1.1366299862406606,-0.1448838105613269,-0.2172505640230674,-1.6482161020663058,0
1.557223246781931,-0.2276113942006979,-0.419762441558433,-0.1448838105613269,4.685914606447738,-0.0343665376408577,0
0.6088916755032585,-0.2131345758721606,-0.419762441558433,0.4787829912378462,-0.2172505640230674,-0.0343665376408577,0
1.4842746643758793,-0.2305938649485653,1.1366299862406606,13.267171353549536,-0.2172505640230674,0.2077108970229594,1
-0.4123884781814657,0.0550889600527132,-0.419762441558433,-0.1448838105613269,-0.2172505640230674,0.9339432010144112,0
-1.5066172142722416,-0.0510585940880527,-0.419762441558433,-0.1448838105613269,-0.2172505640230674,-1.2447537109599438,0
-0.4123884781814657,2.140148462128462,-2.754351083257073,-0.1448838105613269,-0.2172505640230674,-0.0343665376408577,0
1.4842746643758793,1.675375369838575,-1.9761548693575264,-0.1448838105613269,-0.2172505640230674,-0.8412913198535819,0
-0.9959771374298796,0.8006119654085173,-0.419762441558433,-0.1448838105613269,-0.2172505640230674,1.9829454178909525,0
0.9006860051274654,0.0756159333269243,-0.0306643346086596,-0.1448838105613269,-0.2172505640230674,0.3690958534655043,0
1.265428917157724,-0.0077038843912757,1.1366299862406606,1.0104421745350338,-0.2172505640230674,1.1760206356782283,0
-0.2664913133693622,-0.3393167589097121,0.3584337723411137,-0.1448838105613269,-0.2172505640230674,-0.4378289287472198,0
0.0982515986608963,-0.5493395085262024,-0.419762441558433,-0.1448838105613269,-0.2172505640230674,-0.0343665376408577,0
-1.360720049460138,0.1821516820729684,-0.0306643346086596,-0.1448838105613269,-0.2172505640230674,-0.0343665376408577,0
1.557223246781931,-0.89170821405917,-0.419762441558433,-0.1448838105613269,-0.2172505640230674,0.3690958534655043,0
0.3170973458790516,0.5621184553512739,0.3584337723411137,-0.1448838105613269,-0.2172505640230674,-0.3571364505259474,0
-0.1935427309633105,-0.0025153321060968,1.1366299862406606,-0.1448838105613269,4.685914606447738,-0.4378289287472198,0
-0.4853370605875174,1.335439981709423,-0.419762441558433,13.267171353549536,-0.2172505640230674,-0.0343665376408577,1
-0.7771313902117244,-0.129549649643039,-0.419762441558433,-0.1448838105613269,-0.2172505640230674,-0.0343665376408577,0
0.9006860051274654,0.3934999742440664,-0.419762441558433,-0.1448838105613269,-0.2172505640230674,0.3690958534655043,0
-1.2877714670540863,-0.1819180487111486,-0.0306643346086596,-0.1448838105613269,-0.2172505640230674,-0.4378289287472198,0
1.046583169939569,-0.824247566190741,-1.1979586554579795,-0.1448838105613269,-0.2172505640230674,-0.0343665376408577,0
-0.9959771374298796,-0.9538950961924813,-0.419762441558433,-0.1448838105613269,-0.2172505640230674,-0.0343665376408577,0
-0.6312342253996209,-1.177760297343518,-0.419762441558433,-0.1448838105613269,-0.2172505640230674,-0.0343665376408577,0
0.9006860051274654,-0.1484859718517208,-0.419762441558433,-0.1448838105613269,-0.2172505640230674,0.6111732881293215,0
1.4113260819698277,1.5754768020266738,1.1366299862406606,-0.1448838105613269,-0.2172505640230674,-0.0343665376408577,0
0.754788840315362,-1.0716790203304822,-0.419762441558433,-0.1448838105613269,-0.2172505640230674,-0.0343665376408577,0
-0.9230285550238276,1.3810575819101374,-0.419762441558433,-0.1448838105613269,-0.2172505640230674,-1.6482161020663058,0
0.754788840315362,-0.4772110572333332,-0.419762441558433,0.8339377635312247,-0.2172505640230674,-0.0343665376408577,0
-0.6312342253996209,-1.2787855763268354,1.1366299862406606,-0.1448838105613269,-0.2172505640230674,-0.0343665376408577,0
1.4842746643758793,1.7265223761242243,1.1366299862406606,-0.1448838105613269,-0.2172505640230674,-0.0343665376408577,0
0.3170973458790516,-1.383645460557411,-2.754351083257073,-0.1448838105613269,-0.2172505640230674,-0.0343665376408577,0
0.754788840315362,-1.187815484436328,-0.419762441558433,-0.1448838105613269,-0.2172505640230674,4.000257373422762,0
2.286709070842448,0.1700229676983077,-0.419762441558433,0.153939766730836,-0.2172505640230674,-1.3254461891812162,0
0.9006860051274654,-0.0803909571893009,1.1366299862406606,-0.1448838105613269,-0.2172505640230674,-1.2447537109599438,0
-0.7041828078056727,-0.8973701743995659,-0.0306643346086596,-0.1448838105613269,-0.2172505640230674,-0.0343665376408577,0
-0.9230285550238276,2.6026302594310984,-1.9761548693575264,-0.1448838105613269,-0.2172505640230674,0.3690958534655043,0
1.1924803347516724,-0.8645251235286072,1.1366299862406606,1.8701635077678724,-0.2172505640230674,1.1760206356782283,0
-0.2664913133693622,-0.0104780555948475,-0.419762441558433,-0.1448838105613269,-0.2172505640230674,0.7725582445718663,0
0.5359430930972068,-0.7805425345331033,-0.0306643346086596,-0.1448838105613269,4.098130010898126,-0.0343665376408577,0
0.8277374227214137,0.3097162166317536,-0.0306643346086596,-0.1448838105613269,-0.2172505640230674,-0.0343665376408577,0
-0.339439895775414,0.2230352017215125,1.1366299862406606,-0.1448838105613269,-0.2172505640230674,-0.0343665376408577,0
0.9006860051274654,0.0677762959325301,-0.0306643346086596,-0.1448838105613269,-0.2172505640230674,-0.1957514940834025,0
-0.7041828078056727,1.0322789313095309,-0.0306643346086596,-0.1448838105613269,-0.2172505640230674,-0.0343665376408577,0
-0.2664913133693622,-0.2194024985232343,1.9148262001402072,-0.1448838105613269,4.499906823045962,1.5794830267845903,0
-0.047645566151207,-0.6920246963686201,1.1366299862406606,-0.1448838105613269,-0.2172505640230674,-1.6482161020663058,0
0.3170973458790516,-0.0237240129798205,-0.419762441558433,-0.1448838105613269,-0.2172505640230674,0.7725582445718663,0
0.754788840315362,2.2113111609886884,1.5257280931904338,13.267171353549536,-0.2172505640230674,3.1933325912100385,1
-1.43366863186619,0.0467569782808932,-0.0306643346086596,-0.1448838105613269,-0.2172505640230674,-2.45514088427903,0
0.2441487634729998,-0.8414985557228502,2.3039243070899804,-0.1448838105613269,-0.2172505640230674,0.0463259405804146,0
-0.1935427309633105,-0.7877383369724024,1.1366299862406606,-0.1448838105613269,-0.2172505640230674,-0.0343665376408577,0
1.4113260819698277,-1.459513835486495,-0.0306643346086596,0.8862453017466392,-0.2172505640230674,-0.0343665376408577,0
-0.1935427309633105,-0.2497668911848556,-0.0306643346086596,-0.1448838105613269,-0.2172505640230674,-0.0343665376408577,0
-1.0689257198359312,0.7271295670777274,0.3584337723411137,-0.1448838105613269,-0.2172505640230674,-0.0343665376408577,0
0.462994510691155,-0.0308630064524936,-0.0306643346086596,-0.1448838105613269,-0.2172505640230674,-0.1957514940834025,0
0.8277374227214137,1.7197526409346209,-0.419762441558433,-0.1448838105613269,4.499906823045962,1.5794830267845903,0
-1.214822884648035,-0.0247844470235067,-1.1979586554579795,-0.1448838105613269,-0.2172505640230674,-0.8412913198535819,0
-0.7041828078056727,-0.1892369372448041,0.3584337723411137,-0.1448838105613269,-0.2172505640230674,-0.0343665376408577,0
1.4842746643758793,-0.1071479804701684,-0.419762441558433,-0.1448838105613269,-0.2172505640230674,0.7725582445718663,0
-0.850079972617776,1.0675572995843052,-0.0306643346086596,-0.1448838105613269,-0.2172505640230674,-0.0343665376408577,0
-0.4853370605875174,1.6192386426509375,1.1366299862406606,-0.1448838105613269,-0.2172505640230674,-0.0343665376408577,0
-0.4123884781814657,0.3498896241974721,-0.419762441558433,-0.1448838105613269,-0.2172505640230674,-0.0343665376408577,0
-0.9959771374298796,-0.9745072829166314,1.1366299862406606,-0.1448838105613269,-0.2172505640230674,-0.0343665376408577,0
-1.43366863186619,-0.7637460167340024,-0.0306643346086596,-0.1448838105613269,-0.2172505640230674,-1.6482161020663058,0
0.754788840315362,-1.3867415492385309,1.9148262001402072,-0.1448838105613269,-0.2172505640230674,1.1760206356782283,0
0.0253030162548446,0.4113663942479577,1.9148262001402072,-0.1448838105613269,-0.2172505640230674,-0.0343665376408577,0
-0.850079972617776,-0.8482588227513496,-0.419762441558433,-0.1448838105613269,-0.2172505640230674,1.5794830267845903,0
-1.214822884648035,0.3678033850068851,-0.419762441558433,-0.1448838105613269,-0.2172505640230674,-0.0343665376408577,0
0.462994510691155,-0.0068138772474676,1.5257280931904338,-0.1448838105613269,-0.2172505640230674,0.7725582445718663,0
0.0253030162548446,-0.7823698896262411,-0.419762441558433,-0.1448838105613269,-0.2172505640230674,-0.0343665376408577,0
-1.0689257198359312,-0.731042988279609,1.5257280931904338,-0.1448838105613269,-0.2172505640230674,0.3690958534655043,0
-0.6312342253996209,-0.1158208160417446,1.1366299862406606,-0.1448838105613269,-0.2172505640230674,-0.0343665376408577,0
1.265428917157724,0.1000343208150196,0.3584337723411137,-0.1448838105613269,-0.2172505640230674,0.6111732881293215,0
-1.360720049460138,-0.6391355484397716,-0.0306643346086596,-0.1448838105613269,-0.2172505640230674,-0.0343665376408577,0
0.3170973458790516,0.9860080279926168,1.9148262001402072,-0.1448838105613269,-0.2172505640230674,-1.6482161020663058,0
-1.141874302241983,0.3270997604193235,-1.1979586554579795,-0.1448838105613269,-0.2172505640230674,-0.0343665376408577,0
0.8277374227214137,-0.886292425907487,-0.419762441558433,-0.1448838105613269,-0.2172505640230674,-0.0343665376408577,0
1.1924803347516724,1.102987158436749,-0.419762441558433,-0.1448838105613269,-0.2172505640230674,-0.0343665376408577,0
1.1924803347516724,-0.0800027625840229,-0.419762441558433,-0.1448838105613269,-0.2172505640230674,0.7725582445718663,0
-0.4123884781814657,-0.5481465202270555,1.1366299862406606,-0.0222964004872529,-0.2172505640230674,-0.0343665376408577,0
-1.2877714670540863,-1.5135770353922815,-0.419762441558433,-0.1448838105613269,-0.2172505640230674,0.7725582445718663,0
-1.360720049460138,0.6327982779951788,-0.0306643346086596,-0.1448838105613269,-0.2172505640230674,-2.7779107971641195,0
1.265428917157724,1.6960064928849337,1.5257280931904338,-0.1448838105613269,-0.2172505640230674,-0.0343665376408577,0
1.8490175764061376,-0.0856457866022101,0.7475318792908872,-0.1448838105613269,-0.2172505640230674,-0.8412913198535819,0
-0.1935427309633105,-0.4957118440312154,-0.0306643346086596,-0.1448838105613269,-0.2172505640230674,1.5794830267845903,0
-0.2664913133693622,-1.0142072824271329,-0.419762441558433,-0.1448838105613269,-0.2172505640230674,-0.4378289287472198,0
-0.5582856429935692,0.1880314101187641,-1.1979586554579795,-0.1448838105613269,-0.2172505640230674,-0.0343665376408577,0
-0.047645566151207,1.3700082379013716,-0.0306643346086596,-0.1448838105613269,-0.2172505640230674,-2.051678493172668,0
1.1195317523456203,2.457814735340204,-0.419762441558433,-0.1448838105613269,-0.2172505640230674,-0.0343665376408577,0
1.9219661588121892,0.0046425976887848,-0.0306643346086596,-0.1448838105613269,4.604071181750956,-1.6482161020663058,0
-1.360720049460138,0.2801850221473143,-1.9761548693575264,-0.1448838105613269,-0.2172505640230674,0.7725582445718663,0
0.1712001810669481,1.720481689339655,-0.0306643346086596,-0.1448838105613269,-0.2172505640230674,-0.0343665376408577,0
0.5359430930972068,-0.2110326441069969,-0.419762441558433,-0.1448838105613269,-0.2172505640230674,-0.0343665376408577,0
1.9949147412182413,-0.5781321864445031,-0.419762441558433,-0.1448838105613269,-0.2172505640230674,-0.0343665376408577,0
0.9006860051274654,0.5886482427656371,0.3584337723411137,-0.1448838105613269,-0.2172505640230674,0.2077108970229594,0
-1.0689257198359312,-1.130580450560587,-0.419762441558433,-0.1448838105613269,-0.2172505640230674,-0.0343665376408577,0
2.578503400466655,0.1610755554547055,-0.0306643346086596,-0.1448838105613269,3.8699604632586153,-0.4378289287472198,0
1.1195317523456203,-1.580488529916659,-0.0306643346086596,1.8701635077678724,-0.2172505640230674,1.5794830267845903,0
-0.339439895775414,0.0550889600527132,-0.419762441558433,-0.1448838105613269,-0.2172505640230674,-0.0343665376408577,0
-0.339439895775414,0.1895652522176673,0.3584337723411137,0.4433748115227963,-0.2172505640230674,0.7725582445718663,0
1.557223246781931,-0.5131711331076201,-2.754351083257073,-0.1448838105613269,-0.2172505640230674,-0.0343665376408577,0
-0.339439895775414,0.7788825356740549,1.1366299862406606,-0.1448838105613269,4.100610114676817,0.3690958534655043,0
1.265428917157724,-0.6164119617893534,-2.754351083257073,-0.1448838105613269,-0.2172505640230674,-0.0343665376408577,0
-0.7041828078056727,0.0715067514076404,1.1366299862406606,-0.1448838105613269,-0.2172505640230674,-0.0343665376408577,0
-1.43366863186619,-0.2529481933159142,-0.0306643346086596,-0.1448838105613269,-0.2172505640230674,-0.0343665376408577,0
0.5359430930972068,-0.4244165909155282,-0.419762441558433,-0.1448838105613269,-0.2172505640230674,0.127018418801687,0
1.265428917157724,0.7140540365926326,-0.419762441558433,-0.1448838105613269,-0.2172505640230674,0.7725582445718663,0
-1.43366863186619,1.203662115459206,-2.3652529763073,-0.1448838105613269,-0.2172505640230674,0.3690958534655043,0
-1.43366863186619,1.115598749027731,-0.0306643346086596,-0.1448838105613269,-0.2172505640230674,-1.4061386674024887,0
-0.1205941485572587,-0.4015604500096493,-1.9761548693575264,-0.1448838105613269,-0.2172505640230674,0.7725582445718663,0
-0.7041828078056727,-0.9348451560505472,1.1366299862406606,-0.1448838105613269,-0.2172505640230674,1.90225293966968,0
0.754788840315362,1.1959645004813768,-0.419762441558433,-0.1448838105613269,-0.2172505640230674,-0.0343665376408577,0
-1.360720049460138,-0.0070695175972848,-0.0306643346086596,-0.1448838105613269,-0.2172505640230674,-0.276443972304675,0
-0.5582856429935692,-0.1276749537443795,1.1366299862406606,0.4001875620218643,-0.2172505640230674,-0.0343665376408577,0
-0.850079972617776,-0.6048134644365358,1.1366299862406606,-0.1448838105613269,-0.2172505640230674,-2.051678493172668,0
3.0161948949029656,0.5710563994337717,-2.3652529763073,-0.1448838105613269,-0.2172505640230674,-1.3254461891812162,0
-0.9959771374298796,0.1723710716521842,-2.3652529763073,-0.1448838105613269,-0.2172505640230674,-0.0343665376408577,0
0.3170973458790516,1.3303177065519745,-0.419762441558433,-0.1448838105613269,-0.2172505640230674,-0.0343665376408577,0
0.5359430930972068,-1.4850305296626938,-0.419762441558433,-0.1448838105613269,-0.2172505640230674,-0.0343665376408577,0
1.4113260819698277,-0.0310997104801021,2.3039243070899804,-0.1448838105613269,-0.2172505640230674,-2.616525840721575,0
-0.6312342253996209,1.572844653239667,-0.419762441558433,-0.1448838105613269,-0.2172505640230674,0.7725582445718663,0
0.6088916755032585,-0.1408451658405177,1.5257280931904338,-0.1448838105613269,-0.2172505640230674,-0.0343665376408577,0
-0.4123884781814657,-0.1618171426866328,-0.419762441558433,-0.1448838105613269,-0.2172505640230674,-0.0343665376408577,0
0.9006860051274654,0.2459576197551218,-0.419762441558433,-0.1448838105613269,-0.2172505640230674,0.2077108970229594,0
1.265428917157724,-1.4066814965242729,1.5257280931904338,-0.1448838105613269,-0.2172505640230674,-0.0343665376408577,0
0.9006860051274654,-0.2140245830159687,-0.419762441558433,-0.1448838105613269,-0.2172505640230674,-0.0343665376408577,0
0.1712001810669481,1.2410329473380397,1.1366299862406606,-0.1448838105613269,-0.2172505640230674,-0.0343665376408577,0
-0.7041828078056727,-1.3545213970004586,-1.5870567624077532,-0.1448838105613269,-0.2172505640230674,-0.0343665376408577,0
-1.43366863186619,-0.2105876405350929,-0.419762441558433,-0.1448838105613269,-0.2172505640230674,-0.8412913198535819,0
0.0982515986608963,0.0797819242128344,-0.419762441558433,-0.1448838105613269,-0.2172505640230674,-0.0343665376408577,0
-1.360720049460138,-0.572157776787664,-0.0306643346086596,-0.1448838105613269,-0.2172505640230674,-1.6482161020663058,0
-0.4853370605875174,0.1001384705871673,-0.0306643346086596,-0.1448838105613269,-0.2172505640230674,-0.0343665376408577,0
0.6818402579093102,-0.0428591665716935,1.5257280931904338,-0.1448838105613269,-0.2172505640230674,-0.0343665376408577,0
-0.2664913133693622,-1.013544511149829,-0.0306643346086596,-0.1448838105613269,-0.2172505640230674,3.1933325912100385,0
-1.5795657966782934,-0.1760099161820399,-0.8088605485082063,-0.1448838105613269,-0.2172505640230674,-1.6482161020663058,0
-0.2664913133693622,-0.7480004648174835,-0.419762441558433,-0.1448838105613269,-0.2172505640230674,-0.4378289287472198,0
-1.360720049460138,0.9190207881794048,-0.0306643346086596,-0.1448838105613269,-0.2172505640230674,-0.4378289287472198,0
0.3900459282851033,-0.7786299659900264,-0.0306643346086596,-0.1448838105613269,-0.2172505640230674,1.1760206356782283,0
-1.360720049460138,0.0663560717668789,-0.8088605485082063,-0.1448838105613269,-0.2172505640230674,-0.0343665376408577,0
2.1408119060303448,-1.1539668084883092,1.5257280931904338,-0.1448838105613269,-0.2172505640230674,0.3690958534655043,0
-0.1935427309633105,-0.8014671705736968,-0.0306643346086596,-0.1448838105613269,-0.2172505640230674,1.1760206356782283,0
1.4842746643758793,-0.8825335659490636,-1.1979586554579795,-0.1448838105613269,-0.2172505640230674,-0.0343665376408577,0
-0.6312342253996209,-0.3854551079711654,-0.0306643346086596,-0.1448838105613269,-0.2172505640230674,-0.4378289287472198,0
0.0982515986608963,-0.3469007559542891,1.5257280931904338,0.8339377635312247,-0.2172505640230674,-0.4378289287472198,0
-0.2664913133693622,-0.2201694195726859,-0.419762441558433,-0.1448838105613269,-0.2172505640230674,4.726489677414214,0
2.651451982872707,-0.0272461689106353,-0.419762441558433,-0.1448838105613269,-0.2172505640230674,-1.970986014951396,0
0.0253030162548446,1.062302470171396,1.1366299862406606,-0.1448838105613269,-0.2172505640230674,-1.3254461891812162,0
-0.6312342253996209,1.9787731242660755,-0.419762441558433,-0.1448838105613269,-0.2172505640230674,-0.0343665376408577,0
-0.7771313902117244,-0.5396346433942529,0.3584337723411137,-0.1448838105613269,-0.2172505640230674,-0.0343665376408577,0
-1.141874302241983,2.343287858622096,-0.0306643346086596,-0.1448838105613269,-0.2172505640230674,-0.0343665376408577,0
1.7760689940000862,0.78907974518343,-0.419762441558433,0.3206532795558623,-0.2172505640230674,-0.0343665376408577,0
-0.5582856429935692,-0.0709417324071687,1.1366299862406606,-0.1448838105613269,-0.2172505640230674,-0.0343665376408577,0
0.2441487634729998,0.1141229445382789,-0.419762441558433,-0.1448838105613269,-0.2172505640230674,-0.0343665376408577,0
1.4842746643758793,-0.306433835394336,-3.53254729715662,-0.1448838105613269,-0.2172505640230674,-0.0343665376408577,0
-0.9230285550238276,-1.5322861217344592,1.1366299862406606,-0.1448838105613269,-0.2172505640230674,-0.0343665376408577,0
0.8277374227214137,-0.2201410150893729,-1.1979586554579795,0.3478800238064498,-0.2172505640230674,-0.0343665376408577,0
-0.1935427309633105,-0.2701991828480233,-0.0306643346086596,-0.1448838105613269,-0.2172505640230674,1.256713113899501,0
0.1712001810669481,-0.217840251941018,1.9148262001402072,-0.1448838105613269,-0.2172505640230674,0.7725582445718663,0
-1.0689257198359312,-0.5872405574268791,-0.0306643346086596,-0.1448838105613269,-0.2172505640230674,-0.4378289287472198,0
-1.5066172142722416,-1.5691551410747628,-0.0306643346086596,-0.1448838105613269,-0.2172505640230674,-0.0343665376408577,0
-0.6312342253996209,-0.2150092717708201,-0.0306643346086596,-0.1448838105613269,-0.2172505640230674,-1.6482161020663058,0
-0.047645566151207,1.3632385027117675,1.1366299862406606,1.8701635077678724,-0.2172505640230674,2.386407808997314,0
1.6301718291879828,-0.3397144216760944,-0.419762441558433,-0.1448838105613269,-0.2172505640230674,-0.0343665376408577,0
-1.141874302241983,-1.2963490151753878,-0.419762441558433,-0.1448838105613269,-0.2172505640230674,0.7725582445718663,0
-0.1205941485572587,0.6591197658652466,-0.419762441558433,-0.1448838105613269,-0.2172505640230674,0.7725582445718663,0
0.9736345875335172,-0.8111815038667505,-0.419762441558433,-0.1448838105613269,-0.2172505640230674,-0.0343665376408577,0
-0.047645566151207,-0.2886905014848012,-0.419762441558433,-0.1448838105613269,-0.2172505640230674,-0.0343665376408577,0
-1.0689257198359312,-0.7142748749638211,-0.419762441558433,-0.1448838105613269,-0.2172505640230674,-0.0343665376408577,0
-1.43366863186619,1.5568908017788523,-0.419762441558433,-0.1448838105613269,-0.2172505640230674,-0.4378289287472198,0
0.1712001810669481,2.002178418516006,1.1366299862406606,-0.1448838105613269,-0.2172505640230674,-0.0343665376408577,0
2.1408119060303448,-0.0332016422452658,-3.1434491902068467,-0.1448838105613269,-0.2172505640230674,-0.0343665376408577,0
1.046583169939569,3.799301673247643,2.3039243070899804,-0.1448838105613269,3.274735556372933,-0.0343665376408577,0
-0.1205941485572587,0.0392487265251509,0.7475318792908872,-0.1448838105613269,-0.2172505640230674,0.3690958534655043,0
1.3383774995637758,0.4577603836592282,-0.419762441558433,-0.1448838105613269,-0.2172505640230674,1.095328157456956,0
0.0253030162548446,-0.5377031385289673,-0.0306643346086596,-0.1448838105613269,-0.2172505640230674,0.7725582445718663,0
-1.43366863186619,-0.4509937191354132,-1.1979586554579795,-0.1448838105613269,-0.2172505640230674,-0.8412913198535819,0
0.9736345875335172,-1.107080474699613,-0.419762441558433,-0.1448838105613269,-0.2172505640230674,0.7725582445718663,0
0.3900459282851033,-0.5877613062876178,1.1366299862406606,-0.1448838105613269,-0.2172505640230674,-0.0343665376408577,0
0.2441487634729998,-0.6079379576009684,1.1366299862406606,0.4787829912378462,-0.2172505640230674,-0.4378289287472198,0
-0.1205941485572587,1.4047279846709897,1.5257280931904338,-0.1448838105613269,-0.2172505640230674,-0.0343665376408577,0
-1.5795657966782934,-0.5574347862704139,-1.5870567624077532,-0.1448838105613269,-0.2172505640230674,-1.6482161020663058,0
-1.141874302241983,-1.1127613713622175,1.1366299862406606,-0.1448838105613269,-0.2172505640230674,-0.0343665376408577,0
0.462994510691155,-0.1781875932360383,-0.419762441558433,-0.1448838105613269,-0.2172505640230674,0.2884033752442319,0
-0.6312342253996209,-0.7484360002282833,1.1366299862406606,-0.1448838105613269,-0.2172505640230674,-0.0343665376408577,0
-0.5582856429935692,-0.1531443071150565,-0.419762441558433,-0.1448838105613269,-0.2172505640230674,-0.0343665376408577,0
1.046583169939569,-0.8881671218061465,2.3039243070899804,1.8701635077678724,-0.2172505640230674,0.7725582445718663,0
1.6301718291879828,-0.1727055279566249,-1.1979586554579795,-0.1448838105613269,-0.2172505640230674,-0.3571364505259474,0
-0.7041828078056727,-0.7350953612322668,-0.419762441558433,-0.1448838105613269,-0.2172505640230674,0.7725582445718663,0
-0.2664913133693622,0.3546615773940599,-0.419762441558433,-0.1448838105613269,-0.2172505640230674,-0.0343665376408577,0
-1.2877714670540863,2.011665515942556,-0.0306643346086596,-0.1448838105613269,-0.2172505640230674,-1.6482161020663058,0
0.5359430930972068,9.788035870120857e-05,1.5257280931904338,-0.1448838105613269,-0.2172505640230674,-0.0343665376408577,0
0.9006860051274654,-0.4434381265741491,-1.1979586554579795,-0.1448838105613269,-0.2172505640230674,-0.0343665376408577,0
2.067863323624293,0.2181022897861509,1.5257280931904338,-0.1448838105613269,-0.2172505640230674,1.1760206356782283,0
0.754788840315362,-0.3830785995339758,-0.419762441558433,-0.1448838105613269,-0.2172505640230674,-0.0343665376408577,0
0.3170973458790516,1.2038798831646058,-0.0306643346086596,-0.1448838105613269,-0.2172505640230674,3.516102504095128,0
-1.0689257198359312,-0.5970306360087676,1.1366299862406606,-0.1448838105613269,-0.2172505640230674,-2.616525840721575,0
-0.4853370605875174,0.5818216986094074,-0.0306643346086596,-0.1448838105613269,-0.2172505640230674,-0.0343665376408577,0
-0.5582856429935692,-0.4719656959815284,-0.419762441558433,-0.1448838105613269,-0.2172505640230674,-0.0343665376408577,0
0.2441487634729998,-0.2619524145261424,-0.419762441558433,-0.1448838105613269,-0.2172505640230674,1.1760206356782283,0
-1.5795657966782934,-1.4130062281419724,-1.5870567624077532,-0.1448838105613269,-0.2172505640230674,-2.939295753606664,0
0.0253030162548446,-0.8559185650847614,-0.419762441558433,-0.1448838105613269,-0.2172505640230674,-0.0343665376408577,0
-1.0689257198359312,-0.4903907374905758,-0.419762441558433,-0.1448838105613269,-0.2172505640230674,0.7725582445718663,0
0.3900459282851033,-0.7551583946123652,1.1366299862406606,-0.1448838105613269,-0.2172505640230674,-1.970986014951396,0
1.4842746643758793,-0.1734061718783461,1.5257280931904338,-0.1448838105613269,-0.2172505640230674,1.1760206356782283,0
-0.4853370605875174,0.1541448615263279,-0.419762441558433,-0.1448838105613269,-0.2172505640230674,-0.0343665376408577,0
0.462994510691155,-0.2792791493470863,1.5257280931904338,0.8862453017466392,-0.2172505640230674,0.7725582445718663,0
0.462994510691155,-1.5052450536204616,-2.3652529763073,-0.1448838105613269,-0.2172505640230674,-2.45514088427903,0
-0.6312342253996209,0.5788297597004356,-0.419762441558433,-0.1448838105613269,-0.2172505640230674,-0.0343665376408577,0
-0.1935427309633105,-0.1973511513112243,-1.5870567624077532,-0.1448838105613269,-0.2172505640230674,-0.0343665376408577,0
-0.7771313902117244,0.8370170448547082,-0.419762441558433,-0.1448838105613269,-0.2172505640230674,-0.8412913198535819,0
-0.047645566151207,2.9232127262629777,-0.0306643346086596,-0.1448838105613269,-0.2172505640230674,-0.0343665376408577,0
-0.047645566151207,-0.8462136999528119,-2.3652529763073,-0.1448838105613269,-0.2172505640230674,0.7725582445718663,0
0.754788840315362,1.098186800756848,-2.3652529763073,-0.1448838105613269,-0.2172505640230674,-0.0343665376408577,0
1.9949147412182413,-0.7022692466835169,1.1366299862406606,13.267171353549536,-0.2172505640230674,1.1760206356782283,1
-0.047645566151207,1.2542789047230125,1.1366299862406606,-0.1448838105613269,-0.2172505640230674,-2.45514088427903,0
0.1712001810669481,-1.368278635085066,-0.419762441558433,0.146697184516394,-0.2172505640230674,0.0463259405804146,0
-1.0689257198359312,-1.384194613901463,1.1366299862406606,-0.1448838105613269,-0.2172505640230674,-0.0343665376408577,0
-0.339439895775414,-0.4987132511012914,-0.419762441558433,-0.1448838105613269,-0.2172505640230674,-0.4378289287472198,0
0.2441487634729998,-1.2504568383026475,-0.419762441558433,-0.1448838105613269,-0.2172505640230674,0.3690958534655043,0
-0.1935427309633105,-0.1394817506414926,1.1366299862406606,-0.1448838105613269,-0.2172505640230674,-1.6482161020663058,0
-0.4123884781814657,-0.6225283938627577,-0.0306643346086596,-0.1448838105613269,-0.2172505640230674,-0.0343665376408577,0
0.2441487634729998,0.6248734271508455,-0.0306643346086596,-0.1448838105613269,-0.2172505640230674,0.7725582445718663,0
-0.4853370605875174,-1.0991082830497578,0.3584337723411137,-0.1448838105613269,-0.2172505640230674,-0.0343665376408577,0
-1.43366863186619,3.64146742763828,-0.419762441558433,-0.1448838105613269,-0.2172505640230674,-1.0026762762961263,0
-0.6312342253996209,0.1288364668944246,-0.419762441558433,-0.1448838105613269,-0.2172505640230674,1.5794830267845903,0
-0.4123884781814657,-0.7543630690796006,0.7475318792908872,-0.1448838105613269,-0.2172505640230674,-0.0343665376408577,0
-0.7771313902117244,-0.1488931027792075,1.5257280931904338,-0.1448838105613269,-0.2172505640230674,-0.0343665376408577,0
-0.7771313902117244,-1.0148132447378106,-0.419762441558433,-0.1448838105613269,-0.2172505640230674,-0.0343665376408577,0
-1.5795657966782934,-0.2621607140704379,-1.5870567624077532,-0.1448838105613269,-0.2172505640230674,-0.0343665376408577,0
0.5359430930972068,-0.6390313986676239,1.1366299862406606,-0.1448838105613269,-0.2172505640230674,1.5794830267845903,0
-1.5066172142722416,-0.3849059546271136,-0.8088605485082063,-0.1448838105613269,-0.2172505640230674,-2.45514088427903,0
0.6088916755032585,-0.6851129387624512,-0.419762441558433,-0.1448838105613269,4.435424124800013,0.6111732881293215,0
-0.5582856429935692,0.6388957737463744,1.1366299862406606,-0.1448838105613269,-0.2172505640230674,-0.4378289287472198,0
2.651451982872707,-1.119938237479308,-0.419762441558433,-0.1448838105613269,-0.2172505640230674,-1.6482161020663058,0
-1.360720049460138,0.5255997579718309,-0.0306643346086596,-0.1448838105613269,-0.2172505640230674,-2.45514088427903,0
1.265428917157724,0.2196077274017411,1.1366299862406606,-0.1448838105613269,-0.2172505640230674,-0.0343665376408577,0
0.754788840315362,0.4893177646199965,-0.419762441558433,0.5495993506679457,-0.2172505640230674,-0.0343665376408577,0
0.3170973458790516,-1.6072739576808397,-0.0306643346086596,-0.1448838105613269,-0.2172505640230674,-2.051678493172668,0
2.286709070842448,1.2717381937994172,-2.3652529763073,-0.1448838105613269,-0.2172505640230674,-2.616525840721575,0
-0.1935427309633105,-1.1444323702562378,-0.419762441558433,-0.1448838105613269,-0.2172505640230674,-0.8412913198535819,0
-0.1205941485572587,0.250710636629501,-1.1979586554579795,-0.1448838105613269,-0.2172505640230674,0.3690958534655043,0
-0.2664913133693622,-1.5675834263314423,-0.0306643346086596,-0.1448838105613269,-0.2172505640230674,-0.0343665376408577,0
0.5359430930972068,-0.203174070390394,-0.0306643346086596,0.5274692383460396,-0.2172505640230674,1.5794830267845903,0
-0.5582856429935692,2.43036653629872,-0.0306643346086596,-0.1448838105613269,-0.2172505640230674,-0.0343665376408577,0
-0.2664913133693622,-0.0193591907107193,-0.0306643346086596,-0.1448838105613269,-0.2172505640230674,-0.0343665376408577,0
-0.7041828078056727,0.2122888388680855,-0.0306643346086596,-0.1448838105613269,-0.2172505640230674,-0.0343665376408577,0
0.754788840315362,-0.7011804081565177,-1.9761548693575264,-0.1448838105613269,-0.2172505640230674,-0.0343665376408577,0
-1.360720049460138,-0.7743787616541773,-0.0306643346086596,-0.1448838105613269,-0.2172505640230674,-1.6482161020663058,0
2.432606235654552,-0.7092472814174161,-2.3652529763073,-0.1448838105613269,-0.2172505640230674,-1.6482161020663058,0
-1.214822884648035,-0.8467817896190724,-0.419762441558433,-0.1448838105613269,-0.2172505640230674,-0.0343665376408577,0
0.9736345875335172,0.7240145420743993,1.1366299862406606,-0.1448838105613269,-0.2172505640230674,-0.0343665376408577,0
0.3900459282851033,-0.8195513582829879,1.9148262001402072,-0.1448838105613269,-0.2172505640230674,1.5794830267845903,0
-0.850079972617776,-0.5384037824506887,-1.5870567624077532,-0.1448838105613269,4.693354917783808,-0.0343665376408577,0
0.462994510691155,-1.2836143384900494,0.3584337723411137,-0.1448838105613269,-0.2172505640230674,0.7725582445718663,0
-0.2664913133693622,-1.0142072824271329,0.7475318792908872,-0.1448838105613269,-0.2172505640230674,-0.0343665376408577,0
1.1195317523456203,-1.3564907745101615,-0.0306643346086596,-0.1448838105613269,-0.2172505640230674,0.5304808099080491,0
-1.43366863186619,0.4176343168990314,-0.0306643346086596,-0.1448838105613269,-0.2172505640230674,1.5794830267845903,0
-0.9230285550238276,-0.8275708907383647,-0.419762441558433,-0.1448838105613269,-0.2172505640230674,-0.0343665376408577,0
-0.1935427309633105,-0.0474796291906119,-1.5870567624077532,-0.1448838105613269,-0.2172505640230674,0.6111732881293215,0
0.462994510691155,-0.1775721627642561,-0.419762441558433,0.5076191982027541,-0.2172505640230674,-0.0343665376408577,0
0.1712001810669481,0.3429589302690946,-0.0306643346086596,-0.1448838105613269,-0.2172505640230674,0.6111732881293215,0
-0.2664913133693622,0.1345741725236552,-0.0306643346086596,-0.1448838105613269,-0.2172505640230674,-0.0343665376408577,0
-0.9959771374298796,-0.5119118676807427,-0.419762441558433,-0.1448838105613269,-0.2172505640230674,-0.0343665376408577,0
-0.1205941485572587,1.545320708909348,-0.419762441558433,-0.1448838105613269,-0.2172505640230674,2.386407808997314,0
-1.5066172142722416,-0.6539721568902739,-1.1979586554579795,-0.1448838105613269,-0.2172505640230674,-0.0343665376408577,0
1.265428917157724,-0.6144709887629636,-0.419762441558433,-0.1448838105613269,-0.2172505640230674,-0.0343665376408577,0
-0.9230285550238276,-1.164883598241614,1.1366299862406606,-0.1448838105613269,-0.2172505640230674,0.7725582445718663,0
-0.7771313902117244,0.3608158821118816,0.3584337723411137,-0.1448838105613269,-0.2172505640230674,-0.0343665376408577,0
-1.5066172142722416,0.3584583099969007,-0.419762441558433,-0.1448838105613269,-0.2172505640230674,-0.0343665376408577,0
-0.9230285550238276,0.8536810083983482,1.1366299862406606,-0.1448838105613269,5.382823768259723,0.3690958534655043,0
1.8490175764061376,-0.4497723263529533,-0.419762441558433,-0.1448838105613269,-0.2172505640230674,4.726489677414214,0
0.754788840315362,-0.0192739772607803,1.1366299862406606,-0.1448838105613269,-0.2172505640230674,0.7725582445718663,0
-0.339439895775414,1.4873755629507817,-1.1979586554579795,-0.1448838105613269,-0.2172505640230674,3.516102504095128,0
1.1195317523456203,-0.0115858304440554,-0.419762441558433,-0.1448838105613269,-0.2172505640230674,-0.0343665376408577,0
0.0253030162548446,-0.7277007274097766,-0.419762441558433,-0.1448838105613269,-0.2172505640230674,-0.0343665376408577,0
2.943246312496914,-0.8766349015810593,-0.8088605485082063,2.333822891385021,-0.2172505640230674,0.3690958534655043,0
0.1712001810669481,0.9829403437948104,-0.0306643346086596,0.2712964229833686,-0.2172505640230674,-0.0343665376408577,0
0.1712001810669481,0.1599677806054976,-0.0306643346086596,-0.1448838105613269,-0.2172505640230674,0.3690958534655043,0
-1.2877714670540863,-1.0537652595210691,-0.419762441558433,-0.1448838105613269,-0.2172505640230674,-1.3254461891812162,0
0.5359430930972068,-0.8271542916497736,-0.419762441558433,-0.1448838105613269,-0.2172505640230674,1.256713113899501,0
-0.9959771374298796,0.070635680586041,-0.419762441558433,-0.1448838105613269,-0.2172505640230674,-0.8412913198535819,0
-0.047645566151207,-1.4920275007188015,-0.0306643346086596,-0.1448838105613269,-0.2172505640230674,0.9339432010144112,0
0.0253030162548446,1.4562631855619173,-0.419762441558433,-0.1448838105613269,-0.2172505640230674,-0.8412913198535819,0
1.1924803347516724,-1.2950708134263018,1.9148262001402072,-0.1448838105613269,-0.2172505640230674,-2.45514088427903,0
-0.1935427309633105,-1.3531295773181204,-0.0306643346086596,-0.1448838105613269,-0.2172505640230674,0.7725582445718663,0
0.3900459282851033,6.630509079312081,-0.419762441558433,0.2758565673406098,-0.2172505640230674,-0.8412913198535819,0
-1.43366863186619,1.8962107594362223,-0.419762441558433,-0.1448838105613269,-0.2172505640230674,-0.0343665376408577,0
0.462994510691155,-1.361641454150923,-0.419762441558433,-0.1448838105613269,-0.2172505640230674,-1.0026762762961263,0
1.046583169939569,0.7667822257827072,-0.8088605485082063,-0.1448838105613269,-0.2172505640230674,0.3690958534655043,0
-0.1935427309633105,-0.5964436100202984,1.1366299862406606,-0.1448838105613269,-0.2172505640230674,0.3690958534655043,0
0.1712001810669481,-0.7772002736632709,-0.419762441558433,-0.1448838105613269,-0.2172505640230674,-0.0343665376408577,0
-1.0689257198359312,-1.2494058724200656,1.5257280931904338,-0.1448838105613269,-0.2172505640230674,-0.4378289287472198,0
-0.5582856429935692,-0.5913308030239544,-0.0306643346086596,-0.1448838105613269,-0.2172505640230674,-0.0343665376408577,0
1.7760689940000862,-0.3779089835710056,0.7475318792908872,-0.1448838105613269,-0.2172505640230674,-0.0343665376408577,0
-1.0689257198359312,2.6021568513758813,0.7475318792908872,-0.1448838105613269,-0.2172505640230674,-0.0343665376408577,0
-0.2664913133693622,-0.7439575600259299,-0.419762441558433,-0.1448838105613269,-0.2172505640230674,0.7725582445718663,0
-0.4123884781814657,-0.9265415787620402,-0.419762441558433,-0.1448838105613269,-0.2172505640230674,-0.0343665376408577,0
-0.1935427309633105,-0.1376638637094591,-1.1979586554579795,-0.1448838105613269,-0.2172505640230674,-0.0343665376408577,0
-1.141874302241983,0.3340777951532228,-0.0306643346086596,-0.1448838105613269,-0.2172505640230674,-1.2447537109599438,0
1.265428917157724,0.4311359146338215,-0.419762441558433,-0.1448838105613269,-0.2172505640230674,-0.0343665376408577,0
1.1924803347516724,-0.4393573491381782,0.3584337723411137,-0.1448838105613269,-0.2172505640230674,0.7725582445718663,0
1.1924803347516724,2.1924316477466324,1.5257280931904338,-0.1448838105613269,-0.2172505640230674,-0.0343665376408577,0
-1.2877714670540863,1.102513750381532,-0.419762441558433,-0.1448838105613269,-0.2172505640230674,-0.4378289287472198,0
1.6301718291879828,0.1578279761959166,-1.5870567624077532,-0.1448838105613269,-0.2172505640230674,-0.0343665376408577,0
-0.1935427309633105,-0.6360394597586522,-0.419762441558433,-0.1448838105613269,-0.2172505640230674,0.5304808099080491,0
1.1195317523456203,0.375936535395514,-0.0306643346086596,-0.1448838105613269,-0.2172505640230674,-0.0343665376408577,0
0.8277374227214137,-1.014074728171672,1.5257280931904338,-0.1448838105613269,-0.2172505640230674,0.3690958534655043,0
-0.1205941485572587,0.0640458404574197,-0.0306643346086596,-0.1448838105613269,-0.2172505640230674,-0.0343665376408577,0
-0.9230285550238276,0.2038432391630134,-1.5870567624077532,-0.1448838105613269,-0.2172505640230674,-0.0343665376408577,0
-0.6312342253996209,1.0115720629743372,-2.3652529763073,-0.1448838105613269,-0.2172505640230674,0.3690958534655043,0
-1.141874302241983,-1.1243504005539309,1.1366299862406606,-0.1448838105613269,-0.2172505640230674,-0.0343665376408577,0
-0.1935427309633105,-0.7638217620228372,-0.419762441558433,-0.1448838105613269,-0.2172505640230674,-0.0343665376408577,0
0.9006860051274654,-1.4616441717349715,-0.419762441558433,-0.1448838105613269,-0.2172505640230674,0.3690958534655043,0
0.6818402579093102,-0.55727382753164,-0.419762441558433,-0.1448838105613269,-0.2172505640230674,-0.0343665376408577,0
-0.4853370605875174,1.6778181554034948,-0.419762441558433,-0.1448838105613269,-0.2172505640230674,-0.0343665376408577,0
0.0982515986608963,-1.2539316534279406,-0.419762441558433,-0.1448838105613269,-0.2172505640230674,1.5794830267845903,0
0.6818402579093102,0.0483097567020051,0.7475318792908872,-0.1448838105613269,4.499906823045962,-0.0343665376408577,0
2.1408119060303448,-0.124995464151851,-0.419762441558433,-0.1448838105613269,-0.2172505640230674,-1.3254461891812162,0
-1.5066172142722416,-0.3982087209787126,-0.419762441558433,-0.1448838105613269,-0.2172505640230674,-2.616525840721575,0
0.1712001810669481,0.1245284535919495,-0.419762441558433,-0.1448838105613269,-0.2172505640230674,-0.6799063634110369,0
2.067863323624293,-0.3707131811317066,-2.3652529763073,-0.1448838105613269,-0.2172505640230674,-1.3254461891812162,0
1.1195317523456203,-0.2197622886451992,1.9148262001402072,13.267171353549536,-0.2172505640230674,1.5794830267845903,1
-1.214822884648035,0.0158339641141158,1.1366299862406606,-0.1448838105613269,-0.2172505640230674,0.7725582445718663,0
0.3170973458790516,0.8053744504440008,1.1366299862406606,-0.1448838105613269,-0.2172505640230674,-0.0343665376408577,0
0.6088916755032585,0.0807666129676858,1.1366299862406606,-0.1448838105613269,-0.2172505640230674,0.7725582445718663,0
0.2441487634729998,-0.6433772846145164,-0.0306643346086596,-0.1448838105613269,-0.2172505640230674,-0.0343665376408577,0
-1.0689257198359312,-0.951698482816274,-1.9761548693575264,-0.1448838105613269,-0.2172505640230674,-0.0343665376408577,0
-0.850079972617776,0.4781642708390829,1.1366299862406606,-0.1448838105613269,-0.2172505640230674,-0.0343665376408577,0
0.5359430930972068,0.0251222301574742,-0.419762441558433,-0.1448838105613269,-0.2172505640230674,-0.0343665376408577,0
0.462994510691155,0.4629678722666157,1.1366299862406606,-0.1448838105613269,-0.2172505640230674,-0.0343665376408577,0
0.1712001810669481,0.3056070347124696,-0.0306643346086596,-0.1448838105613269,4.462705266365607,0.7725582445718663,0
1.046583169939569,0.1353694980564199,-0.419762441558433,-0.1448838105613269,-0.2172505640230674,-0.0343665376408577,0
-0.047645566151207,-0.4691725884557478,-0.0306643346086596,-0.1448838105613269,-0.2172505640230674,-1.6482161020663058,0
-1.0689257198359312,-0.7669178507039567,0.3584337723411137,-0.1448838105613269,-0.2172505640230674,-0.6799063634110369,0
-0.339439895775414,2.4661845897564416,1.1366299862406606,1.8701635077678724,-0.2172505640230674,-0.4378289287472198,0
-1.214822884648035,-0.2797809618856163,-1.5870567624077532,-0.1448838105613269,-0.2172505640230674,-0.8412913198535819,0
0.8277374227214137,-0.4958538664477805,0.7475318792908872,-0.1448838105613269,-0.2172505640230674,-0.0343665376408577,0
-0.9230285550238276,-0.2831989680442834,1.1366299862406606,-0.1448838105613269,-0.2172505640230674,-0.0343665376408577,0
-0.339439895775414,-0.1531443071150565,-0.0306643346086596,-0.1448838105613269,-0.2172505640230674,0.6111732881293215,0
-0.1935427309633105,0.4962295222261654,1.9148262001402072,-0.1448838105613269,-0.2172505640230674,3.1933325912100385,0
-1.2877714670540863,-1.270671362260415,-1.5870567624077532,-0.1448838105613269,-0.2172505640230674,-0.0343665376408577,0
-0.4853370605875174,-1.1221537871777236,1.1366299862406606,-0.1448838105613269,-0.2172505640230674,-1.6482161020663058,0
0.1712001810669481,-0.3705522223929328,-0.419762441558433,0.2345470243397183,-0.2172505640230674,-0.0343665376408577,0
0.3170973458790516,-0.1110867354895742,1.1366299862406606,-0.1448838105613269,-0.2172505640230674,-0.0343665376408577,0
-1.360720049460138,0.3382532542002371,-2.3652529763073,-0.1448838105613269,-0.2172505640230674,1.5794830267845903,0
0.3900459282851033,0.6609660572805931,-0.419762441558433,-0.1448838105613269,-0.2172505640230674,0.7725582445718663,0
1.046583169939569,0.96032090691654,-3.1434491902068467,-0.1448838105613269,-0.2172505640230674,-0.0343665376408577,0
-0.7771313902117244,-1.1809605357967852,-0.419762441558433,-0.1448838105613269,-0.2172505640230674,-0.0343665376408577,0
0.1712001810669481,0.626359928444227,-0.0306643346086596,-0.1448838105613269,-0.2172505640230674,0.3690958534655043,0
-0.2664913133693622,0.2380895778774145,-0.419762441558433,-0.1448838105613269,-0.2172505640230674,-0.3571364505259474,0
0.1712001810669481,-0.5947866818270388,1.9148262001402072,-0.1448838105613269,-0.2172505640230674,-0.0343665376408577,0
-0.1935427309633105,-0.5021975343876889,-0.0306643346086596,-0.1448838105613269,-0.2172505640230674,-0.0343665376408577,0
0.3170973458790516,0.6241065061013938,-0.419762441558433,-0.1448838105613269,-0.2172505640230674,-0.0343665376408577,0
-0.4853370605875174,0.6467543474629773,0.3584337723411137,-0.1448838105613269,-0.2172505640230674,-0.0343665376408577,0
-0.4853370605875174,1.4600125773592365,-0.0306643346086596,-0.1448838105613269,-0.2172505640230674,-0.4378289287472198,0
0.462994510691155,-0.7916202830251822,-1.1979586554579795,-0.1448838105613269,-0.2172505640230674,2.386407808997314,0
-0.7771313902117244,-0.7678741349754952,1.1366299862406606,-0.1448838105613269,-0.2172505640230674,0.2077108970229594,0
-0.4853370605875174,-0.3268282544130864,-0.419762441558433,-0.1448838105613269,-0.2172505640230674,1.1760206356782283,0
0.3900459282851033,-0.0957483145005419,-0.419762441558433,-0.1448838105613269,4.685914606447738,0.3690958534655043,0
-0.4853370605875174,-1.5070534723913906,1.1366299862406606,-0.1448838105613269,-0.2172505640230674,-0.6799063634110369,0
-1.5066172142722416,4.063150918742312,-0.0306643346086596,-0.1448838105613269,-0.2172505640230674,-0.0343665376408577,0
-0.7041828078056727,-0.5325808633715189,-0.0306643346086596,0.5274692383460396,-0.2172505640230674,-0.0343665376408577,0
1.1195317523456203,-0.0573643893835438,-0.0306643346086596,0.2758565673406098,-0.2172505640230674,0.7725582445718663,0
0.8277374227214137,0.7520118944599353,-0.419762441558433,-0.1448838105613269,-0.2172505640230674,-0.0343665376408577,0
-1.2877714670540863,-0.2598220782776657,-0.419762441558433,-0.1448838105613269,-0.2172505640230674,-0.8412913198535819,0
-0.2664913133693622,-1.4158182719899617,-0.0306643346086596,-0.1448838105613269,4.84712135206261,-0.0343665376408577,0
-1.360720049460138,-0.9669232858720544,-0.0306643346086596,-0.1448838105613269,-0.2172505640230674,-0.0343665376408577,0
-0.4123884781814657,-1.3733251649536795,-0.419762441558433,-0.1448838105613269,-0.2172505640230674,0.3690958534655043,0
0.462994510691155,-0.5144114622122887,-0.0306643346086596,-0.1448838105613269,-0.2172505640230674,0.3690958534655043,0
2.067863323624293,-0.7418177556163489,1.1366299862406606,-0.1448838105613269,-0.2172505640230674,-1.970986014951396,0
0.754788840315362,1.269712007323088,-1.1979586554579795,-0.1448838105613269,-0.2172505640230674,-0.0343665376408577,0
-0.9230285550238276,-1.5044307917654882,1.1366299862406606,-0.1448838105613269,-0.2172505640230674,-0.0343665376408577,0
-0.047645566151207,0.2018738616533105,1.1366299862406606,-0.1448838105613269,4.098130010898126,-0.0343665376408577,0
-1.141874302241983,-0.8386486392304435,-0.0306643346086596,-0.1448838105613269,-0.2172505640230674,1.5794830267845903,0
-0.5582856429935692,-1.613068472276696,0.7475318792908872,0.150452597516475,-0.2172505640230674,-0.1957514940834025,0
1.4842746643758793,-0.3946392242423761,-0.419762441558433,-0.1448838105613269,-0.2172505640230674,-0.4378289287472198,0
1.557223246781931,-0.1136620753099549,-0.419762441558433,-0.1448838105613269,-0.2172505640230674,-0.4378289287472198,0
-0.2664913133693622,-0.5974472350973585,-0.419762441558433,0.8339377635312247,-0.2172505640230674,-0.0343665376408577,0
0.3170973458790516,0.1705721210423594,-0.419762441558433,-0.1448838105613269,-0.2172505640230674,-0.0343665376408577,0
1.557223246781931,-1.557783879588449,-0.0306643346086596,-0.1448838105613269,-0.2172505640230674,1.5794830267845903,0
2.2137604884363964,-0.948640266779572,-0.0306643346086596,-0.1448838105613269,-0.2172505640230674,-2.1323709713939403,0
0.3170973458790516,-0.7016632843728391,1.1366299862406606,13.267171353549536,-0.2172505640230674,0.7725582445718663,1
1.4842746643758793,-0.768565310736112,-0.0306643346086596,0.2450085319828013,-0.2172505640230674,-0.0343665376408577,0
0.3170973458790516,0.606808175763763,-0.0306643346086596,-0.1448838105613269,-0.2172505640230674,-0.0343665376408577,0
-0.7771313902117244,0.0134290511936132,1.1366299862406606,0.1708391252312007,-0.2172505640230674,1.5794830267845903,0
-1.5795657966782934,0.5763396333299939,-1.5870567624077532,-0.1448838105613269,-0.2172505640230674,-1.6482161020663058,0
-1.214822884648035,0.0469652778251887,1.1366299862406606,-0.1448838105613269,-0.2172505640230674,0.3690958534655043,0
-0.6312342253996209,-0.7319992725511474,-0.0306643346086596,-0.1448838105613269,-0.2172505640230674,-0.0343665376408577,0
1.4113260819698277,0.3874024784928708,-1.5870567624077532,-0.1448838105613269,-0.2172505640230674,-0.0343665376408577,0
-1.214822884648035,0.4193007132533954,1.1366299862406606,1.778960620623047,-0.2172505640230674,-0.0343665376408577,0
-1.0689257198359312,1.7417471791800048,1.1366299862406606,-0.1448838105613269,3.512825519127206,-0.0343665376408577,0
-0.339439895775414,-0.0638500797400173,-0.419762441558433,-0.1448838105613269,-0.2172505640230674,0.2077108970229594,0
-0.7771313902117244,1.163810625371035,-1.5870567624077532,-0.1448838105613269,-0.2172505640230674,-0.0343665376408577,0
0.6818402579093102,-1.275216079590499,1.1366299862406606,-0.1448838105613269,-0.2172505640230674,-0.0343665376408577,0
-0.4853370605875174,-1.4128926102087205,1.5257280931904338,-0.1448838105613269,-0.2172505640230674,0.7725582445718663,0
1.265428917157724,-1.422966733623739,-0.0306643346086596,3.5874602239477893,-0.2172505640230674,-1.6482161020663058,0
-0.9959771374298796,1.3690708899520418,-0.0306643346086596,-0.1448838105613269,-0.2172505640230674,-0.0343665376408577,0
1.7760689940000862,-0.0742461206325836,-0.419762441558433,-0.1448838105613269,-0.2172505640230674,0.6111732881293215,0
-0.6312342253996209,0.9285173537670588,-0.0306643346086596,0.3010714831982968,-0.2172505640230674,-0.0343665376408577,0
-0.6312342253996209,-0.0709417324071687,-0.419762441558433,-0.1448838105613269,-0.2172505640230674,-0.0343665376408577,0
-0.9230285550238276,0.0882085875956978,-0.419762441558433,-0.1448838105613269,-0.2172505640230674,-0.0343665376408577,0
0.9736345875335172,-0.7263089077274385,-0.0306643346086596,-0.1448838105613269,-0.2172505640230674,-0.0343665376408577,0
-1.360720049460138,0.5653944390933758,-0.0306643346086596,-0.1448838105613269,-0.2172505640230674,-1.6482161020663058,0
-0.5582856429935692,1.0524650507839857,-0.419762441558433,-0.1448838105613269,-0.2172505640230674,-0.8412913198535819,0
1.1924803347516724,-0.0576579023777784,-0.0306643346086596,-0.1448838105613269,-0.2172505640230674,-0.1957514940834025,0
-0.7041828078056727,-0.4835641933343459,0.7475318792908872,-0.1448838105613269,-0.2172505640230674,-0.0343665376408577,0
-0.047645566151207,-0.1409966564181871,-0.0306643346086596,-0.1448838105613269,4.693354917783808,-0.0343665376408577,0
2.3596576532485,1.6694861736316748,-0.419762441558433,0.7419301450292392,-0.2172505640230674,0.127018418801687,0
1.7760689940000862,0.3986790583681409,1.5257280931904338,-0.1448838105613269,-0.2172505640230674,-0.8412913198535819,0
-0.1205941485572587,0.3392852837606103,1.5257280931904338,-0.1448838105613269,-0.2172505640230674,0.7725582445718663,0
1.3383774995637758,-0.1208673459103583,-1.5870567624077532,-0.1448838105613269,-0.2172505640230674,-0.0343665376408577,0
0.3170973458790516,1.4523338987036158,-0.0306643346086596,-0.1448838105613269,-0.2172505640230674,0.7725582445718663,0
1.1924803347516724,0.0004671386417705,1.1366299862406606,-0.1448838105613269,-0.2172505640230674,0.3690958534655043,0
-1.0689257198359312,1.435603658032245,-0.419762441558433,-0.1448838105613269,-0.2172505640230674,-0.0343665376408577,0
-0.6312342253996209,0.1550538049923447,-0.419762441558433,-0.1448838105613269,4.365981218996684,-0.0343665376408577,0
1.1195317523456203,0.9971993944179478,-1.5870567624077532,-0.1448838105613269,-0.2172505640230674,-0.0343665376408577,0
-0.047645566151207,0.9281764999673024,-1.1979586554579795,-0.1448838105613269,-0.2172505640230674,0.6111732881293215,0
-0.1205941485572587,1.28642331167225,1.5257280931904338,-0.1448838105613269,-0.2172505640230674,-0.0343665376408577,0
-0.047645566151207,1.0112785499801027,0.3584337723411137,0.8339377635312247,-0.2172505640230674,-0.0343665376408577,0
0.0253030162548446,-1.29524124032618,-0.419762441558433,-0.1448838105613269,-0.2172505640230674,-0.0343665376408577,0
1.265428917157724,-1.0628452260201322,-1.1979586554579795,-0.1448838105613269,-0.2172505640230674,0.7725582445718663,0
-0.339439895775414,-0.3268282544130864,-0.0306643346086596,-0.1448838105613269,-0.2172505640230674,-0.0343665376408577,0
-0.047645566151207,0.412123847136305,-0.0306643346086596,-0.1448838105613269,-0.2172505640230674,-0.0343665376408577,0
-0.850079972617776,-1.442906680909481,-0.419762441558433,-0.1448838105613269,-0.2172505640230674,-1.6482161020663058,0
-0.5582856429935692,-0.1945485756243394,-0.419762441558433,-0.1448838105613269,-0.2172505640230674,-1.0026762762961263,0
1.9949147412182413,-0.5699232907670395,1.1366299862406606,-0.1448838105613269,-0.2172505640230674,-2.7779107971641195,0
1.7760689940000862,-0.6881143458325272,-0.419762441558433,-0.1448838105613269,-0.2172505640230674,-0.0343665376408577,0
0.462994510691155,-0.7091241953230597,1.5257280931904338,-0.1448838105613269,5.382823768259723,1.1760206356782283,0
-0.1935427309633105,1.7975525207289902,-0.419762441558433,1.8701635077678724,-0.2172505640230674,-0.0343665376408577,0
-0.1205941485572587,-0.182372520444157,0.3584337723411137,-0.1448838105613269,-0.2172505640230674,-0.8412913198535819,0
1.265428917157724,-1.6074443845807176,-0.0306643346086596,-0.1448838105613269,-0.2172505640230674,1.5794830267845903,0
0.3900459282851033,0.0050686649384801,-2.3652529763073,-0.1448838105613269,-0.2172505640230674,-1.2447537109599438,0
-1.5066172142722416,-1.4466182000623826,-0.419762441558433,-0.1448838105613269,-0.2172505640230674,-1.6482161020663058,0
-0.7771313902117244,-1.4228909883349043,0.3584337723411137,-0.1448838105613269,-0.2172505640230674,1.5794830267845903,0
-0.6312342253996209,0.7858511022468498,-0.0306643346086596,-0.1448838105613269,-0.2172505640230674,-0.0343665376408577,0
-1.0689257198359312,-0.4931080997275216,-0.419762441558433,-0.1448838105613269,-0.2172505640230674,-0.8412913198535819,0
0.6818402579093102,0.5512868790479079,1.1366299862406606,-0.1448838105613269,-0.2172505640230674,-0.0343665376408577,0
-1.43366863186619,0.6272783400713481,-0.0306643346086596,-0.1448838105613269,-0.2172505640230674,-1.6482161020663058,0
0.0253030162548446,1.342692593115348,1.1366299862406606,-0.1448838105613269,3.922042642611113,1.5794830267845903,0
-0.850079972617776,0.9938950061925328,-0.419762441558433,-0.1448838105613269,-0.2172505640230674,-0.0343665376408577,0
-0.6312342253996209,0.9009555367923224,-0.419762441558433,-0.1448838105613269,-0.2172505640230674,0.7725582445718663,0
0.0982515986608963,2.5227000433882525,-1.1979586554579795,-0.1448838105613269,-0.2172505640230674,0.9339432010144112,0
0.8277374227214137,0.654717070951728,-0.419762441558433,-0.1448838105613269,-0.2172505640230674,-0.0343665376408577,0
0.3900459282851033,0.4281061030804325,-0.419762441558433,-0.1448838105613269,-0.2172505640230674,-0.0343665376408577,0
-1.0689257198359312,-0.6194796459871599,-0.419762441558433,-0.1448838105613269,-0.2172505640230674,-0.0343665376408577,0
-0.1205941485572587,0.9427290635846745,-1.5870567624077532,-0.1448838105613269,-0.2172505640230674,-0.0343665376408577,0
1.265428917157724,-0.2253674400189691,2.3039243070899804,-0.1448838105613269,-0.2172505640230674,-0.0343665376408577,0
0.6818402579093102,-1.0048053984505223,-0.0306643346086596,-0.1448838105613269,-0.2172505640230674,1.9829454178909525,0
0.1712001810669481,-0.1465071261809136,-0.0306643346086596,-0.1448838105613269,-0.2172505640230674,-0.0343665376408577,0
1.3383774995637758,1.0081919294600876,-0.0306643346086596,-0.0652154062024648,-0.2172505640230674,-2.45514088427903,0
-0.1205941485572587,-0.6256907596716076,1.1366299862406606,-0.1448838105613269,4.499906823045962,2.628485243661132,0
2.870297730090862,-0.7961176595497441,-2.754351083257073,-0.1448838105613269,-0.2172505640230674,-0.3571364505259474,0
-0.1205941485572587,-0.2208984679777202,-0.0306643346086596,-0.1448838105613269,-0.2172505640230674,-0.0343665376408577,0
-1.5795657966782934,-0.4691725884557478,-1.5870567624077532,-0.1448838105613269,-0.2172505640230674,-2.293755927836485,0
0.3170973458790516,-0.4303436597668457,-0.8088605485082063,-0.1448838105613269,-0.2172505640230674,1.5794830267845903,0
-0.339439895775414,0.6859525344349487,0.3584337723411137,-0.1448838105613269,-0.2172505640230674,-0.0343665376408577,0
-0.047645566151207,-0.3817814614626811,-0.419762441558433,-0.1448838105613269,-0.2172505640230674,-0.0343665376408577,0
0.0982515986608963,-0.8089091452017086,1.5257280931904338,-0.1448838105613269,-0.2172505640230674,4.726489677414214,0
0.5359430930972068,0.7595390825378864,-0.419762441558433,-0.1448838105613269,-0.2172505640230674,-0.0343665376408577,0
-0.4853370605875174,-1.3419950198594155,-0.419762441558433,-0.1448838105613269,-0.2172505640230674,-0.0343665376408577,0
-1.214822884648035,-0.0186206741445807,0.3584337723411137,-0.1448838105613269,-0.2172505640230674,-0.0343665376408577,0
0.0253030162548446,-0.375059067078599,1.5257280931904338,-0.1448838105613269,-0.2172505640230674,0.7725582445718663,0
-1.141874302241983,0.4462755042396627,1.1366299862406606,-0.1448838105613269,-0.2172505640230674,-0.8412913198535819,0
-0.850079972617776,1.2489199255379555,-0.419762441558433,-0.1448838105613269,-0.2172505640230674,-0.0343665376408577,0
0.9736345875335172,0.7626730438634233,1.1366299862406606,1.8701635077678724,-0.2172505640230674,0.2884033752442319,0
3.380937806933224,-0.862158083252522,1.1366299862406606,-0.1448838105613269,-0.2172505640230674,-3.019988231827937,0
0.8277374227214137,-0.4552070508268449,-1.5870567624077532,-0.1448838105613269,-0.2172505640230674,-0.0343665376408577,0
0.3170973458790516,2.085384618300954,1.1366299862406606,-0.1448838105613269,4.685914606447738,0.7725582445718663,0
1.1924803347516724,-0.0013412801291586,-2.3652529763073,-0.1448838105613269,-0.2172505640230674,1.5794830267845903,0
-0.4123884781814657,-0.251471160183637,1.1366299862406606,-0.1448838105613269,-0.2172505640230674,-1.6482161020663058,0
2.286709070842448,-0.0168406598569646,-1.1979586554579795,-0.1448838105613269,-0.2172505640230674,-0.0343665376408577,0
0.462994510691155,-0.0211202686761267,-0.419762441558433,-0.1448838105613269,-0.2172505640230674,-3.1006807100492093,0
-0.850079972617776,1.4910776139425788,-0.0306643346086596,-0.1448838105613269,-0.2172505640230674,-0.0343665376408577,0
-1.141874302241983,-0.6580150616818274,1.1366299862406606,-0.1448838105613269,-0.2172505640230674,-0.0343665376408577,0
0.0253030162548446,-0.6326403899221937,-0.419762441558433,-0.1448838105613269,-0.2172505640230674,0.3690958534655043,0
0.9006860051274654,1.271510957932913,-0.419762441558433,-0.1448838105613269,-0.2172505640230674,1.5794830267845903,0
1.7760689940000862,-0.7163484022456719,-1.1979586554579795,-0.1448838105613269,-0.2172505640230674,-0.0343665376408577,0
0.2441487634729998,1.6840387372490468,-1.5870567624077532,-0.1448838105613269,-0.2172505640230674,0.2077108970229594,0
1.8490175764061376,-0.7070411998801047,-0.419762441558433,-0.1448838105613269,-0.2172505640230674,-1.6482161020663058,0
0.3900459282851033,-0.7806656206274597,1.1366299862406606,-0.1448838105613269,-0.2172505640230674,-0.0343665376408577,0
-1.141874302241983,0.0721127137183182,-0.0306643346086596,-0.1448838105613269,-0.2172505640230674,-0.0343665376408577,0
0.2441487634729998,2.305500427654672,-0.0306643346086596,-0.1448838105613269,-0.2172505640230674,1.5794830267845903,0
0.6088916755032585,0.6125648177152023,-0.0306643346086596,-0.1448838105613269,-0.2172505640230674,0.7725582445718663,0
1.3383774995637758,-0.7961555321941615,1.1366299862406606,-0.1448838105613269,5.7722000615141065,-0.0343665376408577,0
-0.4123884781814657,-0.9132672168937545,-0.419762441558433,-0.1448838105613269,-0.2172505640230674,0.3690958534655043,0
-0.047645566151207,-0.6917595878576985,-0.419762441558433,-0.1448838105613269,-0.2172505640230674,-0.4378289287472198,0
-0.1205941485572587,-0.5236145148057081,1.1366299862406606,-0.1448838105613269,-0.2172505640230674,-0.276443972304675,0
0.9736345875335172,0.8470154229808922,1.5257280931904338,-0.1448838105613269,-0.2172505640230674,1.5794830267845903,0
1.9949147412182413,-1.4438913696643323,-0.419762441558433,-0.1448838105613269,-0.2172505640230674,0.127018418801687,0
-0.5582856429935692,-1.4403313410891003,1.1366299862406606,-0.1448838105613269,4.499906823045962,-0.4378289287472198,0
-0.1205941485572587,-0.0329365337343442,-0.419762441558433,-0.1448838105613269,-0.2172505640230674,0.3690958534655043,0
-1.214822884648035,-0.7560768062394864,-0.0306643346086596,-0.1448838105613269,-0.2172505640230674,-0.0343665376408577,0
0.1712001810669481,-0.6897049968980565,1.5257280931904338,-0.1448838105613269,-0.2172505640230674,1.1760206356782283,0
-0.4853370605875174,-0.2957064088631178,-0.419762441558433,-0.1448838105613269,-0.2172505640230674,-0.0343665376408577,0
-0.339439895775414,-0.785172465313126,-0.419762441558433,-0.1448838105613269,-0.2172505640230674,0.3690958534655043,0
0.3170973458790516,-0.8026885633561567,-0.419762441558433,-0.1448838105613269,-0.2172505640230674,0.3690958534655043,0
-1.0689257198359312,-1.0064244539993643,-0.0306643346086596,-0.1448838105613269,-0.2172505640230674,-0.8412913198535819,0
-1.5066172142722416,0.0222723136650676,-0.0306643346086596,-0.1448838105613269,-0.2172505640230674,-1.6482161020663058,0
0.462994510691155,-0.7937316829514501,0.3584337723411137,-0.1448838105613269,-0.2172505640230674,-0.4378289287472198,0
-1.0689257198359312,-1.5312919648185035,-0.0306643346086596,-0.1448838105613269,-0.2172505640230674,-1.3254461891812162,0
0.2441487634729998,-0.2258597843963948,1.1366299862406606,-0.1448838105613269,-0.2172505640230674,0.9339432010144112,0
0.3170973458790516,0.544346716958426,0.7475318792908872,-0.1448838105613269,-0.2172505640230674,-0.0343665376408577,0
2.067863323624293,0.7046710889382307,-0.0306643346086596,1.1139842758229823,-0.2172505640230674,-1.3254461891812162,0
-1.360720049460138,-1.4317247826452544,-0.419762441558433,-0.1448838105613269,-0.2172505640230674,-2.45514088427903,0
0.8277374227214137,2.0872025052329874,1.9148262001402072,1.8701635077678724,-0.2172505640230674,0.7725582445718663,0
-0.7771313902117244,1.1357091232133512,-0.0306643346086596,-0.1448838105613269,-0.2172505640230674,1.5794830267845903,0
-0.9959771374298796,-0.1427577343835946,-0.419762441558433,-0.1448838105613269,-0.2172505640230674,-1.2447537109599438,0
-0.4853370605875174,-0.0401133998514346,-0.0306643346086596,-0.1448838105613269,-0.2172505640230674,-0.0343665376408577,0
-0.1935427309633105,-0.1172599765296044,0.3584337723411137,-0.1448838105613269,-0.2172505640230674,-0.1957514940834025,0
0.9736345875335172,-0.0573643893835438,-3.1434491902068467,-0.1448838105613269,-0.2172505640230674,-0.0343665376408577,0
0.9006860051274654,-1.4149187966850492,-0.419762441558433,-0.1448838105613269,-0.2172505640230674,1.5794830267845903,0
0.8277374227214137,-0.1939804859580789,-0.419762441558433,-0.1448838105613269,-0.2172505640230674,0.6918657663505939,0
-1.43366863186619,1.1209766645349966,-0.419762441558433,-0.1448838105613269,-0.2172505640230674,-0.0343665376408577,0
-1.141874302241983,0.0752088023994377,1.1366299862406606,-0.1448838105613269,-0.2172505640230674,-0.0343665376408577,0
1.4842746643758793,-1.4306075396349422,-0.0306643346086596,-0.1448838105613269,-0.2172505640230674,-0.0343665376408577,0
-0.6312342253996209,1.581365998233574,-0.419762441558433,-0.1448838105613269,-0.2172505640230674,1.5794830267845903,0
-0.047645566151207,-0.0754107044484176,-0.419762441558433,-0.1448838105613269,-0.2172505640230674,-1.3254461891812162,0
1.7760689940000862,-0.0906165711819891,-1.5870567624077532,-0.1448838105613269,-0.2172505640230674,-0.0343665376408577,0
1.8490175764061376,0.808243303258616,-0.0306643346086596,-0.1448838105613269,-0.2172505640230674,-0.4378289287472198,0
-0.7771313902117244,-0.0380872133751057,-0.0306643346086596,-0.1448838105613269,-0.2172505640230674,0.3690958534655043,0
1.046583169939569,0.095158217846284,2.3039243070899804,1.8701635077678724,-0.2172505640230674,1.5794830267845903,0
0.1712001810669481,1.0428548672630795,-1.9761548693575264,-0.1448838105613269,-0.2172505640230674,2.386407808997314,0
1.6301718291879828,0.1173137148304418,-0.419762441558433,-0.1448838105613269,-0.2172505640230674,-0.5185214069684921,0
-0.4123884781814657,-1.1568924702695504,0.3584337723411137,-0.1448838105613269,-0.2172505640230674,4.726489677414214,0
-1.214822884648035,0.96326550501999,-0.8088605485082063,-0.1448838105613269,-0.2172505640230674,-0.0343665376408577,0
0.462994510691155,-0.6388609717677458,-0.419762441558433,-0.1448838105613269,-0.2172505640230674,-0.0343665376408577,0
0.0253030162548446,-0.7842635218471092,-0.0306643346086596,0.4433748115227963,-0.2172505640230674,0.3690958534655043,0
0.462994510691155,0.8328226494854851,-0.0306643346086596,-0.1448838105613269,-0.2172505640230674,0.6111732881293215,0
1.3383774995637758,1.0456101021444428,-2.754351083257073,0.8339377635312247,-0.2172505640230674,3.516102504095128,0
-0.4123884781814657,0.4968922935034692,0.3584337723411137,-0.1448838105613269,-0.2172505640230674,0.7725582445718663,0
0.754788840315362,0.4846688975177651,-1.1979586554579795,-0.1448838105613269,-0.2172505640230674,-0.0343665376408577,0
-0.2664913133693622,0.2061250659891596,0.7475318792908872,-0.1448838105613269,-0.2172505640230674,0.3690958534655043,0
1.8490175764061376,-0.5411116765265301,-0.419762441558433,-0.1448838105613269,-0.2172505640230674,-0.0343665376408577,0
-0.7041828078056727,1.4039705317826423,0.3584337723411137,0.2420578503398804,-0.2172505640230674,-0.0343665376408577,0
-0.1205941485572587,-1.093342172937214,0.3584337723411137,-0.1448838105613269,-0.2172505640230674,0.3690958534655043,0
-0.7041828078056727,-0.7280415812095329,-0.419762441558433,-0.1448838105613269,-0.2172505640230674,0.3690958534655043,0
-0.2664913133693622,-1.356642265087831,-0.419762441558433,0.5495993506679457,-0.2172505640230674,4.000257373422762,0
-0.1935427309633105,-0.2348450692844143,0.7475318792908872,-0.1448838105613269,-0.2172505640230674,0.7725582445718663,0
-1.214822884648035,1.0198188312962182,-0.419762441558433,-0.1448838105613269,-0.2172505640230674,-0.0343665376408577,0
-0.1205941485572587,-1.089564376656582,-0.419762441558433,-0.1448838105613269,-0.2172505640230674,2.386407808997314,0
-0.7771313902117244,-0.1196175486445853,-0.0306643346086596,-0.1448838105613269,-0.2172505640230674,-2.051678493172668,0
-0.1205941485572587,-1.1434760859846995,-0.419762441558433,-0.1448838105613269,5.062890380808669,-0.0343665376408577,0
0.6088916755032585,-0.1118347202168171,1.1366299862406606,3.5874602239477893,-0.2172505640230674,1.5794830267845903,0
-0.1205941485572587,0.1232123791984461,-0.0306643346086596,-0.1448838105613269,-0.2172505640230674,-0.4378289287472198,0
1.1924803347516724,2.2020986402341647,-0.419762441558433,-0.1448838105613269,-0.2172505640230674,0.7725582445718663,0
-0.2664913133693622,-0.1987808436379798,-0.419762441558433,-0.1448838105613269,-0.2172505640230674,0.7725582445718663,0
1.1924803347516724,0.0889755086451494,1.1366299862406606,1.8701635077678724,-0.2172505640230674,0.127018418801687,0
-0.2664913133693622,-0.1222686337538008,-0.8088605485082063,-0.1448838105613269,-0.2172505640230674,-0.0343665376408577,0
-0.339439895775414,-0.9631644259136308,-2.3652529763073,-0.1448838105613269,-0.2172505640230674,0.6111732881293215,0
1.557223246781931,0.4080714741836471,-1.1979586554579795,-0.1448838105613269,-0.2172505640230674,-1.6482161020663058,0
-0.1935427309633105,-1.4509640860092752,-0.0306643346086596,-0.1448838105613269,-0.2172505640230674,1.5794830267845903,0
0.6818402579093102,0.1835624380775152,1.1366299862406606,-0.1448838105613269,-0.2172505640230674,0.7725582445718663,0
-0.9230285550238276,-0.949473464956754,-0.0306643346086596,-0.1448838105613269,-0.2172505640230674,-0.0343665376408577,0
-0.7771313902117244,-1.163567523848111,0.3584337723411137,0.2758565673406098,-0.2172505640230674,-0.0343665376408577,0
2.7973491476848102,-0.4824564184851381,-0.0306643346086596,-0.1448838105613269,-0.2172505640230674,-0.0343665376408577,0
1.9219661588121892,-0.6740919992369984,-1.1979586554579795,1.1139842758229823,-0.2172505640230674,1.498790548563318,0
0.1712001810669481,0.2915278791503147,-0.419762441558433,-0.1448838105613269,-0.2172505640230674,-0.0343665376408577,0
1.3383774995637758,0.5257039077439787,1.5257280931904338,-0.1448838105613269,-0.2172505640230674,1.5794830267845903,0
-1.141874302241983,-0.7046741596040195,1.1366299862406606,-0.1448838105613269,-0.2172505640230674,1.5794830267845903,0
-0.9230285550238276,-0.2178023792966007,-0.0306643346086596,-0.1448838105613269,-0.2172505640230674,-0.4378289287472198,0
1.046583169939569,0.0591981419719972,1.5257280931904338,-0.1448838105613269,-0.2172505640230674,-0.0343665376408577,0
-0.339439895775414,-1.2044131708522376,-0.0306643346086596,-0.1448838105613269,3.698833302528982,-0.0343665376408577,0
-0.850079972617776,-0.1229598095144177,-0.419762441558433,-0.1448838105613269,-0.2172505640230674,-0.0343665376408577,0
-0.5582856429935692,-0.4449530323508437,-0.0306643346086596,-0.1448838105613269,-0.2172505640230674,-0.0343665376408577,0
-0.7041828078056727,-1.132104824498386,-0.419762441558433,-0.1448838105613269,-0.2172505640230674,3.1933325912100385,0
0.6088916755032585,-0.0360799632209854,-0.419762441558433,0.2712964229833686,-0.2172505640230674,1.5794830267845903,0
-0.9959771374298796,0.1602991662441495,-1.9761548693575264,-0.1448838105613269,-0.2172505640230674,0.6111732881293215,0
-0.047645566151207,-0.7815461596101634,-0.0306643346086596,-0.1448838105613269,-0.2172505640230674,1.5794830267845903,0
1.4113260819698277,-0.5669881608246938,-0.419762441558433,-0.1448838105613269,-0.2172505640230674,-0.0343665376408577,0
-0.9959771374298796,1.043754342567992,-0.0306643346086596,-0.1448838105613269,-0.2172505640230674,-0.0343665376408577,0
0.3900459282851033,-0.7308252205742091,1.5257280931904338,-0.1448838105613269,-0.2172505640230674,1.1760206356782283,0
-0.2664913133693622,0.0992579316044636,1.5257280931904338,-0.1448838105613269,-0.2172505640230674,0.3690958534655043,0
1.9949147412182413,0.9628394377702946,1.9148262001402072,-0.1448838105613269,-0.2172505640230674,0.7725582445718663,0
-0.1935427309633105,0.2733679461521888,-0.419762441558433,-0.1448838105613269,-0.2172505640230674,-0.0343665376408577,0
-0.7041828078056727,0.0894394485392621,-0.419762441558433,0.1779475855527826,-0.2172505640230674,-0.0343665376408577,0
0.8277374227214137,-0.3271407037295296,-0.419762441558433,13.267171353549536,-0.2172505640230674,-0.4378289287472198,1
0.6088916755032585,-0.8498494738168788,-0.8088605485082063,-0.1448838105613269,-0.2172505640230674,1.1760206356782283,0
1.265428917157724,-1.488618962721239,-0.0306643346086596,-0.1448838105613269,-0.2172505640230674,-0.0343665376408577,0
1.265428917157724,0.0728985710899785,-2.3652529763073,-0.1448838105613269,-0.2172505640230674,-0.0343665376408577,0
-1.2877714670540863,-1.2533162229561583,-0.0306643346086596,-0.1448838105613269,-0.2172505640230674,-0.4378289287472198,0
0.1712001810669481,0.990372850261718,-1.9761548693575264,-0.1448838105613269,-0.2172505640230674,-0.4378289287472198,0
0.5359430930972068,-0.3851142541714091,-0.419762441558433,-0.1448838105613269,-0.2172505640230674,-0.0343665376408577,0
0.0253030162548446,-1.199129936956015,-0.0306643346086596,-0.1448838105613269,-0.2172505640230674,-1.6482161020663058,0
-0.047645566151207,-0.0411359612507035,-0.419762441558433,-0.1448838105613269,-0.2172505640230674,-0.0343665376408577,0
0.5359430930972068,0.0038093995116028,-0.419762441558433,-0.1448838105613269,-0.2172505640230674,-0.0343665376408577,0
-1.360720049460138,0.1610660872936012,-0.8088605485082063,-0.1448838105613269,-0.2172505640230674,1.1760206356782283,0
-0.4123884781814657,0.0644813758682194,-0.419762441558433,-0.1448838105613269,-0.2172505640230674,-0.0343665376408577,0
1.7031204115940344,1.6929672131704403,-2.754351083257073,-0.1448838105613269,-0.2172505640230674,-1.3254461891812162,0
1.4842746643758793,-0.0205237745265533,-0.0306643346086596,-0.1448838105613269,-0.2172505640230674,0.7725582445718663,0
0.462994510691155,-0.6034689855597194,-0.0306643346086596,-0.1448838105613269,-0.2172505640230674,-0.0343665376408577,0
-0.7771313902117244,-1.4955212521663035,-0.419762441558433,-0.1448838105613269,-0.2172505640230674,-0.0343665376408577,0
-0.850079972617776,1.3146384317631858,0.3584337723411137,-0.1448838105613269,-0.2172505640230674,-0.8412913198535819,0
0.0982515986608963,0.680072806389153,-0.419762441558433,-0.1448838105613269,-0.2172505640230674,-0.4378289287472198,0
-0.4853370605875174,-1.539699691879158,1.1366299862406606,-0.1448838105613269,-0.2172505640230674,0.2884033752442319,0
-1.5066172142722416,-0.7595800258480925,-0.419762441558433,-0.1448838105613269,-0.2172505640230674,-1.2447537109599438,0
-1.141874302241983,0.0721127137183182,1.1366299862406606,-0.1448838105613269,-0.2172505640230674,-0.0343665376408577,0
-0.6312342253996209,-0.5642234577822263,1.1366299862406606,-0.1448838105613269,-0.2172505640230674,0.3690958534655043,0
-0.047645566151207,-1.4644751519051695,-0.0306643346086596,-0.1448838105613269,-0.2172505640230674,-0.0343665376408577,0
1.6301718291879828,-0.9809266961453744,0.7475318792908872,1.8701635077678724,-0.2172505640230674,-0.0343665376408577,0
-0.6312342253996209,-1.46848965221341,1.9148262001402072,-0.1448838105613269,-0.2172505640230674,3.1933325912100385,0
0.6088916755032585,-0.1489499117458335,1.9148262001402072,-0.1448838105613269,5.382823768259723,-1.6482161020663058,0
-1.43366863186619,-1.2048297699408286,-0.419762441558433,-0.1448838105613269,-0.2172505640230674,-0.4378289287472198,0
0.462994510691155,-1.4912132388638284,-0.0306643346086596,-0.1448838105613269,-0.2172505640230674,0.7725582445718663,0
-1.141874302241983,2.0081244236895324,-1.1979586554579795,-0.1448838105613269,-0.2172505640230674,-0.0343665376408577,0
-0.9959771374298796,2.8009314256004147,-0.419762441558433,-0.1448838105613269,-0.2172505640230674,-0.0343665376408577,0
-0.5582856429935692,0.4792152367216648,1.1366299862406606,-0.1448838105613269,-0.2172505640230674,-0.0343665376408577,0
-0.9959771374298796,-0.4412888540034638,-0.419762441558433,-0.1448838105613269,-0.2172505640230674,-0.0343665376408577,0
-0.7041828078056727,0.1341007644684382,1.1366299862406606,-0.1448838105613269,-0.2172505640230674,-0.0343665376408577,0
-1.214822884648035,-0.0267064837276879,-1.1979586554579795,-0.1448838105613269,-0.2172505640230674,0.7725582445718663,0
0.3900459282851033,0.5605751450912663,1.1366299862406606,-0.1448838105613269,-0.2172505640230674,0.7725582445718663,0
1.9949147412182413,0.0861255921527428,-0.419762441558433,-0.1448838105613269,-0.2172505640230674,-0.0343665376408577,0
-1.214822884648035,0.2294356786280469,-2.754351083257073,-0.1448838105613269,-0.2172505640230674,-0.0343665376408577,0
-0.850079972617776,0.2073559269327239,-1.1979586554579795,-0.1448838105613269,-0.2172505640230674,-0.0343665376408577,0
0.6088916755032585,0.0861539966360558,-0.0306643346086596,-0.1448838105613269,-0.2172505640230674,-0.0343665376408577,0
-0.1935427309633105,0.1340534236629165,-0.419762441558433,-0.1448838105613269,-0.2172505640230674,-0.0343665376408577,0
-0.6312342253996209,-0.6472592306672962,-0.0306643346086596,-0.1448838105613269,-0.2172505640230674,-0.0343665376408577,0
-0.6312342253996209,0.0777936103809227,-0.419762441558433,-0.1448838105613269,-0.2172505640230674,-0.0343665376408577,0
-0.1205941485572587,-0.7889123889493407,1.5257280931904338,-0.1448838105613269,-0.2172505640230674,1.9829454178909525,0
1.9219661588121892,-0.1218899073096272,2.3039243070899804,-0.1448838105613269,-0.2172505640230674,-0.0343665376408577,0
-0.1935427309633105,0.7884548465505435,-0.419762441558433,-0.1448838105613269,-0.2172505640230674,0.3690958534655043,0
-0.1935427309633105,-0.2579663187012149,-0.419762441558433,-0.1448838105613269,-0.2172505640230674,0.3690958534655043,0
-0.5582856429935692,-0.1307899787477076,-0.419762441558433,-0.1448838105613269,-0.2172505640230674,1.5794830267845903,0
-0.1935427309633105,-1.085019659326499,-0.0306643346086596,-0.1448838105613269,-0.2172505640230674,1.1760206356782283,0
0.1712001810669481,-0.5202343812914584,0.3584337723411137,0.2712964229833686,-0.2172505640230674,-0.0343665376408577,0
1.7760689940000862,0.0808234219343118,-0.0306643346086596,-0.1448838105613269,-0.2172505640230674,-0.8412913198535819,0
0.462994510691155,-0.055537034290406,-0.0306643346086596,-0.1448838105613269,-0.2172505640230674,-0.0343665376408577,0
3.745680718963482,0.3609863090117597,0.7475318792908872,0.67285737020632,-0.2172505640230674,0.3690958534655043,0
2.724400565278758,0.206248152083516,-0.419762441558433,-0.1448838105613269,-0.2172505640230674,-3.1006807100492093,0
-0.339439895775414,-1.3412186306488596,1.1366299862406606,-0.1448838105613269,-0.2172505640230674,-0.4378289287472198,0
-1.2877714670540863,0.202082161197606,-1.9761548693575264,-0.1448838105613269,-0.2172505640230674,0.7725582445718663,0
0.2441487634729998,0.1677979498387875,-0.419762441558433,-0.1448838105613269,-0.2172505640230674,-2.293755927836485,0
0.5359430930972068,-0.1534662245926041,-0.0306643346086596,-0.1448838105613269,-0.2172505640230674,-0.0343665376408577,0
1.046583169939569,-0.6311349523066035,-0.419762441558433,-0.1448838105613269,-0.2172505640230674,-0.0343665376408577,0
0.0253030162548446,-0.71407604358063,-0.419762441558433,-0.1448838105613269,-0.2172505640230674,-0.0343665376408577,0
2.651451982872707,-0.8870214743125213,-2.754351083257073,-0.1448838105613269,-0.2172505640230674,-2.45514088427903,0
0.3900459282851033,-1.0208255270390671,-0.419762441558433,-0.1448838105613269,-0.2172505640230674,-0.0343665376408577,0
-0.5582856429935692,1.1390608522442878,1.1366299862406606,-0.1448838105613269,-0.2172505640230674,-0.0343665376408577,0
-0.5582856429935692,0.3481758870375864,1.1366299862406606,-0.1448838105613269,-0.2172505640230674,-0.0343665376408577,0
-0.850079972617776,-1.5143155519584202,1.1366299862406606,0.5076191982027541,-0.2172505640230674,-0.3571364505259474,0
0.1712001810669481,-0.5610989646177937,-0.419762441558433,-0.1448838105613269,-0.2172505640230674,-0.1957514940834025,0
-0.1935427309633105,-0.1270689914337016,-0.419762441558433,-0.1448838105613269,3.7261144440945753,-0.0343665376408577,0
-0.7771313902117244,0.1759121639052077,-0.0306643346086596,-0.1448838105613269,-0.2172505640230674,-1.3254461891812162,0
-1.0689257198359312,1.5845757048479454,-0.0306643346086596,-0.1448838105613269,-0.2172505640230674,-0.0343665376408577,0
1.046583169939569,0.0671608654607479,0.7475318792908872,-0.1448838105613269,-0.2172505640230674,1.5794830267845903,0
-0.339439895775414,-0.8685774964812651,-1.9761548693575264,-0.1448838105613269,-0.2172505640230674,-0.1957514940834025,0
-1.0689257198359312,0.0712984518633449,-0.419762441558433,-0.1448838105613269,-0.2172505640230674,0.2884033752442319,0
-1.43366863186619,1.7693184643158455,-0.419762441558433,-0.1448838105613269,-0.2172505640230674,-0.8412913198535819,0
0.3900459282851033,-1.271637114693058,1.1366299862406606,-0.1448838105613269,4.462705266365607,-0.0343665376408577,0
-1.5066172142722416,-0.5088725879662492,-0.0306643346086596,-0.1448838105613269,-0.2172505640230674,-0.0343665376408577,0
0.9006860051274654,-1.318068976748746,1.5257280931904338,-0.1448838105613269,4.098130010898126,-0.0343665376408577,0
0.3170973458790516,-1.4738391632373629,-0.419762441558433,-0.1448838105613269,-0.2172505640230674,-0.0343665376408577,0
-0.9959771374298796,-0.3827188094120108,-0.0306643346086596,-0.1448838105613269,-0.2172505640230674,-0.0343665376408577,0
-0.5582856429935692,1.0493310894584489,-0.0306643346086596,-0.1448838105613269,-0.2172505640230674,-0.0343665376408577,0
1.3383774995637758,-0.8155936669413734,1.5257280931904338,-0.1448838105613269,-0.2172505640230674,-0.1957514940834025,0
1.1195317523456203,-0.1587967992943481,1.9148262001402072,0.5495993506679457,-0.2172505640230674,0.7725582445718663,0
0.5359430930972068,0.415096849723068,1.1366299862406606,-0.1448838105613269,-0.2172505640230674,0.6111732881293215,0
0.3170973458790516,-0.1840578531207296,1.5257280931904338,-0.1448838105613269,-0.2172505640230674,-0.0343665376408577,0
0.1712001810669481,1.5515602270771087,-0.419762441558433,-0.1448838105613269,-0.2172505640230674,-0.0343665376408577,0
0.6818402579093102,1.115068532005888,1.1366299862406606,-0.1448838105613269,-0.2172505640230674,0.3690958534655043,0
0.0253030162548446,-0.975473035349274,-0.0306643346086596,-0.1448838105613269,-0.2172505640230674,0.6111732881293215,0
-1.214822884648035,0.2510136177848399,-1.1979586554579795,-0.1448838105613269,-0.2172505640230674,0.3690958534655043,0
-0.7771313902117244,0.0214485836489899,0.7475318792908872,-0.1448838105613269,-0.2172505640230674,-1.6482161020663058,0
-0.2664913133693622,-0.7049487362760454,-0.0306643346086596,-0.1448838105613269,-0.2172505640230674,0.3690958534655043,0
-0.2664913133693622,0.0406310780463846,1.1366299862406606,-0.1448838105613269,-0.2172505640230674,-0.0343665376408577,0
-0.9959771374298796,-0.2521433996220452,0.7475318792908872,-0.1448838105613269,-0.2172505640230674,1.5794830267845903,0
1.7760689940000862,0.3216082269788058,-0.419762441558433,-0.1448838105613269,-0.2172505640230674,0.7725582445718663,0
-0.5582856429935692,-0.7597409845868662,0.7475318792908872,-0.1448838105613269,4.098130010898126,-0.0343665376408577,0
-1.5795657966782934,0.9042031160511113,-1.1979586554579795,-0.1448838105613269,-0.2172505640230674,-0.0343665376408577,0
0.5359430930972068,-0.5743638583249754,1.1366299862406606,-0.1448838105613269,4.685914606447738,-0.0343665376408577,0
0.0982515986608963,0.1250018616471666,1.5257280931904338,-0.1448838105613269,-0.2172505640230674,-0.0343665376408577,0
-0.5582856429935692,-1.1999726032943017,-0.419762441558433,-0.1448838105613269,-0.2172505640230674,-0.0343665376408577,0
1.3383774995637758,2.133407131422171,-0.0306643346086596,-0.1448838105613269,-0.2172505640230674,-0.0343665376408577,0
-0.850079972617776,-0.8919449180867786,-0.0306643346086596,-0.1448838105613269,-0.2172505640230674,1.1760206356782283,0
-0.2664913133693622,-0.8610787128866272,-1.5870567624077532,-0.1448838105613269,-0.2172505640230674,1.5794830267845903,0
-1.141874302241983,-0.3878221482472506,1.1366299862406606,-0.1448838105613269,-0.2172505640230674,-0.1957514940834025,0
-0.4853370605875174,-0.3441076484285086,1.1366299862406606,-0.1448838105613269,-0.2172505640230674,-0.0343665376408577,0
-1.214822884648035,0.8543248433534433,-0.419762441558433,-0.1448838105613269,-0.2172505640230674,-0.0343665376408577,0
-0.6312342253996209,-0.4411373634257943,1.9148262001402072,-0.1448838105613269,-0.2172505640230674,-0.0343665376408577,0
-0.339439895775414,0.5780723068120883,1.1366299862406606,-0.1448838105613269,-0.2172505640230674,0.3690958534655043,0
-1.43366863186619,0.0434620582165826,-0.0306643346086596,-0.1448838105613269,-0.2172505640230674,-1.6482161020663058,0
-0.7771313902117244,1.0674058090066356,1.9148262001402072,-0.1448838105613269,-0.2172505640230674,0.3690958534655043,0
-0.1935427309633105,-0.5590917144636736,-0.419762441558433,-0.1448838105613269,-0.2172505640230674,-0.0343665376408577,0
1.4842746643758793,-0.3064527717165447,-0.0306643346086596,-0.1448838105613269,-0.2172505640230674,0.6111732881293215,0
0.6088916755032585,0.5782711381952794,-0.419762441558433,-0.1448838105613269,-0.2172505640230674,-0.6799063634110369,0
0.1712001810669481,-1.4462205372960004,-0.0306643346086596,-0.1448838105613269,-0.2172505640230674,-0.0343665376408577,0
0.1712001810669481,0.6132559934758192,0.3584337723411137,-0.1448838105613269,-0.2172505640230674,1.5794830267845903,0
0.462994510691155,-1.5817477953435362,-0.0306643346086596,-0.1448838105613269,-0.2172505640230674,-0.0343665376408577,0
-1.0689257198359312,1.247575446661139,1.1366299862406606,-0.1448838105613269,-0.2172505640230674,-0.4378289287472198,0
-1.5066172142722416,0.2993296439002916,-0.419762441558433,-0.1448838105613269,-0.2172505640230674,1.90225293966968,0
0.1712001810669481,-0.7291777605420537,-0.419762441558433,-0.1448838105613269,-0.2172505640230674,-0.0343665376408577,0
0.3900459282851033,-0.7857405549793864,-0.419762441558433,-0.1448838105613269,-0.2172505640230674,1.5794830267845903,0
-0.850079972617776,-1.236557577801475,-0.419762441558433,-0.1448838105613269,-0.2172505640230674,-0.0343665376408577,0
2.724400565278758,-0.2697257747928063,-0.0306643346086596,-0.1448838105613269,-0.2172505640230674,-1.6482161020663058,0
-0.339439895775414,1.9807803744201955,1.1366299862406606,-0.1448838105613269,-0.2172505640230674,0.127018418801687,0
-0.1205941485572587,-0.7511912351096465,1.9148262001402072,-0.1448838105613269,-0.2172505640230674,1.5794830267845903,0
1.6301718291879828,-0.2688073631656852,-0.419762441558433,-0.1448838105613269,-0.2172505640230674,-0.3571364505259474,0
-1.214822884648035,2.6679605710510508,1.1366299862406606,-0.1448838105613269,-0.2172505640230674,-2.616525840721575,0
-0.7041828078056727,-0.0572128988058743,-1.1979586554579795,-0.1448838105613269,-0.2172505640230674,-0.0343665376408577,0
-1.5066172142722416,0.2943115185149909,-1.1979586554579795,-0.1448838105613269,-0.2172505640230674,-1.3254461891812162,0
0.462994510691155,-0.2747912409836287,1.1366299862406606,0.4837455012736675,-0.2172505640230674,-0.4378289287472198,0
-0.2664913133693622,0.457059739737507,-0.419762441558433,-0.1448838105613269,-0.2172505640230674,1.5794830267845903,0
2.067863323624293,-0.7323779989953211,-1.5870567624077532,-0.1448838105613269,-0.2172505640230674,-0.0343665376408577,0
-0.1205941485572587,-0.1722037154180948,-0.0306643346086596,-0.1448838105613269,-0.2172505640230674,-0.8412913198535819,0
-0.6312342253996209,-0.0629884770795223,-0.419762441558433,-0.1448838105613269,-0.2172505640230674,-0.0343665376408577,0
0.0253030162548446,-0.8541953597637713,1.1366299862406606,-0.1448838105613269,-0.2172505640230674,0.7725582445718663,0
-0.6312342253996209,1.3568380258052333,-1.1979586554579795,-0.1448838105613269,-0.2172505640230674,1.1760206356782283,0
-0.4853370605875174,1.9818597447860904,1.1366299862406606,-0.1448838105613269,-0.2172505640230674,-0.0343665376408577,0
-1.141874302241983,0.0730689979898566,-2.754351083257073,-0.1448838105613269,-0.2172505640230674,-0.0343665376408577,0
0.1712001810669481,-1.237864184033874,1.1366299862406606,-0.1448838105613269,-0.2172505640230674,-0.0343665376408577,0
1.265428917157724,1.7378462968050163,-0.419762441558433,-0.1448838105613269,-0.2172505640230674,0.6111732881293215,0
-0.1205941485572587,0.7701718274580612,-0.419762441558433,-0.1448838105613269,-0.2172505640230674,-0.0343665376408577,0
0.0253030162548446,-0.1182446652844559,-2.3652529763073,-0.1448838105613269,-0.2172505640230674,-0.0343665376408577,0
0.6088916755032585,-0.1298242263150649,-0.0306643346086596,-0.1448838105613269,-0.2172505640230674,-1.5675236238450334,0
1.046583169939569,-1.4804952804937144,-0.0306643346086596,-0.1448838105613269,-0.2172505640230674,-0.0343665376408577,0
1.8490175764061376,-1.43343851980514,-2.3652529763073,-0.1448838105613269,-0.2172505640230674,-0.0343665376408577,0
0.3170973458790516,-0.7402839135174457,-0.0306643346086596,0.8339377635312247,-0.2172505640230674,-0.0343665376408577,0
-0.1205941485572587,-0.1202708517607849,-0.0306643346086596,-0.1448838105613269,-0.2172505640230674,0.7725582445718663,0
0.1712001810669481,-0.669859731223358,-0.419762441558433,-0.1448838105613269,-0.2172505640230674,1.5794830267845903,0
1.9949147412182413,-0.6986524091416587,1.1366299862406606,1.277478863219368,-0.2172505640230674,-0.0343665376408577,0
-0.4853370605875174,0.3465094906832224,-2.754351083257073,-0.1448838105613269,-0.2172505640230674,-0.0343665376408577,0
-0.5582856429935692,0.1705721210423594,-0.419762441558433,-0.1448838105613269,-0.2172505640230674,-0.5185214069684921,0
1.265428917157724,1.178590424854911,2.3039243070899804,-0.1448838105613269,-0.2172505640230674,0.7725582445718663,0
0.462994510691155,1.6793425293412938,-0.419762441558433,-0.1448838105613269,-0.2172505640230674,-0.0343665376408577,0
0.0982515986608963,-0.7660183753990443,-0.419762441558433,-0.1448838105613269,-0.2172505640230674,-0.0343665376408577,0
-0.5582856429935692,2.343657116905166,-0.0306643346086596,-0.1448838105613269,-0.2172505640230674,-0.0343665376408577,0
-1.5795657966782934,-1.0773315125097738,-1.1979586554579795,-0.1448838105613269,-0.2172505640230674,-2.45514088427903,0
-0.7771313902117244,-1.511645530526996,-0.0306643346086596,-0.1448838105613269,-0.2172505640230674,-0.0343665376408577,0
-0.4123884781814657,0.7126338124269814,-0.419762441558433,-0.1448838105613269,-0.2172505640230674,-0.0343665376408577,0
-0.1935427309633105,-0.5311701073669721,-3.1434491902068467,-0.1448838105613269,-0.2172505640230674,-0.0343665376408577,0
1.9219661588121892,0.2484288098033548,-0.419762441558433,-0.1448838105613269,5.174495050849735,-0.0343665376408577,0
-0.6312342253996209,-0.0967992803831237,-0.419762441558433,-0.1448838105613269,-0.2172505640230674,-0.0343665376408577,0
-1.2877714670540863,-1.1800326560085597,-0.419762441558433,-0.1448838105613269,-0.2172505640230674,-0.0343665376408577,0
0.2441487634729998,-0.8197596578272833,-0.0306643346086596,0.0571037600858891,-0.2172505640230674,-0.0343665376408577,0
-0.4853370605875174,2.242035343772274,-3.1434491902068467,0.3478800238064498,-0.2172505640230674,-0.0343665376408577,0
1.4113260819698277,-0.1899186448443167,-0.419762441558433,-0.1448838105613269,-0.2172505640230674,-0.0343665376408577,0
-0.6312342253996209,-1.3281146956804517,1.1366299862406606,-0.1448838105613269,-0.2172505640230674,-0.0343665376408577,0
-1.214822884648035,0.0879245427625675,-0.419762441558433,-0.1448838105613269,-0.2172505640230674,-0.4378289287472198,0
0.6818402579093102,0.023588388058571,1.1366299862406606,-0.1448838105613269,-0.2172505640230674,0.2077108970229594,0
-1.5066172142722416,1.2968572252092336,-0.419762441558433,-0.1448838105613269,-0.2172505640230674,-1.6482161020663058,0
1.8490175764061376,0.165866444973502,1.1366299862406606,-0.1448838105613269,-0.2172505640230674,-0.0343665376408577,0
0.1712001810669481,1.069299441227504,-0.419762441558433,-0.1448838105613269,-0.2172505640230674,-0.0343665376408577,0
-0.6312342253996209,0.0772349888757666,-0.0306643346086596,-0.1448838105613269,-0.2172505640230674,-0.0343665376408577,0
-1.5795657966782934,-0.1140029291097112,-1.1979586554579795,-0.1448838105613269,-0.2172505640230674,-1.6482161020663058,0
-1.43366863186619,-0.656225579233107,-0.419762441558433,-0.1448838105613269,-0.2172505640230674,-0.0343665376408577,0
1.6301718291879828,-1.4679215625471498,1.1366299862406606,-0.1448838105613269,-0.2172505640230674,-0.8412913198535819,0
-0.5582856429935692,-0.1393018555805101,-0.0306643346086596,-0.1448838105613269,-0.2172505640230674,0.7725582445718663,0
-0.4853370605875174,-0.7343000356995022,-0.8088605485082063,-0.1448838105613269,-0.2172505640230674,2.386407808997314,0
-0.1205941485572587,1.272041174954756,0.7475318792908872,-0.1448838105613269,-0.2172505640230674,-0.0343665376408577,0
0.1712001810669481,0.9685487389162122,-0.0306643346086596,-0.1448838105613269,-0.2172505640230674,-0.0343665376408577,0
0.5359430930972068,-1.257643172580842,1.5257280931904338,-0.1448838105613269,-0.2172505640230674,0.3690958534655043,0
-0.047645566151207,-1.1445933289950116,-0.0306643346086596,-0.1448838105613269,-0.2172505640230674,-0.0343665376408577,0
0.3170973458790516,0.2441681373064014,2.3039243070899804,13.267171353549536,-0.2172505640230674,0.3690958534655043,1
1.3383774995637758,-1.2036935906083075,-0.419762441558433,-0.1448838105613269,4.435424124800013,-0.1957514940834025,0
-0.7041828078056727,1.0213716097173302,-0.419762441558433,-0.1448838105613269,-0.2172505640230674,-0.0343665376408577,0
-0.5582856429935692,0.0831525895659797,-0.0306643346086596,-0.1448838105613269,-0.2172505640230674,-1.809601058508851,0
-1.214822884648035,-1.3009978822776194,-0.0306643346086596,-0.1448838105613269,-0.2172505640230674,-0.0343665376408577,0
-0.6312342253996209,-0.6672465187585599,1.5257280931904338,-0.1448838105613269,-0.2172505640230674,0.7725582445718663,0
-0.1935427309633105,0.5112460257376501,-0.419762441558433,-0.1448838105613269,-0.2172505640230674,-0.0343665376408577,0
-0.6312342253996209,1.0399576099651513,0.7475318792908872,-0.1448838105613269,-0.2172505640230674,-0.0343665376408577,0
1.6301718291879828,-1.0969874149623855,-0.0306643346086596,-0.1448838105613269,-0.2172505640230674,-0.0343665376408577,0
-0.4123884781814657,1.5748045625882656,-1.5870567624077532,-0.1448838105613269,-0.2172505640230674,-0.0343665376408577,0
-0.5582856429935692,2.01806599284909,-0.419762441558433,0.8339377635312247,-0.2172505640230674,0.3690958534655043,0
-1.141874302241983,0.5771822996682803,1.1366299862406606,-0.1448838105613269,-0.2172505640230674,-0.0343665376408577,0
-0.4123884781814657,0.7834083166819298,1.1366299862406606,-0.1448838105613269,-0.2172505640230674,-0.0343665376408577,0
-0.6312342253996209,0.042335347045166,-0.0306643346086596,-0.1448838105613269,3.793077246119215,-0.0343665376408577,0
-1.43366863186619,-0.8802043983173958,-0.0306643346086596,-0.1448838105613269,-0.2172505640230674,-2.1323709713939403,0
-0.9959771374298796,-0.338369942799278,-1.1979586554579795,0.2011506730175691,-0.2172505640230674,-0.8412913198535819,0
-0.2664913133693622,-0.4455116538559998,-0.419762441558433,-0.1448838105613269,-0.2172505640230674,-0.8412913198535819,0
1.046583169939569,1.2516467559360056,1.9148262001402072,-0.1448838105613269,-0.2172505640230674,-0.0343665376408577,0
-0.4123884781814657,-1.3412565032932768,-0.0306643346086596,-0.1448838105613269,-0.2172505640230674,-0.0343665376408577,0
-0.850079972617776,0.6240686334569765,-0.419762441558433,-0.1448838105613269,-0.2172505640230674,-0.0343665376408577,0
1.4842746643758793,1.5648819297509162,1.1366299862406606,0.2712964229833686,-0.2172505640230674,-0.0343665376408577,0
0.8277374227214137,-0.4653947921751157,1.1366299862406606,-0.1448838105613269,-0.2172505640230674,-0.0343665376408577,0
-0.6312342253996209,0.9973792894789304,1.1366299862406606,-0.1448838105613269,-0.2172505640230674,1.5794830267845903,0
-1.5066172142722416,0.1005550696757583,-0.419762441558433,-0.1448838105613269,-0.2172505640230674,-0.4378289287472198,0
-1.141874302241983,-1.2617996953056478,-0.0306643346086596,-0.1448838105613269,-0.2172505640230674,-0.8412913198535819,0
1.1195317523456203,2.533370660952845,1.5257280931904338,-0.1448838105613269,-0.2172505640230674,-0.0343665376408577,0
1.1195317523456203,-0.1473971333247216,-0.0306643346086596,-0.1448838105613269,-0.2172505640230674,-0.0343665376408577,0
-0.7041828078056727,0.0003061799029967,1.1366299862406606,1.2660785023262646,-0.2172505640230674,0.7725582445718663,0
-0.4123884781814657,-0.452849478711864,1.1366299862406606,0.5495993506679457,-0.2172505640230674,-0.0343665376408577,0
-0.7771313902117244,-0.9698300113310868,-0.0306643346086596,-0.1448838105613269,-0.2172505640230674,0.7725582445718663,0
-0.7041828078056727,-1.3104849797041689,-0.419762441558433,-0.1448838105613269,-0.2172505640230674,-0.0343665376408577,0
0.1712001810669481,-1.38394844171275,-0.0306643346086596,-0.1448838105613269,-0.2172505640230674,-0.0343665376408577,0
0.8277374227214137,-1.598932507747915,-0.0306643346086596,-0.1448838105613269,-0.2172505640230674,-0.0343665376408577,0
1.8490175764061376,-0.430684513566602,-0.419762441558433,-0.1448838105613269,-0.2172505640230674,-1.4061386674024887,0
2.286709070842448,-0.6175197366385613,1.5257280931904338,-0.1448838105613269,5.353062522915439,-2.616525840721575,0
1.4842746643758793,-0.0318287588851363,1.5257280931904338,-0.1448838105613269,-0.2172505640230674,0.7725582445718663,0
1.4842746643758793,0.0582323895393544,-0.419762441558433,-0.1448838105613269,-0.2172505640230674,-0.0343665376408577,0
1.7031204115940344,0.7151428751196318,1.1366299862406606,-0.1448838105613269,-0.2172505640230674,-0.0343665376408577,0
-1.2877714670540863,1.2900685536974212,-0.0306643346086596,-0.1448838105613269,-0.2172505640230674,-0.4378289287472198,0
-0.7771313902117244,0.0244973315245877,1.1366299862406606,-0.1448838105613269,-0.2172505640230674,-0.0343665376408577,0
-1.0689257198359312,-0.9498711277231364,-1.1979586554579795,-0.1448838105613269,-0.2172505640230674,-0.0343665376408577,0
-0.6312342253996209,1.7738347771626162,-0.0306643346086596,-0.1448838105613269,-0.2172505640230674,-0.6799063634110369,0
0.2441487634729998,0.1425842368179277,0.3584337723411137,-0.1448838105613269,-0.2172505640230674,-1.2447537109599438,0
1.6301718291879828,-0.4622229582051615,1.1366299862406606,-0.1448838105613269,-0.2172505640230674,-0.0343665376408577,0
-1.43366863186619,0.2581715475797216,-0.419762441558433,-0.1448838105613269,-0.2172505640230674,1.5794830267845903,0
0.3900459282851033,-0.7364209037868746,-0.0306643346086596,-0.1448838105613269,-0.2172505640230674,-0.4378289287472198,0
-0.6312342253996209,-0.7730437509384652,-0.0306643346086596,-0.1448838105613269,-0.2172505640230674,-0.0343665376408577,0
-0.339439895775414,0.3774135685277912,0.7475318792908872,-0.1448838105613269,-0.2172505640230674,1.5794830267845903,0
1.7760689940000862,-1.073534779906933,1.5257280931904338,-0.1448838105613269,-0.2172505640230674,-0.0343665376408577,0
0.9006860051274654,0.1238656823146457,-0.419762441558433,-0.1448838105613269,-0.2172505640230674,-0.0343665376408577,0
-1.141874302241983,0.8845377454373952,-0.419762441558433,-0.1448838105613269,-0.2172505640230674,-0.0343665376408577,0
-0.9230285550238276,-0.2384240341818552,1.1366299862406606,-0.1448838105613269,-0.2172505640230674,-2.45514088427903,0
-0.9230285550238276,-0.271382702986066,0.3584337723411137,-0.1448838105613269,-0.2172505640230674,3.1933325912100385,0
-0.4123884781814657,-0.0028561859058531,-0.0306643346086596,-0.1448838105613269,-0.2172505640230674,-0.0343665376408577,0
0.462994510691155,-0.335482153662454,-0.419762441558433,-0.1448838105613269,-0.2172505640230674,-0.0343665376408577,0
-1.214822884648035,0.0884452916233063,-0.419762441558433,-0.1448838105613269,-0.2172505640230674,-1.6482161020663058,0
-0.4853370605875174,-0.1873149005406229,1.1366299862406606,-0.1448838105613269,-0.2172505640230674,-1.6482161020663058,0
0.0253030162548446,0.0175571694351058,-0.419762441558433,-0.1448838105613269,-0.2172505640230674,-0.0343665376408577,0
-0.2664913133693622,-0.1916702546486197,0.7475318792908872,-0.1448838105613269,-0.2172505640230674,-0.0343665376408577,0
-1.141874302241983,-1.3290804481130944,-0.0306643346086596,-0.1448838105613269,-0.2172505640230674,-0.0343665376408577,0
-1.141874302241983,2.3925033600424603,1.1366299862406606,-0.1448838105613269,2.4910227623067853,-0.0343665376408577,0
-0.1205941485572587,2.138198020940968,-0.0306643346086596,-0.1448838105613269,-0.2172505640230674,-0.0343665376408577,0
0.0253030162548446,-0.0647779595282427,1.5257280931904338,-0.1448838105613269,-0.2172505640230674,0.3690958534655043,0
-0.1205941485572587,0.4936257779224716,-0.0306643346086596,-0.1448838105613269,-0.2172505640230674,-0.8412913198535819,0
1.6301718291879828,-1.0298865572159217,1.5257280931904338,-0.1448838105613269,-0.2172505640230674,0.3690958534655043,0
-0.7771313902117244,0.0330281446795989,-0.419762441558433,-0.1448838105613269,-0.2172505640230674,-0.0343665376408577,0
0.8277374227214137,-0.9087509040469836,-0.419762441558433,-0.1448838105613269,-0.2172505640230674,-0.0343665376408577,0
0.6818402579093102,-0.4286488589291686,-0.0306643346086596,-0.1448838105613269,-0.2172505640230674,-0.8412913198535819,0
-0.047645566151207,0.7288148997543001,1.5257280931904338,-0.1448838105613269,-0.2172505640230674,1.5794830267845903,0
-0.7041828078056727,-0.5546606150668419,-0.419762441558433,-0.1448838105613269,-0.2172505640230674,-1.2447537109599438,0
-0.1935427309633105,1.1601937878291768,-0.419762441558433,-0.1448838105613269,-0.2172505640230674,1.5794830267845903,0
0.3900459282851033,0.3108808004475875,-0.0306643346086596,-0.1448838105613269,-0.2172505640230674,0.3690958534655043,0
0.754788840315362,-0.618400275621265,1.1366299862406606,-0.1448838105613269,-0.2172505640230674,1.5794830267845903,0
1.3383774995637758,-0.4393573491381782,1.1366299862406606,0.8339377635312247,-0.2172505640230674,1.5794830267845903,0
-0.6312342253996209,0.3796953953539373,-1.5870567624077532,-0.1448838105613269,-0.2172505640230674,-0.0343665376408577,0
-1.141874302241983,1.385573894756908,1.1366299862406606,-0.1448838105613269,-0.2172505640230674,-0.6799063634110369,0
1.9949147412182413,-1.1499144355356512,-1.9761548693575264,-0.1448838105613269,-0.2172505640230674,-0.0343665376408577,0
0.3900459282851033,-0.4988174008734392,1.5257280931904338,1.8701635077678724,-0.2172505640230674,-0.4378289287472198,0
1.557223246781931,1.309838074083285,-0.0306643346086596,-0.1448838105613269,-0.2172505640230674,-1.6482161020663058,0
0.9006860051274654,0.5678466928194001,-0.0306643346086596,-0.1448838105613269,-0.2172505640230674,0.6111732881293215,0
-1.214822884648035,1.8862029131489344,-0.419762441558433,-0.1448838105613269,-0.2172505640230674,0.3690958534655043,0
2.2137604884363964,-0.2334153769576589,-0.419762441558433,0.1955175535174475,-0.2172505640230674,-0.0343665376408577,0
0.6088916755032585,-0.2289937457219316,-0.0306643346086596,-0.1448838105613269,-0.2172505640230674,0.2077108970229594,0
-0.1205941485572587,0.382185521724379,-0.419762441558433,-0.1448838105613269,-0.2172505640230674,0.4497883316867767,0
-0.9230285550238276,-0.4991487865120911,-0.419762441558433,-0.1448838105613269,-0.2172505640230674,-0.0343665376408577,0
0.0253030162548446,-0.5532309227400865,1.5257280931904338,-0.1448838105613269,-0.2172505640230674,-0.0343665376408577,0
-0.4853370605875174,-0.0858446179854013,1.1366299862406606,-0.1448838105613269,-0.2172505640230674,-0.0343665376408577,0
-0.7771313902117244,-0.5568572284430491,-1.5870567624077532,-0.1448838105613269,-0.2172505640230674,-0.3571364505259474,0
-0.6312342253996209,0.8990903090547672,-0.419762441558433,-0.1448838105613269,-0.2172505640230674,-0.0343665376408577,0
0.1712001810669481,0.2922001185887229,2.3039243070899804,-0.1448838105613269,-0.2172505640230674,0.7725582445718663,0
-1.43366863186619,-0.7893005835546186,-0.0306643346086596,-0.1448838105613269,-0.2172505640230674,-1.6482161020663058,0
0.5359430930972068,-0.0197757897993103,-0.419762441558433,-0.1448838105613269,-0.2172505640230674,-0.0343665376408577,0
-1.360720049460138,-0.9052760889216904,-0.0306643346086596,-0.1448838105613269,-0.2172505640230674,-2.051678493172668,0
1.8490175764061376,1.1629584908716444,1.1366299862406606,-0.1448838105613269,-0.2172505640230674,-0.0343665376408577,0
-0.9230285550238276,1.1721899479483766,-0.0306643346086596,-0.1448838105613269,-0.2172505640230674,-0.8412913198535819,0
-0.047645566151207,0.4423651537035699,-0.419762441558433,-0.1448838105613269,-0.2172505640230674,0.3690958534655043,0
-0.4853370605875174,0.5767372960963763,-0.0306643346086596,-0.1448838105613269,-0.2172505640230674,-0.1957514940834025,0
-0.850079972617776,0.9154039506375466,1.1366299862406606,-0.1448838105613269,-0.2172505640230674,-0.4378289287472198,0
0.9006860051274654,-1.4804952804937144,-0.419762441558433,-0.1448838105613269,-0.2172505640230674,-0.0343665376408577,0
1.1924803347516724,-0.3978205263734346,-0.419762441558433,-0.1448838105613269,-0.2172505640230674,-1.3254461891812162,0
0.3900459282851033,0.5149196722461343,-0.0306643346086596,-0.1448838105613269,-0.2172505640230674,1.5794830267845903,0
0.0253030162548446,1.4141582731309132,1.1366299862406606,-0.1448838105613269,-0.2172505640230674,0.7725582445718663,0
-1.360720049460138,0.833485420762789,-3.53254729715662,-0.1448838105613269,-0.2172505640230674,-0.6799063634110369,0
2.1408119060303448,-1.072729986213064,-0.419762441558433,-0.1448838105613269,-0.2172505640230674,-0.4378289287472198,0
-0.1205941485572587,-0.9786259329970196,-0.0306643346086596,-0.1448838105613269,-0.2172505640230674,0.3690958534655043,0
0.5359430930972068,-0.6900458506978128,-0.419762441558433,-0.1448838105613269,-0.2172505640230674,-0.0343665376408577,0
-1.5066172142722416,1.4123309180377754,-0.419762441558433,-0.1448838105613269,-0.2172505640230674,-1.6482161020663058,0
1.4842746643758793,2.4938884291477432,-0.0306643346086596,-0.1448838105613269,-0.2172505640230674,-0.3571364505259474,0
-0.2664913133693622,0.135568329439611,-0.419762441558433,-0.1448838105613269,-0.2172505640230674,1.5794830267845903,0
-1.141874302241983,1.7748194659174676,-0.0306643346086596,-0.1448838105613269,-0.2172505640230674,-1.2447537109599438,0
-1.0689257198359312,2.943076928259885,-0.419762441558433,-0.1448838105613269,-0.2172505640230674,-0.0343665376408577,0
0.6088916755032585,-1.251081736935534,-0.0306643346086596,-0.1448838105613269,-0.2172505640230674,-0.0343665376408577,0
0.3170973458790516,-1.436629290097303,1.5257280931904338,-0.1448838105613269,-0.2172505640230674,0.7725582445718663,0
0.3170973458790516,-0.5469819364112215,1.1366299862406606,-0.1448838105613269,-0.2172505640230674,-0.0343665376408577,0
0.5359430930972068,-0.6850845342791382,-1.9761548693575264,-0.1448838105613269,-0.2172505640230674,-0.0343665376408577,0
0.3900459282851033,0.1334190568689257,1.1366299862406606,-0.1448838105613269,-0.2172505640230674,-0.0343665376408577,0
-0.2664913133693622,2.51663095212037,1.1366299862406606,-0.1448838105613269,-0.2172505640230674,-0.0343665376408577,0
1.7760689940000862,2.3759151417876554,-3.53254729715662,-0.1448838105613269,-0.2172505640230674,-0.8412913198535819,0
0.462994510691155,0.6779992791073024,1.1366299862406606,0.5495993506679457,-0.2172505640230674,-0.0343665376408577,0
-0.5582856429935692,-0.0659993523107027,0.7475318792908872,-0.1448838105613269,-0.2172505640230674,-0.0343665376408577,0
0.9006860051274654,-0.816748782596103,-0.419762441558433,-0.1448838105613269,-0.2172505640230674,-0.0343665376408577,0
-0.1935427309633105,-1.4981628691144149,-0.419762441558433,-0.1448838105613269,-0.2172505640230674,0.2077108970229594,0
-0.9230285550238276,0.4341183853816889,1.1366299862406606,-0.1448838105613269,-0.2172505640230674,-0.0343665376408577,0
1.1924803347516724,1.6124499711391251,1.1366299862406606,-0.1448838105613269,4.462705266365607,-0.0343665376408577,0
-1.5066172142722416,1.390431061403435,-0.8088605485082063,-0.1448838105613269,-0.2172505640230674,-1.6482161020663058,0
1.1924803347516724,0.8981150884610201,-2.754351083257073,-0.1448838105613269,-0.2172505640230674,-0.0343665376408577,0
0.6818402579093102,-0.1039950828224228,-0.419762441558433,-0.1448838105613269,-0.2172505640230674,-0.0343665376408577,0
0.8277374227214137,-0.267301925550095,-0.419762441558433,-0.1448838105613269,-0.2172505640230674,0.7725582445718663,0
-0.4123884781814657,2.307441400681061,-3.1434491902068467,-0.1448838105613269,-0.2172505640230674,-0.4378289287472198,0
-1.2877714670540863,-0.2820627887117625,-0.0306643346086596,-0.1448838105613269,-0.2172505640230674,-0.0343665376408577,0
0.8277374227214137,-0.806390614347954,1.5257280931904338,-0.1448838105613269,-0.2172505640230674,-0.0343665376408577,0
-0.047645566151207,-0.2291641726218098,-0.419762441558433,-0.1448838105613269,-0.2172505640230674,1.5794830267845903,0
1.7760689940000862,1.489392281266006,1.1366299862406606,0.8862453017466392,-0.2172505640230674,-0.3571364505259474,0
-0.850079972617776,1.6177048005520342,-0.419762441558433,-0.1448838105613269,-0.2172505640230674,-0.0343665376408577,0
-1.214822884648035,1.2009352850611557,-0.419762441558433,-0.1448838105613269,-0.2172505640230674,0.7725582445718663,0
-0.7771313902117244,0.1055637268999547,-2.3652529763073,-0.1448838105613269,-0.2172505640230674,3.516102504095128,0
-0.7041828078056727,0.3347405664305267,-0.419762441558433,-0.1448838105613269,-0.2172505640230674,-0.0343665376408577,0
-1.5066172142722416,0.4411437609211099,-1.1979586554579795,-0.1448838105613269,-0.2172505640230674,-2.293755927836485,0
-0.4853370605875174,0.1427073229122841,1.1366299862406606,-0.1448838105613269,-0.2172505640230674,-0.0343665376408577,0
0.2441487634729998,0.0602112352101617,1.1366299862406606,-0.1448838105613269,-0.2172505640230674,0.6111732881293215,0
-0.2664913133693622,-1.199129936956015,-0.0306643346086596,-0.1448838105613269,-0.2172505640230674,-0.4378289287472198,0
-1.43366863186619,1.5346690276669646,-1.5870567624077532,-0.1448838105613269,-0.2172505640230674,-0.8412913198535819,0
0.754788840315362,-0.6235982960675482,-0.419762441558433,-0.1448838105613269,-0.2172505640230674,-0.0343665376408577,0
-0.1205941485572587,-1.5430419527489905,-0.0306643346086596,-0.1448838105613269,3.4657035473320894,0.2884033752442319,0
-0.4853370605875174,-1.3537450077899025,-0.419762441558433,-0.1448838105613269,-0.2172505640230674,-0.0343665376408577,0
-0.7771313902117244,0.7485181430124336,-0.419762441558433,-0.1448838105613269,-0.2172505640230674,0.4497883316867767,0
0.0253030162548446,0.944546950516708,-2.754351083257073,-0.1448838105613269,-0.2172505640230674,0.7725582445718663,0
0.0982515986608963,-0.1823251796386353,-0.419762441558433,-0.1448838105613269,4.100610114676817,-0.0343665376408577,0
-0.9230285550238276,0.8203152086666508,-0.0306643346086596,-0.1448838105613269,-0.2172505640230674,-1.6482161020663058,0
-1.43366863186619,0.1954071076190457,-0.0306643346086596,-0.1448838105613269,4.05100803910301,-0.8412913198535819,0
0.6818402579093102,0.793103713652775,-0.419762441558433,-0.1448838105613269,3.698833302528982,-0.0343665376408577,0
-0.9230285550238276,1.385460276823656,-0.419762441558433,-0.1448838105613269,-0.2172505640230674,-0.1957514940834025,0
2.724400565278758,2.2867724049902853,-2.3652529763073,-0.1448838105613269,-0.2172505640230674,-3.1006807100492093,0
-0.4123884781814657,-0.7450653348751378,-0.0306643346086596,-0.1448838105613269,-0.2172505640230674,-0.0343665376408577,0
0.462994510691155,1.6301554324042429,-0.419762441558433,-0.1448838105613269,-0.2172505640230674,-0.0343665376408577,0
-0.2664913133693622,-1.431601696550898,-0.419762441558433,-0.1448838105613269,-0.2172505640230674,-1.5675236238450334,0
0.9006860051274654,-1.01202013721203,-0.419762441558433,-0.1448838105613269,-0.2172505640230674,-0.0343665376408577,0
0.6088916755032585,-0.73196139990673,-1.5870567624077532,-0.1448838105613269,-0.2172505640230674,-0.0343665376408577,0
0.1712001810669481,-0.1745518193719714,-0.0306643346086596,-0.1448838105613269,-0.2172505640230674,0.6111732881293215,0
-0.1205941485572587,-0.7247845337896396,0.3584337723411137,-0.1448838105613269,-0.2172505640230674,-0.0343665376408577,0
-0.339439895775414,1.4490011059948875,1.5257280931904338,-0.1448838105613269,-0.2172505640230674,-0.0343665376408577,0
0.462994510691155,1.7795630146307424,-0.0306643346086596,-0.1448838105613269,-0.2172505640230674,-0.0343665376408577,0
0.5359430930972068,-0.2602102728829437,1.1366299862406606,-0.1448838105613269,-0.2172505640230674,-0.0343665376408577,0
-0.1205941485572587,0.0487642284350135,-0.419762441558433,-0.1448838105613269,-0.2172505640230674,0.127018418801687,0
0.8277374227214137,-0.3241582329816622,1.1366299862406606,-0.1448838105613269,-0.2172505640230674,-0.0343665376408577,0
-1.141874302241983,0.4459441186010108,-0.0306643346086596,-0.1448838105613269,-0.2172505640230674,-0.0343665376408577,0
1.8490175764061376,-0.6006285372284171,-0.419762441558433,-0.1448838105613269,-0.2172505640230674,-1.6482161020663058,0
-0.6312342253996209,0.0559221582298952,-0.0306643346086596,0.3010714831982968,-0.2172505640230674,0.7725582445718663,0
-0.9959771374298796,-0.0953506517341596,-1.9761548693575264,-0.1448838105613269,-0.2172505640230674,-0.1957514940834025,0
-0.6312342253996209,1.2528302760740484,1.5257280931904338,1.8701635077678724,-0.2172505640230674,1.5794830267845903,0
1.4113260819698277,-0.290186470939287,-1.9761548693575264,-0.1448838105613269,-0.2172505640230674,-0.0343665376408577,0
-0.4853370605875174,0.3695076540056665,-0.0306643346086596,-0.1448838105613269,-0.2172505640230674,-0.0343665376408577,0
-0.6312342253996209,1.4718477787396624,-0.0306643346086596,-0.1448838105613269,-0.2172505640230674,0.7725582445718663,0
2.286709070842448,-0.1113802484838087,-0.0306643346086596,0.7287861995289555,-0.2172505640230674,-0.0343665376408577,0
-0.850079972617776,-0.6584505970926271,1.1366299862406606,-0.1448838105613269,4.462705266365607,0.3690958534655043,0
-1.43366863186619,0.0219314598653113,-1.5870567624077532,-0.1448838105613269,-0.2172505640230674,-0.0343665376408577,0
1.1924803347516724,1.9618819248559312,-0.0306643346086596,-0.1448838105613269,-0.2172505640230674,-1.2447537109599438,0
-0.2664913133693622,-0.5174318056045735,-0.0306643346086596,-0.1448838105613269,-0.2172505640230674,2.7898702001036764,0
-0.1935427309633105,-1.487283952005527,-0.0306643346086596,-0.1448838105613269,-0.2172505640230674,-0.0343665376408577,0
-0.1935427309633105,-0.0474796291906119,-0.419762441558433,-0.1448838105613269,-0.2172505640230674,-0.0343665376408577,0
0.5359430930972068,-0.7149376462411251,1.5257280931904338,-0.1448838105613269,4.499906823045962,0.3690958534655043,0
1.1195317523456203,0.9106888064075848,-0.419762441558433,-0.1448838105613269,-0.2172505640230674,-0.0343665376408577,0
0.6088916755032585,1.860174938273101,-0.419762441558433,-0.1448838105613269,-0.2172505640230674,-0.4378289287472198,0
0.6818402579093102,-1.3538775620453634,0.7475318792908872,-0.1448838105613269,-0.2172505640230674,0.127018418801687,0
1.8490175764061376,-0.9581747050116431,-0.0306643346086596,-0.1448838105613269,-0.2172505640230674,-0.0343665376408577,0
0.2441487634729998,0.526877959720917,-0.419762441558433,-0.1448838105613269,-0.2172505640230674,0.7725582445718663,0
-0.1935427309633105,0.1595511815169066,-0.419762441558433,-0.1448838105613269,-0.2172505640230674,-0.0343665376408577,0
-0.9959771374298796,0.4096715934102807,-0.0306643346086596,-0.1448838105613269,-0.2172505640230674,-0.0343665376408577,0
-0.339439895775414,-0.2101521051242932,-0.419762441558433,-0.1448838105613269,-0.2172505640230674,-0.0343665376408577,0
0.9006860051274654,-0.6833518607970437,1.5257280931904338,-0.1448838105613269,-0.2172505640230674,-0.0343665376408577,0
-1.214822884648035,-0.875404040637495,-0.419762441558433,-0.1448838105613269,-0.2172505640230674,-2.051678493172668,0
-0.4853370605875174,2.5808818933744275,1.1366299862406606,-0.1448838105613269,-0.2172505640230674,-0.0343665376408577,0
0.9736345875335172,0.3122252793244039,-0.8088605485082063,-0.1448838105613269,-0.2172505640230674,-0.0343665376408577,0
1.4113260819698277,-0.0398672276627218,-1.1979586554579795,-0.1448838105613269,-0.2172505640230674,-0.0343665376408577,0
-0.9959771374298796,0.6922015207638138,1.1366299862406606,0.773717033637068,-0.2172505640230674,0.7725582445718663,0
-1.214822884648035,0.2866139035371617,-0.0306643346086596,-0.1448838105613269,-0.2172505640230674,-0.0343665376408577,0
0.5359430930972068,1.6557762763525892,1.5257280931904338,-0.1448838105613269,4.685914606447738,0.127018418801687,0
-1.2877714670540863,0.3005983774882733,-0.419762441558433,-0.1448838105613269,-0.2172505640230674,-0.0343665376408577,0
-0.339439895775414,0.3665725240633208,-0.419762441558433,-0.1448838105613269,-0.2172505640230674,2.386407808997314,0
-0.9230285550238276,-0.8318504995575268,-0.419762441558433,0.622427538490946,-0.2172505640230674,-0.0343665376408577,0
-0.4123884781814657,0.0033833322619075,-0.0306643346086596,-0.1448838105613269,-0.2172505640230674,-1.809601058508851,0
1.265428917157724,-0.0720305709341679,1.1366299862406606,-0.1448838105613269,-0.2172505640230674,0.6111732881293215,0
-0.7771313902117244,-0.5186626665481378,1.5257280931904338,-0.1448838105613269,-0.2172505640230674,-0.0343665376408577,0
-0.1205941485572587,-0.8496222379503746,1.5257280931904338,0.8862453017466392,-0.2172505640230674,0.7725582445718663,0
-1.5795657966782934,0.477889694167057,-1.1979586554579795,-0.1448838105613269,-0.2172505640230674,-0.8412913198535819,0
-0.4853370605875174,1.7626244744150763,-1.1979586554579795,-0.1448838105613269,-0.2172505640230674,-0.0343665376408577,0
0.3900459282851033,0.0886346548453931,-0.0306643346086596,-0.1448838105613269,3.205292650569604,-0.0343665376408577,0
0.2441487634729998,-1.5145995967915504,-0.419762441558433,-0.1448838105613269,-0.2172505640230674,0.127018418801687,0
-1.5795657966782934,-0.2248845638026477,-1.1979586554579795,-0.1448838105613269,-0.2172505640230674,-1.6482161020663058,0
-1.2877714670540863,-1.2214085200345297,-0.419762441558433,-0.1448838105613269,-0.2172505640230674,0.7725582445718663,0
-0.047645566151207,-1.0592757292837955,-0.419762441558433,-0.1448838105613269,-0.2172505640230674,1.256713113899501,0
-0.7771313902117244,0.9379287059047736,1.1366299862406606,-0.1448838105613269,-0.2172505640230674,-1.6482161020663058,0
-0.339439895775414,-0.072560787956011,-1.1979586554579795,0.4473984683085975,-0.2172505640230674,-0.8412913198535819,0
1.1924803347516724,0.6481082945008981,1.9148262001402072,-0.1448838105613269,4.499906823045962,-0.0343665376408577,0
-0.047645566151207,0.3823654167853615,-0.0306643346086596,-0.1448838105613269,-0.2172505640230674,-0.0343665376408577,0
-0.6312342253996209,-1.5658223483660347,1.1366299862406606,-0.1448838105613269,-0.2172505640230674,0.3690958534655043,0
-0.047645566151207,-0.3105903581191417,1.1366299862406606,-0.1448838105613269,-0.2172505640230674,-0.0343665376408577,0
0.0982515986608963,-1.259442123190667,-0.419762441558433,-0.1448838105613269,-0.2172505640230674,-0.0343665376408577,0
-0.6312342253996209,0.9831959841446276,0.3584337723411137,-0.1448838105613269,-0.2172505640230674,-0.0343665376408577,0
0.0253030162548446,-0.7190562963215134,1.5257280931904338,1.0104421745350338,-0.2172505640230674,-0.0343665376408577,0
0.6818402579093102,-0.0185070562113287,0.7475318792908872,-0.1448838105613269,4.365981218996684,0.4497883316867767,0
-1.360720049460138,0.0469652778251887,-0.419762441558433,-0.1448838105613269,-0.2172505640230674,-0.0343665376408577,0
-0.2664913133693622,1.5387498051029354,-0.419762441558433,-0.1448838105613269,-0.2172505640230674,-0.0343665376408577,0
0.2441487634729998,-0.3705522223929328,1.5257280931904338,-0.1448838105613269,-0.2172505640230674,0.4497883316867767,0
-0.9959771374298796,0.5637753835445335,-0.0306643346086596,-0.1448838105613269,-0.2172505640230674,-0.0343665376408577,0
-0.9959771374298796,0.3980825642185674,-0.0306643346086596,-0.1448838105613269,-0.2172505640230674,-0.0343665376408577,0
-1.2877714670540863,-0.2325632424582682,-0.0306643346086596,-0.1448838105613269,-0.2172505640230674,-0.0343665376408577,0
-1.214822884648035,0.2138984262558235,-0.0306643346086596,-0.1448838105613269,-0.2172505640230674,-0.1150590158621301,0
-0.2664913133693622,0.1570137143409432,-1.9761548693575264,-0.1448838105613269,-0.2172505640230674,-0.0343665376408577,0
0.3900459282851033,-0.2719886652967438,-0.419762441558433,-0.1448838105613269,-0.2172505640230674,-0.0343665376408577,0
-0.4853370605875174,-0.2687221497157462,-1.9761548693575264,-0.1448838105613269,-0.2172505640230674,0.3690958534655043,0
0.9006860051274654,-0.0485495313954024,-0.419762441558433,-0.1448838105613269,-0.2172505640230674,-0.0343665376408577,0
-0.7041828078056727,-0.267245116583469,-0.419762441558433,-0.1448838105613269,-0.2172505640230674,-0.0343665376408577,0
-0.1935427309633105,-0.0213853771870483,1.5257280931904338,-0.1448838105613269,-0.2172505640230674,0.7725582445718663,0
-1.2877714670540863,-0.1900227946164644,-0.0306643346086596,-0.1448838105613269,-0.2172505640230674,-0.4378289287472198,0
0.9006860051274654,-1.5668354416041994,1.1366299862406606,-0.1448838105613269,-0.2172505640230674,-0.0343665376408577,0
0.2441487634729998,0.555651701317009,-0.419762441558433,-0.1448838105613269,-0.2172505640230674,-0.0343665376408577,0
0.1712001810669481,1.0185690340304452,1.9148262001402072,-0.1448838105613269,5.7722000615141065,0.3690958534655043,0
-0.4853370605875174,0.6759257518254517,-0.0306643346086596,-0.1448838105613269,-0.2172505640230674,0.7725582445718663,0
-0.5582856429935692,-1.3281146956804517,-0.0306643346086596,-0.1448838105613269,-0.2172505640230674,-0.0343665376408577,0
0.462994510691155,-0.2235779575702486,-0.419762441558433,-0.1448838105613269,-0.2172505640230674,-0.0343665376408577,0
0.1712001810669481,-1.504591750504262,-2.3652529763073,-0.1448838105613269,-0.2172505640230674,1.5794830267845903,0
0.3900459282851033,0.6119588554045244,1.5257280931904338,-0.1448838105613269,-0.2172505640230674,-0.0343665376408577,0
-0.047645566151207,-1.1734049432355211,0.3584337723411137,-0.1448838105613269,-0.2172505640230674,-0.0343665376408577,0
-1.5066172142722416,1.2168512638775528,-1.1979586554579795,-0.1448838105613269,-0.2172505640230674,-2.051678493172668,0
-0.047645566151207,-0.4367820093177975,-0.419762441558433,-0.1448838105613269,-0.2172505640230674,-0.0343665376408577,0
-0.339439895775414,0.3793072007486593,-0.419762441558433,-0.1448838105613269,-0.2172505640230674,-0.4378289287472198,0
0.2441487634729998,-0.1463177629588267,1.9148262001402072,-0.1448838105613269,-0.2172505640230674,-0.1957514940834025,0
0.3170973458790516,-0.5400323061606352,-0.0306643346086596,-0.1448838105613269,-0.2172505640230674,-0.0343665376408577,0
0.9736345875335172,-0.1939804859580789,-1.9761548693575264,-0.1448838105613269,-0.2172505640230674,-1.2447537109599438,0
-0.5582856429935692,-0.6652203322822309,-0.419762441558433,-0.1448838105613269,-0.2172505640230674,-0.0343665376408577,0
0.0982515986608963,0.0358780611720055,0.7475318792908872,-0.1448838105613269,-0.2172505640230674,-0.0343665376408577,0
0.1712001810669481,1.4347515235328547,1.1366299862406606,-0.1448838105613269,-0.2172505640230674,-0.0343665376408577,0
1.1924803347516724,-0.1829216737882087,-0.419762441558433,-0.1448838105613269,-0.2172505640230674,-0.0343665376408577,0
-0.4123884781814657,-1.4433043436758632,0.3584337723411137,1.2660785023262646,-0.2172505640230674,3.1933325912100385,0
-0.9959771374298796,0.6971439008602797,-0.419762441558433,-0.1448838105613269,-0.2172505640230674,0.7725582445718663,0
-1.5066172142722416,-0.285073663942943,-1.1979586554579795,-0.1448838105613269,-0.2172505640230674,-1.6482161020663058,0
-0.9959771374298796,1.36780215636406,1.5257280931904338,-0.1448838105613269,-0.2172505640230674,-1.6482161020663058,0
-0.047645566151207,0.100545601514654,2.3039243070899804,-0.1448838105613269,-0.2172505640230674,-0.0343665376408577,0
1.265428917157724,1.073882031202005,-0.0306643346086596,-0.1448838105613269,-0.2172505640230674,0.7725582445718663,0
0.3900459282851033,-1.5413187474280006,2.3039243070899804,-0.1448838105613269,2.4910227623067853,-0.0343665376408577,0
-0.047645566151207,0.1887888630071114,-0.0306643346086596,-0.1448838105613269,-0.2172505640230674,-0.0343665376408577,0
-0.5582856429935692,-1.2487431011427617,-0.419762441558433,-0.1448838105613269,-0.2172505640230674,0.7725582445718663,0
1.557223246781931,0.1474792761088719,-0.419762441558433,-0.1448838105613269,6.129335005645515,0.7725582445718663,0
-1.5795657966782934,0.9160667219148504,-1.5870567624077532,-0.1448838105613269,-0.2172505640230674,-1.2447537109599438,0
-0.1935427309633105,1.981320059603143,-0.419762441558433,-0.1448838105613269,-0.2172505640230674,-0.0343665376408577,0
-0.339439895775414,1.9818597447860904,1.1366299862406606,-0.1448838105613269,-0.2172505640230674,-0.0343665376408577,0
-1.360720049460138,-0.2604280405883435,-0.0306643346086596,-0.1448838105613269,-0.2172505640230674,0.3690958534655043,0
0.9006860051274654,-0.1656422797727866,2.3039243070899804,-0.1448838105613269,6.7865625069984565,-0.0343665376408577,0
-0.1935427309633105,-0.5938019930721873,-0.419762441558433,-0.1448838105613269,-0.2172505640230674,-0.0343665376408577,0
1.1195317523456203,-0.813084604248723,1.5257280931904338,0.622427538490946,-0.2172505640230674,-0.4378289287472198,0
2.1408119060303448,0.0180968546180533,1.5257280931904338,0.2940971447695749,-0.2172505640230674,-0.0343665376408577,0
0.5359430930972068,0.7514343366325705,-0.0306643346086596,-0.1448838105613269,-0.2172505640230674,-0.0343665376408577,0
-1.0689257198359312,0.0087233751247557,1.1366299862406606,-0.1448838105613269,-0.2172505640230674,0.7725582445718663,0
0.8277374227214137,0.7715636471403994,-0.0306643346086596,-0.1448838105613269,-0.2172505640230674,-0.0343665376408577,0
0.3900459282851033,0.200775554965207,-1.1979586554579795,-0.1448838105613269,-0.2172505640230674,-0.0343665376408577,0
1.3383774995637758,1.7594905130895395,1.1366299862406606,-0.1448838105613269,-0.2172505640230674,1.1760206356782283,0
-0.7041828078056727,3.3499048745912057,-0.0306643346086596,-0.1448838105613269,-0.2172505640230674,-0.0343665376408577,0
0.1712001810669481,-1.4488053452774854,1.5257280931904338,-0.1448838105613269,4.365981218996684,-0.0343665376408577,0
-0.5582856429935692,-1.2302707188281927,-0.419762441558433,-0.1448838105613269,-0.2172505640230674,-0.0343665376408577,0
-0.7771313902117244,-0.0747384650100094,1.1366299862406606,-0.1448838105613269,-0.2172505640230674,0.7725582445718663,0
1.4842746643758793,-0.2899308305894698,-0.419762441558433,-0.1448838105613269,-0.2172505640230674,-0.0343665376408577,0
-0.7041828078056727,-0.1905530116383075,-0.419762441558433,0.5495993506679457,-0.2172505640230674,-0.0343665376408577,0
-0.1935427309633105,-0.772286298050118,-0.419762441558433,-0.1448838105613269,-0.2172505640230674,0.7725582445718663,0
0.5359430930972068,0.7443048113210018,1.1366299862406606,-0.1448838105613269,-0.2172505640230674,-0.0343665376408577,0
-0.850079972617776,0.2296155736890294,-0.419762441558433,-0.1448838105613269,-0.2172505640230674,-0.0343665376408577,0
-0.9230285550238276,0.2233381828768514,-0.419762441558433,-0.1448838105613269,-0.2172505640230674,1.9829454178909525,0
0.3900459282851033,1.5461633752476345,1.1366299862406606,-0.1448838105613269,-0.2172505640230674,0.3690958534655043,0
0.6088916755032585,-0.2821574703228059,2.3039243070899804,-0.1448838105613269,-0.2172505640230674,0.7725582445718663,0
0.6818402579093102,-0.8940373816908379,-0.0306643346086596,-0.1448838105613269,-0.2172505640230674,-0.4378289287472198,0
-0.5582856429935692,-0.3726730904803051,2.3039243070899804,-0.1448838105613269,-0.2172505640230674,4.000257373422762,0
-0.1935427309633105,-0.1141260152040676,-2.754351083257073,-0.1448838105613269,-0.2172505640230674,-0.0343665376408577,0
0.1712001810669481,-0.0436734284266668,-0.419762441558433,-0.1448838105613269,-0.2172505640230674,-0.0343665376408577,0
0.9006860051274654,0.3678033850068851,-0.419762441558433,-0.1448838105613269,-0.2172505640230674,0.3690958534655043,0
-1.0689257198359312,2.3591754329551806,1.1366299862406606,-0.1448838105613269,-0.2172505640230674,-0.0343665376408577,0
0.0253030162548446,0.5874079136609685,-1.5870567624077532,-0.1448838105613269,4.05100803910301,-2.051678493172668,0
-0.7771313902117244,0.2120710711626857,1.1366299862406606,-0.1448838105613269,4.693354917783808,-0.0343665376408577,0
1.3383774995637758,1.4648318713613455,-0.0306643346086596,0.8862453017466392,-0.2172505640230674,2.7898702001036764,0
-0.4123884781814657,0.0162410950416024,1.1366299862406606,-0.1448838105613269,-0.2172505640230674,-0.0343665376408577,0
-1.0689257198359312,1.1849340927948195,-0.0306643346086596,0.146697184516394,-0.2172505640230674,-0.0343665376408577,0
0.2441487634729998,2.333308416818121,0.7475318792908872,-0.1448838105613269,-0.2172505640230674,0.7725582445718663,0
0.5359430930972068,-0.007656543585754,1.5257280931904338,-0.1448838105613269,3.6616317458486263,0.7725582445718663,0
-1.2877714670540863,-0.6783621398950561,-0.0306643346086596,-0.1448838105613269,-0.2172505640230674,-0.4378289287472198,0
0.2441487634729998,-0.0429917208271543,1.9148262001402072,-0.1448838105613269,4.462705266365607,-0.0343665376408577,0
0.3170973458790516,-1.3979139793416528,-0.419762441558433,-0.1448838105613269,-0.2172505640230674,-0.0343665376408577,0
0.9006860051274654,-1.2861234011826996,-0.419762441558433,-0.1448838105613269,-0.2172505640230674,0.4497883316867767,0
0.1712001810669481,-0.5577661719090657,1.1366299862406606,-0.1448838105613269,-0.2172505640230674,-1.3254461891812162,0
-1.360720049460138,0.8377934340652641,-0.0306643346086596,-0.1448838105613269,-0.2172505640230674,-0.0343665376408577,0
-0.7771313902117244,-1.4431339167759851,1.1366299862406606,-0.1448838105613269,-0.2172505640230674,-1.970986014951396,0
1.9949147412182413,-0.7808739201717552,-0.419762441558433,-0.1448838105613269,-0.2172505640230674,-1.809601058508851,0
-1.0689257198359312,1.7932350392654106,-0.0306643346086596,-0.1448838105613269,5.251378267989135,-1.3254461891812162,0
-1.2877714670540863,0.2134439545228151,0.7475318792908872,-0.1448838105613269,-0.2172505640230674,-0.0343665376408577,0
0.3900459282851033,-0.3652879248189192,1.1366299862406606,-0.1448838105613269,4.499906823045962,0.7725582445718663,0
0.0982515986608963,-0.2504770032676812,1.1366299862406606,1.2660785023262646,-0.2172505640230674,-0.0343665376408577,0
-1.5795657966782934,-0.5899011106971989,-1.5870567624077532,-0.1448838105613269,-0.2172505640230674,-1.6482161020663058,0
1.265428917157724,1.5854278393473362,1.5257280931904338,-0.1448838105613269,-0.2172505640230674,-0.0343665376408577,0
-1.214822884648035,-1.4601955430860076,-0.419762441558433,-0.1448838105613269,-0.2172505640230674,-1.486831145623761,0
0.8277374227214137,-1.1993287683392064,-0.0306643346086596,-0.1448838105613269,-0.2172505640230674,1.5794830267845903,0
0.8277374227214137,-0.2000685135481701,-0.419762441558433,-0.1448838105613269,-0.2172505640230674,-0.0343665376408577,0
-1.43366863186619,-0.2239377476922136,-0.0306643346086596,-0.1448838105613269,-0.2172505640230674,-0.0343665376408577,0
-0.4853370605875174,-0.117913279645804,1.1366299862406606,-0.1448838105613269,-0.2172505640230674,-0.0343665376408577,0
-0.047645566151207,-0.9338509991345916,1.5257280931904338,-0.1448838105613269,-0.2172505640230674,1.9829454178909525,0
-1.5066172142722416,1.0076049034716186,-0.419762441558433,-0.1448838105613269,-0.2172505640230674,0.6111732881293215,0
-0.047645566151207,-1.5205361338039722,-0.0306643346086596,0.5274692383460396,-0.2172505640230674,-0.0343665376408577,0
-1.0689257198359312,2.3070153334313663,-0.419762441558433,-0.1448838105613269,-0.2172505640230674,-0.0343665376408577,0
-0.9959771374298796,-0.0664064832381894,0.3584337723411137,-0.1448838105613269,-0.2172505640230674,-0.0343665376408577,0
-1.141874302241983,0.9490821996856872,-0.0306643346086596,-0.1448838105613269,-0.2172505640230674,0.3690958534655043,0
-1.5066172142722416,-0.6081273208230551,-1.1979586554579795,-0.0033852135939876,-0.2172505640230674,-1.6482161020663058,0
0.754788840315362,-1.5618457207022116,1.1366299862406606,-0.1448838105613269,-0.2172505640230674,-0.4378289287472198,0
-0.1935427309633105,0.8200027593502075,-0.0306643346086596,-0.1448838105613269,-0.2172505640230674,-0.0343665376408577,0
-1.141874302241983,-1.258277539374833,-0.419762441558433,-0.1448838105613269,-0.2172505640230674,-0.0343665376408577,0
-1.214822884648035,-0.8179796435396672,0.7475318792908872,-0.1448838105613269,-0.2172505640230674,-1.6482161020663058,0
-1.43366863186619,-0.3854929806155827,-0.0306643346086596,-0.1448838105613269,-0.2172505640230674,-0.4378289287472198,0
0.5359430930972068,0.2779031953211681,-0.419762441558433,1.8701635077678724,-0.2172505640230674,0.2884033752442319,0
-1.2877714670540863,0.1221424769936556,-0.8088605485082063,-0.1448838105613269,-0.2172505640230674,0.6111732881293215,0
0.1712001810669481,0.8853141346479512,1.1366299862406606,13.267171353549536,-0.2172505640230674,-0.0343665376408577,1
2.067863323624293,0.6561751677617965,-0.419762441558433,-0.1448838105613269,-0.2172505640230674,-1.3254461891812162,0
0.8277374227214137,-1.5053207989092965,1.5257280931904338,-0.1448838105613269,-0.2172505640230674,0.7725582445718663,0
0.6088916755032585,0.1422339148570671,-0.419762441558433,-0.1448838105613269,-0.2172505640230674,-0.0343665376408577,0
0.5359430930972068,-0.0664159513992937,0.3584337723411137,-0.1448838105613269,-0.2172505640230674,1.5794830267845903,0
-1.360720049460138,-1.3831341798577768,-0.419762441558433,-0.1448838105613269,-0.2172505640230674,-0.4378289287472198,0
1.7760689940000862,-0.9805385015400964,-0.419762441558433,-0.1448838105613269,-0.2172505640230674,-2.7779107971641195,0
0.2441487634729998,1.0882262952750814,-0.0306643346086596,-0.1448838105613269,-0.2172505640230674,-0.0343665376408577,0
0.3900459282851033,1.572267095412302,-0.0306643346086596,-0.1448838105613269,4.693354917783808,0.3690958534655043,0
-0.339439895775414,0.1677127363888485,1.5257280931904338,-0.1448838105613269,-0.2172505640230674,-0.0343665376408577,0
1.7031204115940344,0.0113933965561799,1.1366299862406606,-0.1448838105613269,-0.2172505640230674,-0.0343665376408577,0
-0.4853370605875174,-1.5124124515764477,1.1366299862406606,-0.1448838105613269,-0.2172505640230674,0.7725582445718663,0
-0.1935427309633105,0.1485491783136625,-0.419762441558433,-0.1448838105613269,-0.2172505640230674,-1.2447537109599438,0
0.5359430930972068,-0.7898118642542531,-0.0306643346086596,-0.1448838105613269,-0.2172505640230674,-0.0343665376408577,0
3.089143477309017,1.65152507201674,-0.0306643346086596,-0.1448838105613269,-0.2172505640230674,-1.6482161020663058,0
-0.9959771374298796,1.010483224447338,-0.419762441558433,-0.1448838105613269,-0.2172505640230674,0.3690958534655043,0
0.0253030162548446,0.2728756017747631,1.9148262001402072,-0.1448838105613269,5.7722000615141065,0.7725582445718663,0
0.9006860051274654,-0.7853050195685868,1.1366299862406606,0.5495993506679457,-0.2172505640230674,1.5794830267845903,0
-0.5582856429935692,0.1627324836479652,-0.419762441558433,-0.1448838105613269,-0.2172505640230674,-0.0343665376408577,0
0.3170973458790516,-0.6662997026481258,-0.419762441558433,-0.1448838105613269,-0.2172505640230674,-0.0343665376408577,0
-0.9959771374298796,-0.9131725352827108,-0.0306643346086596,-0.1448838105613269,-0.2172505640230674,-0.4378289287472198,0
1.3383774995637758,-0.1471130884915914,1.5257280931904338,-0.1448838105613269,4.685914606447738,-0.0343665376408577,0
-1.2877714670540863,-0.2462163307707278,-0.0306643346086596,-0.1448838105613269,-0.2172505640230674,-0.0343665376408577,0
0.1712001810669481,-1.3780781818280587,-0.0306643346086596,-0.1448838105613269,-0.2172505640230674,-0.0343665376408577,0
0.9736345875335172,-0.4946324736653205,-0.419762441558433,-0.1448838105613269,-0.2172505640230674,0.3690958534655043,0
0.3900459282851033,0.078106059697366,-0.0306643346086596,-0.1448838105613269,-0.2172505640230674,-0.0343665376408577,0
-1.5066172142722416,0.1472141675979504,-0.0306643346086596,-0.1448838105613269,-0.2172505640230674,-1.6482161020663058,0
0.9006860051274654,0.1619560944374092,-0.0306643346086596,-0.1448838105613269,-0.2172505640230674,0.7725582445718663,0
0.3170973458790516,-1.5264442663330808,1.1366299862406606,-0.1448838105613269,-0.2172505640230674,-0.276443972304675,0
0.6088916755032585,-0.0332584512118918,-0.419762441558433,-0.1448838105613269,-0.2172505640230674,-0.0343665376408577,0
0.3900459282851033,-1.1489770875863214,1.5257280931904338,-0.1448838105613269,-0.2172505640230674,1.1760206356782283,0
2.1408119060303448,0.3282454079129488,0.3584337723411137,-0.1448838105613269,-0.2172505640230674,-0.0343665376408577,0
0.9006860051274654,-0.0897076277159724,-0.419762441558433,-0.1448838105613269,-0.2172505640230674,0.7725582445718663,0
-0.6312342253996209,-0.8164836740851814,-0.419762441558433,-0.1448838105613269,-0.2172505640230674,-0.0343665376408577,0
-0.9959771374298796,-1.285460629905396,-0.0306643346086596,-0.1448838105613269,-0.2172505640230674,-0.0343665376408577,0
-0.1935427309633105,-0.1722037154180948,-0.0306643346086596,-0.1448838105613269,-0.2172505640230674,1.256713113899501,0
-0.9959771374298796,0.5273703040983427,-0.419762441558433,-0.1448838105613269,-0.2172505640230674,-0.4378289287472198,0
-0.7041828078056727,-0.7950950981504753,-0.419762441558433,-0.1448838105613269,-0.2172505640230674,0.127018418801687,0
-0.9230285550238276,0.992484250187986,1.1366299862406606,-0.1448838105613269,-0.2172505640230674,-0.0343665376408577,0
-0.5582856429935692,0.9015520309418958,1.1366299862406606,-0.1448838105613269,-0.2172505640230674,0.0463259405804146,0
0.3900459282851033,-0.8292656915760417,-0.0306643346086596,-0.1448838105613269,-0.2172505640230674,-0.0343665376408577,0
-0.7771313902117244,2.101149106539682,-0.0306643346086596,-0.1448838105613269,-0.2172505640230674,-0.0343665376408577,0
-0.4123884781814657,-0.667445350141751,-0.0306643346086596,-0.1448838105613269,-0.2172505640230674,-0.0343665376408577,0
0.2441487634729998,-0.638671608545659,-0.419762441558433,-0.1448838105613269,-0.2172505640230674,-0.0343665376408577,0
-1.0689257198359312,0.0402428834411067,1.5257280931904338,-0.1448838105613269,-0.2172505640230674,0.3690958534655043,0
-1.43366863186619,-1.5204603885151375,-0.419762441558433,-0.1448838105613269,-0.2172505640230674,-1.2447537109599438,0
-0.1205941485572587,0.5654607162211062,0.3584337723411137,-0.1448838105613269,-0.2172505640230674,-0.0343665376408577,0
0.0982515986608963,-0.4250414895484147,-0.419762441558433,-0.1448838105613269,-0.2172505640230674,-0.0343665376408577,0
-0.6312342253996209,2.5216112048612533,-0.419762441558433,-0.1448838105613269,-0.2172505640230674,-0.0343665376408577,0
0.3170973458790516,-0.2171017353748794,-0.0306643346086596,-0.1448838105613269,-0.2172505640230674,0.6111732881293215,0
-1.214822884648035,-1.2873637302873684,-1.5870567624077532,-0.1448838105613269,-0.2172505640230674,-0.0343665376408577,0
-0.2664913133693622,-0.9483467537853374,-0.419762441558433,-0.1448838105613269,-0.2172505640230674,0.7725582445718663,0
-0.1205941485572587,-0.366196868284936,-1.1979586554579795,-0.1448838105613269,-0.2172505640230674,0.3690958534655043,0
0.3900459282851033,0.323918458288265,-0.419762441558433,-0.1448838105613269,-0.2172505640230674,0.7725582445718663,0
-0.850079972617776,2.4538759803207983,-0.419762441558433,-0.1448838105613269,-0.2172505640230674,-0.0343665376408577,0
0.0982515986608963,-0.3613586379606177,-0.419762441558433,-0.1448838105613269,-0.2172505640230674,0.7725582445718663,0
-0.9959771374298796,-0.2341633616849018,-0.419762441558433,0.4473984683085975,-0.2172505640230674,-0.0343665376408577,0
-0.850079972617776,1.0569529591474434,2.3039243070899804,-0.1448838105613269,-0.2172505640230674,-1.6482161020663058,0
-0.9230285550238276,-0.1139461201430851,-0.8088605485082063,-0.1448838105613269,-0.2172505640230674,-0.0343665376408577,0
0.5359430930972068,0.7141581863647803,-0.419762441558433,-0.1448838105613269,-0.2172505640230674,-2.858603275385392,0
-0.339439895775414,0.6194860434824755,1.1366299862406606,-0.1448838105613269,-0.2172505640230674,-0.0343665376408577,0
-0.9959771374298796,-0.1945296393021307,1.1366299862406606,-0.1448838105613269,-0.2172505640230674,-0.0343665376408577,0
0.2441487634729998,-0.2279049071949324,-0.419762441558433,-0.1448838105613269,-0.2172505640230674,-0.0343665376408577,0
0.0253030162548446,0.5685662730633301,1.1366299862406606,-0.1448838105613269,-0.2172505640230674,1.5794830267845903,0
-0.1205941485572587,0.9687002294938816,-0.419762441558433,-0.1448838105613269,-0.2172505640230674,-0.0343665376408577,0
-0.9230285550238276,-0.1245031197744253,-0.419762441558433,-0.1448838105613269,-0.2172505640230674,1.0146356792356834,0
-1.360720049460138,0.4242146888665483,-0.0306643346086596,-0.1448838105613269,-0.2172505640230674,-1.6482161020663058,0
1.1195317523456203,1.5117844822777724,-3.53254729715662,-0.1448838105613269,-0.2172505640230674,-0.0343665376408577,0
0.6818402579093102,-0.3219710877665595,1.1366299862406606,-0.1448838105613269,-0.2172505640230674,-0.4378289287472198,0
-0.1205941485572587,-1.47876260701162,-0.0306643346086596,-0.1448838105613269,-0.2172505640230674,-1.6482161020663058,0
-0.9959771374298796,-0.271382702986066,-0.419762441558433,-0.1448838105613269,-0.2172505640230674,-0.0343665376408577,0
0.3900459282851033,-0.1288300693991091,-0.419762441558433,-0.1448838105613269,-0.2172505640230674,0.7725582445718663,0
-1.214822884648035,-0.4430594001299755,-1.5870567624077532,-0.1448838105613269,-0.2172505640230674,-0.0343665376408577,0
-1.0689257198359312,2.8723024240049364,-0.419762441558433,1.6724678376921776,-0.2172505640230674,0.7725582445718663,0
1.4113260819698277,0.3990672529734189,-1.5870567624077532,-0.1448838105613269,-0.2172505640230674,-0.0343665376408577,0
0.1712001810669481,-0.7228530289243541,0.7475318792908872,-0.1448838105613269,-0.2172505640230674,-0.0343665376408577,0
1.7031204115940344,-0.2803301152296681,-0.419762441558433,-0.1448838105613269,-0.2172505640230674,0.2884033752442319,0
-1.5795657966782934,-1.371753450210359,-0.0306643346086596,-0.1448838105613269,-0.2172505640230674,-2.051678493172668,0
-1.214822884648035,1.175977212390113,-1.1979586554579795,-0.1448838105613269,-0.2172505640230674,-0.8412913198535819,0
-0.850079972617776,-0.0009909581682979,2.3039243070899804,-0.1448838105613269,-0.2172505640230674,-0.0343665376408577,0
0.9006860051274654,-0.6238539364173654,-0.419762441558433,-0.1448838105613269,-0.2172505640230674,-0.0343665376408577,0
-1.5066172142722416,0.5012949884169878,-0.0306643346086596,-0.1448838105613269,-0.2172505640230674,-2.051678493172668,0
-1.141874302241983,1.1043600417968784,-1.5870567624077532,-0.1448838105613269,-0.2172505640230674,-0.0343665376408577,0
1.046583169939569,-1.451873029475292,-0.419762441558433,-0.1448838105613269,-0.2172505640230674,-0.0343665376408577,0
-0.4123884781814657,-0.2401188350195322,-1.1979586554579795,-0.1448838105613269,-0.2172505640230674,-0.8412913198535819,0
0.9006860051274654,0.6112676796439076,-0.0306643346086596,-0.1448838105613269,4.685914606447738,1.4180980703420456,0
-0.4853370605875174,0.9872104844528682,-2.3652529763073,-0.1448838105613269,-0.2172505640230674,-0.0343665376408577,0
-1.360720049460138,0.1356062020840284,-0.419762441558433,-0.1448838105613269,-0.2172505640230674,-0.0343665376408577,0
-1.2877714670540863,0.3107482461921267,-0.0306643346086596,-0.1448838105613269,-0.2172505640230674,-0.0343665376408577,0
2.2137604884363964,-0.4976528170576053,-1.5870567624077532,-0.1448838105613269,-0.2172505640230674,-1.970986014951396,0
-0.4853370605875174,-1.5070724087135994,0.3584337723411137,-0.1448838105613269,-0.2172505640230674,-0.0343665376408577,0
-0.1205941485572587,0.2592793224289295,-0.419762441558433,-0.1448838105613269,-0.2172505640230674,-0.0343665376408577,0
0.3170973458790516,0.4781453345168742,1.1366299862406606,-0.1448838105613269,-0.2172505640230674,0.7725582445718663,0
2.5055548180606038,0.4090372266162899,-2.3652529763073,0.153939766730836,-0.2172505640230674,-2.45514088427903,0
0.5359430930972068,-0.8263968387614263,0.7475318792908872,-0.1448838105613269,-0.2172505640230674,1.5794830267845903,0
-0.1205941485572587,1.6322384278471975,1.9148262001402072,13.267171353549536,-0.2172505640230674,0.7725582445718663,1
-1.360720049460138,-0.4958443982866761,0.3584337723411137,-0.1448838105613269,-0.2172505640230674,-0.0343665376408577,0
0.1712001810669481,-1.2713341335377193,-0.0306643346086596,-0.1448838105613269,-0.2172505640230674,-0.0343665376408577,0
-0.5582856429935692,0.6928642920411177,-0.419762441558433,-0.1448838105613269,-0.2172505640230674,-0.0343665376408577,0
1.1924803347516724,-0.2749427315612981,-0.419762441558433,-0.1448838105613269,-0.2172505640230674,1.256713113899501,0
0.6818402579093102,-0.2054843016998531,-0.419762441558433,-0.1448838105613269,-0.2172505640230674,-0.0343665376408577,0
-0.5582856429935692,1.9818597447860904,-0.0306643346086596,-0.1448838105613269,-0.2172505640230674,-0.0343665376408577,0
-0.9959771374298796,2.737873472645504,-0.0306643346086596,-0.1448838105613269,-0.2172505640230674,-0.0343665376408577,0
-0.4853370605875174,-0.0019756469231494,-0.419762441558433,-0.1448838105613269,-0.2172505640230674,1.5794830267845903,0
-0.4123884781814657,-0.0513615752433916,-0.419762441558433,-0.1448838105613269,-0.2172505640230674,0.7725582445718663,0
1.9949147412182413,-0.8237930944577326,-2.3652529763073,-0.1448838105613269,-0.2172505640230674,0.7725582445718663,0
-0.1205941485572587,1.452248685253677,-0.419762441558433,-0.1448838105613269,-0.2172505640230674,-0.0343665376408577,0
-0.5582856429935692,-0.0199746211825015,-0.419762441558433,0.146697184516394,-0.2172505640230674,-0.0343665376408577,0
1.046583169939569,1.07158126805365,-0.419762441558433,-0.1448838105613269,-0.2172505640230674,-0.4378289287472198,0
-0.850079972617776,-1.2556453905878262,-0.419762441558433,0.2420578503398804,-0.2172505640230674,-0.0343665376408577,0
0.5359430930972068,-0.6076917854122554,0.3584337723411137,-0.1448838105613269,-0.2172505640230674,-0.0343665376408577,0
0.1712001810669481,-0.4458619758168604,1.1366299862406606,-0.1448838105613269,-0.2172505640230674,0.7725582445718663,0
-0.1935427309633105,-0.0811484100776482,2.3039243070899804,-0.1448838105613269,-0.2172505640230674,-0.0343665376408577,0
-1.141874302241983,0.2954476978475118,1.1366299862406606,-0.1448838105613269,-0.2172505640230674,-0.0343665376408577,0
-1.0689257198359312,0.0802742685902601,-0.0306643346086596,-0.1448838105613269,-0.2172505640230674,-0.8412913198535819,0
-0.850079972617776,-0.5256501694431414,-0.419762441558433,-0.1448838105613269,-0.2172505640230674,0.3690958534655043,0
0.0982515986608963,-0.4363654102292065,1.5257280931904338,-0.1448838105613269,-0.2172505640230674,0.7725582445718663,0
-1.141874302241983,-0.2593107975780313,-0.0306643346086596,-0.1448838105613269,-0.2172505640230674,-1.2447537109599438,0
-1.2877714670540863,-1.3456970708512128,-0.419762441558433,-0.1448838105613269,-0.2172505640230674,-0.0343665376408577,0
0.462994510691155,0.0939273569027197,-0.0306643346086596,-0.1448838105613269,4.462705266365607,-0.0343665376408577,0
-1.2877714670540863,0.0555055591413042,-0.419762441558433,-0.1448838105613269,-0.2172505640230674,-0.0343665376408577,0
-0.9959771374298796,0.4682037653573163,1.1366299862406606,-0.1448838105613269,-0.2172505640230674,-2.2130634496152126,0
-0.2664913133693622,-0.0964678947444718,1.1366299862406606,-0.1448838105613269,-0.2172505640230674,1.5794830267845903,0
-1.5795657966782934,1.4926777331692125,-1.5870567624077532,-0.1448838105613269,-0.2172505640230674,-1.6482161020663058,0
-1.2877714670540863,-0.2556655555528601,-0.419762441558433,-0.1448838105613269,-0.2172505640230674,-0.0343665376408577,0
1.1924803347516724,0.0825182227719889,-2.3652529763073,-0.1448838105613269,-0.2172505640230674,-1.6482161020663058,0
-0.7041828078056727,1.4039705317826423,1.1366299862406606,-0.1448838105613269,-0.2172505640230674,-0.3571364505259474,0
-0.6312342253996209,-0.8144385512866438,1.1366299862406606,-0.1448838105613269,-0.2172505640230674,-0.0343665376408577,0
-1.0689257198359312,0.3272985918025147,1.1366299862406606,-0.1448838105613269,-0.2172505640230674,-0.0343665376408577,0
0.9736345875335172,2.218791008261117,-0.0306643346086596,-0.1448838105613269,-0.2172505640230674,-0.0343665376408577,0
-0.2664913133693622,-0.1730463817563811,-0.419762441558433,-0.1448838105613269,-0.2172505640230674,0.7725582445718663,0
1.7760689940000862,0.3354790829966653,-0.419762441558433,-0.1448838105613269,-0.2172505640230674,-0.0343665376408577,0
0.8277374227214137,-1.4285056078697784,1.1366299862406606,-0.1448838105613269,-0.2172505640230674,0.7725582445718663,0
1.8490175764061376,-0.2815041672066064,-0.419762441558433,0.2085273771248711,-0.2172505640230674,-1.3254461891812162,0
2.067863323624293,-0.4968669596859449,-0.419762441558433,-0.1448838105613269,-0.2172505640230674,-2.293755927836485,0
1.8490175764061376,-0.7945838174508408,-0.419762441558433,-0.1448838105613269,-0.2172505640230674,-0.0343665376408577,0
2.067863323624293,0.3448525624899627,-0.0306643346086596,-0.1448838105613269,-0.2172505640230674,0.2884033752442319,0
0.6088916755032585,-0.8307711291916319,1.1366299862406606,-0.1448838105613269,-0.2172505640230674,2.386407808997314,0
0.6088916755032585,-0.0346597390553343,-0.0306643346086596,-0.1448838105613269,-0.2172505640230674,-0.1957514940834025,0
0.2441487634729998,-1.0009423887199511,-0.0306643346086596,-0.1448838105613269,-0.2172505640230674,2.386407808997314,0
-1.360720049460138,0.0327630361686773,-0.0306643346086596,-0.1448838105613269,-0.2172505640230674,-0.8412913198535819,0
0.2441487634729998,-1.5613628444858902,1.1366299862406606,-0.1448838105613269,-0.2172505640230674,1.9829454178909525,0
-1.141874302241983,-1.2911131220846874,-0.419762441558433,-0.1448838105613269,-0.2172505640230674,-0.8412913198535819,0
-0.2664913133693622,1.1310791924333283,-0.419762441558433,-0.1448838105613269,-0.2172505640230674,-0.0343665376408577,0
0.9006860051274654,-0.6047661236310141,-0.0306643346086596,-0.1448838105613269,-0.2172505640230674,-0.4378289287472198,0
-1.214822884648035,0.3590737404686828,1.1366299862406606,-0.1448838105613269,-0.2172505640230674,-0.0343665376408577,0
-1.141874302241983,-0.9060335418100378,-0.419762441558433,-0.1448838105613269,-0.2172505640230674,-0.0343665376408577,0
0.5359430930972068,-0.4832896166623201,-0.419762441558433,-0.1448838105613269,-0.2172505640230674,-0.0343665376408577,0
-0.7771313902117244,-1.4352848112204866,-0.0306643346086596,-0.1448838105613269,-0.2172505640230674,1.1760206356782283,0
2.067863323624293,0.2993012394169786,-0.419762441558433,-0.1448838105613269,-0.2172505640230674,-2.051678493172668,0
-0.4853370605875174,-0.5872026847824617,-0.419762441558433,-0.1448838105613269,-0.2172505640230674,-0.0343665376408577,0
0.5359430930972068,1.6557762763525892,1.1366299862406606,1.0104421745350338,-0.2172505640230674,-0.0343665376408577,0
0.0253030162548446,0.7885116555171696,1.1366299862406606,-0.1448838105613269,-0.2172505640230674,0.3690958534655043,0
-1.43366863186619,-1.4130725052697028,-0.0306643346086596,-0.1448838105613269,-0.2172505640230674,-1.0026762762961263,0
-1.2877714670540863,0.1714905326694805,-0.0306643346086596,-0.1448838105613269,-0.2172505640230674,-0.8412913198535819,0
-1.360720049460138,0.811907481605996,-0.0306643346086596,-0.1448838105613269,-0.2172505640230674,-1.6482161020663058,0
-0.1205941485572587,-0.1366981112768164,1.5257280931904338,-0.1448838105613269,-0.2172505640230674,1.5794830267845903,0
-0.4123884781814657,-0.0134794626649236,-0.419762441558433,-0.1448838105613269,-0.2172505640230674,-0.0343665376408577,0
-1.360720049460138,-0.2388690377537592,-0.419762441558433,-0.1448838105613269,-0.2172505640230674,-0.0343665376408577,0
0.0982515986608963,2.731899062988665,1.1366299862406606,-0.1448838105613269,-0.2172505640230674,-0.0343665376408577,0
-1.141874302241983,-0.8199963618548919,-0.419762441558433,-0.1448838105613269,-0.2172505640230674,-0.0343665376408577,0
0.2441487634729998,3.6270758227596818,-3.53254729715662,-0.1448838105613269,-0.2172505640230674,-0.0343665376408577,0
1.9949147412182413,-0.0920178590254316,1.1366299862406606,-0.1448838105613269,-0.2172505640230674,2.386407808997314,0
-0.850079972617776,-0.7833451102199882,-0.0306643346086596,-0.1448838105613269,-0.2172505640230674,-0.0343665376408577,0
-1.214822884648035,0.6837085802532199,-1.1979586554579795,-0.1448838105613269,-0.2172505640230674,-2.051678493172668,0
-0.6312342253996209,1.477367716663493,-0.0306643346086596,-0.1448838105613269,-0.2172505640230674,-0.0343665376408577,0
-0.4123884781814657,1.7746869116620068,-0.0306643346086596,-0.1448838105613269,-0.2172505640230674,-0.4378289287472198,0
0.5359430930972068,-0.7879939773222195,-0.0306643346086596,0.8862453017466392,-0.2172505640230674,-0.1957514940834025,0
1.1924803347516724,-0.8144101468033308,-0.419762441558433,-0.1448838105613269,-0.2172505640230674,-1.6482161020663058,0
0.462994510691155,-1.4709987149060606,1.1366299862406606,-0.1448838105613269,-0.2172505640230674,-0.0343665376408577,0
-1.43366863186619,-0.9254338039128324,-0.0306643346086596,-0.1448838105613269,-0.2172505640230674,-0.4378289287472198,0
2.943246312496914,1.35925240688684,-0.419762441558433,-0.1448838105613269,-0.2172505640230674,-2.7779107971641195,0
-0.1205941485572587,-0.0121065793047942,0.7475318792908872,-0.1448838105613269,-0.2172505640230674,1.5794830267845903,0
1.557223246781931,-0.148741612201538,1.1366299862406606,-0.1448838105613269,-0.2172505640230674,0.127018418801687,0
0.9736345875335172,2.644791980828729,1.1366299862406606,-0.1448838105613269,-0.2172505640230674,-0.0343665376408577,0
-0.1205941485572587,0.9134535094500524,-0.419762441558433,-0.1448838105613269,-0.2172505640230674,-0.0343665376408577,0
-0.339439895775414,0.152090270566686,-0.419762441558433,-0.1448838105613269,-0.2172505640230674,-0.0343665376408577,0
1.1924803347516724,-0.5948813634380822,-0.0306643346086596,-0.1448838105613269,-0.2172505640230674,-0.0343665376408577,0
2.2137604884363964,-0.561051623812272,1.1366299862406606,0.1697661500883204,-0.2172505640230674,-2.051678493172668,0
-0.4123884781814657,-0.6787408663392297,-1.5870567624077532,-0.1448838105613269,-0.2172505640230674,0.3690958534655043,0
-0.6312342253996209,-0.2324874971694334,0.3584337723411137,-0.1448838105613269,-0.2172505640230674,-0.8412913198535819,0
-0.1935427309633105,-0.8642600150176857,0.7475318792908872,-0.1448838105613269,-0.2172505640230674,0.2884033752442319,0
-0.2664913133693622,0.9267278713183384,-0.0306643346086596,-0.1448838105613269,-0.2172505640230674,1.1760206356782283,0
1.265428917157724,-0.5036840356810705,-2.3652529763073,-0.1448838105613269,-0.2172505640230674,0.6111732881293215,0
0.5359430930972068,-0.7541831740186181,-2.3652529763073,-0.1448838105613269,-0.2172505640230674,2.7898702001036764,0
0.0982515986608963,-0.8073753031028055,-0.419762441558433,-0.1448838105613269,-0.2172505640230674,-0.8412913198535819,0
1.7031204115940344,-1.4570237091160534,-0.0306643346086596,-0.1448838105613269,-0.2172505640230674,1.5794830267845903,0
0.3900459282851033,-0.6780212860952998,2.3039243070899804,-0.1448838105613269,-0.2172505640230674,1.1760206356782283,0
0.5359430930972068,-0.2566218398243985,1.5257280931904338,-0.1448838105613269,-0.2172505640230674,0.7725582445718663,0
-0.2664913133693622,0.0488399737238482,-0.0306643346086596,-0.1448838105613269,-0.2172505640230674,-0.0343665376408577,0
-0.1205941485572587,-0.1560131599296718,0.3584337723411137,-0.1448838105613269,-0.2172505640230674,-0.0343665376408577,0
1.4842746643758793,-0.423299347905216,-0.419762441558433,-0.1448838105613269,-0.2172505640230674,-0.0343665376408577,0
-0.9959771374298796,1.5272838620055786,-0.419762441558433,-0.1448838105613269,-0.2172505640230674,-0.0343665376408577,0
-0.1205941485572587,-0.6808522662654978,0.3584337723411137,0.4787829912378462,-0.2172505640230674,-0.0343665376408577,0
0.9006860051274654,-0.8040519785551817,-0.0306643346086596,-0.1448838105613269,-0.2172505640230674,0.3690958534655043,0
0.462994510691155,-0.2087981580863725,-0.0306643346086596,-0.1448838105613269,-0.2172505640230674,-0.0343665376408577,0
-0.2664913133693622,0.0324221823689211,-0.419762441558433,-0.1448838105613269,-0.2172505640230674,0.6111732881293215,0
1.046583169939569,-0.6800285362494201,0.7475318792908872,-0.1448838105613269,-0.2172505640230674,-0.0343665376408577,0
-0.1205941485572587,-1.013544511149829,-0.0306643346086596,-0.1448838105613269,-0.2172505640230674,-0.0343665376408577,0
-0.2664913133693622,-0.6255013964495207,-0.0306643346086596,-0.1448838105613269,-0.2172505640230674,-0.0343665376408577,0
2.067863323624293,-0.2970035469344125,-0.419762441558433,-0.1448838105613269,-0.2172505640230674,1.5794830267845903,0
-0.9230285550238276,-1.4338361825715225,1.1366299862406606,-0.1448838105613269,-0.2172505640230674,0.7725582445718663,0
2.578503400466655,0.974816661567286,-3.1434491902068467,-0.1448838105613269,-0.2172505640230674,-0.0343665376408577,0
-1.0689257198359312,-0.0592674897655163,-0.0306643346086596,-0.1448838105613269,-0.2172505640230674,-1.890293536730123,0
-1.5066172142722416,1.2679225248743675,-0.0306643346086596,-0.1448838105613269,-0.2172505640230674,-2.45514088427903,0
-0.4853370605875174,-0.9691577718926788,1.5257280931904338,-0.1448838105613269,-0.2172505640230674,1.5794830267845903,0
0.1712001810669481,-1.0878411713355922,1.1366299862406606,-0.1448838105613269,-0.2172505640230674,-0.8412913198535819,0
-0.850079972617776,0.0286727905716021,-0.0306643346086596,-0.1448838105613269,-0.2172505640230674,-0.0343665376408577,0
-0.047645566151207,2.4995314531659303,-0.419762441558433,-0.1448838105613269,-0.2172505640230674,0.2884033752442319,0
-0.047645566151207,0.0171311021854105,-0.0306643346086596,-0.1448838105613269,-0.2172505640230674,-0.0343665376408577,0
0.754788840315362,0.5463918397569636,-0.0306643346086596,-0.1448838105613269,-0.2172505640230674,-1.6482161020663058,0
0.6818402579093102,-0.0849735471638019,-0.0306643346086596,-0.1448838105613269,-0.2172505640230674,-0.1957514940834025,0
-1.214822884648035,-0.5252714429989678,-0.0306643346086596,-0.1448838105613269,-0.2172505640230674,-2.45514088427903,0
0.0982515986608963,1.8527992407728195,1.1366299862406606,-0.1448838105613269,-0.2172505640230674,2.5477927654398598,0
-1.43366863186619,0.4424124945090916,-1.1979586554579795,-0.1448838105613269,-0.2172505640230674,-0.0343665376408577,0
-1.0689257198359312,-1.4715762727334254,1.1366299862406606,-0.1448838105613269,-0.2172505640230674,-0.0343665376408577,0
2.067863323624293,-1.175895069605963,-0.419762441558433,-0.1448838105613269,-0.2172505640230674,-0.0343665376408577,0
0.1712001810669481,-0.3090849205035515,-0.419762441558433,-0.1448838105613269,-0.2172505640230674,-0.0343665376408577,0
-1.43366863186619,1.0885860853970464,-0.0306643346086596,-0.1448838105613269,-0.2172505640230674,-1.6482161020663058,0
1.046583169939569,-1.238025142772648,1.5257280931904338,-0.1448838105613269,-0.2172505640230674,0.127018418801687,0
-0.4853370605875174,-1.177760297343518,2.3039243070899804,-0.1448838105613269,-0.2172505640230674,-0.0343665376408577,0
0.1712001810669481,1.5836856977041374,-0.0306643346086596,-0.1448838105613269,-0.2172505640230674,0.3690958534655043,0
-0.4853370605875174,-1.110915079946871,0.3584337723411137,-0.1448838105613269,-0.2172505640230674,-0.0343665376408577,0
-0.9230285550238276,1.2211498090189237,1.9148262001402072,-0.1448838105613269,-0.2172505640230674,-1.6482161020663058,0
-1.0689257198359312,-0.0364397533429504,-0.0306643346086596,-0.1448838105613269,-0.2172505640230674,-0.0343665376408577,0
1.9219661588121892,-0.7228624970854584,1.1366299862406606,-0.1448838105613269,-0.2172505640230674,-0.0343665376408577,0
0.3170973458790516,-0.2118185014786572,-0.419762441558433,-0.1448838105613269,-0.2172505640230674,-0.0343665376408577,0
-0.047645566151207,-0.015155327180392,1.1366299862406606,1.8701635077678724,-0.2172505640230674,-0.0343665376408577,0
1.6301718291879828,-1.5271638465770108,1.5257280931904338,-0.1448838105613269,-0.2172505640230674,2.386407808997314,0
-1.2877714670540863,1.6987238551218795,-0.0306643346086596,-0.1448838105613269,-0.2172505640230674,-2.45514088427903,0
-0.047645566151207,0.0317783474138259,-0.419762441558433,-0.1448838105613269,-0.2172505640230674,0.7725582445718663,0
0.3170973458790516,1.2433053060030814,-0.0306643346086596,-0.1448838105613269,-0.2172505640230674,0.7725582445718663,0
1.8490175764061376,-0.2815041672066064,-0.419762441558433,1.0104421745350338,-0.2172505640230674,-0.0343665376408577,0
-0.850079972617776,-0.0108946546834386,-0.419762441558433,-0.1448838105613269,-0.2172505640230674,-0.0343665376408577,0
0.8277374227214137,0.2235370142600425,-0.419762441558433,-0.1448838105613269,-0.2172505640230674,0.7725582445718663,0
1.3383774995637758,0.0728985710899785,-0.419762441558433,-0.1448838105613269,-0.2172505640230674,-0.0343665376408577,0
-0.5582856429935692,1.0694888044495907,-0.0306643346086596,-0.1448838105613269,-0.2172505640230674,-0.0343665376408577,0
0.3170973458790516,-0.285187281876195,-0.0306643346086596,-0.1448838105613269,-0.2172505640230674,0.7725582445718663,0
0.754788840315362,-1.5707079194958748,-0.0306643346086596,-0.1448838105613269,-0.2172505640230674,-0.0343665376408577,0
0.6818402579093102,-0.4087657206100527,-0.419762441558433,-0.1448838105613269,-0.2172505640230674,-0.276443972304675,0
-1.0689257198359312,0.0467191056364759,1.1366299862406606,-0.1448838105613269,-0.2172505640230674,-2.051678493172668,0
0.1712001810669481,0.5835733084137104,-0.0306643346086596,-0.1448838105613269,-0.2172505640230674,-0.0343665376408577,0
0.0253030162548446,0.3591021449519959,-0.419762441558433,-0.1448838105613269,-0.2172505640230674,0.7725582445718663,0
1.7031204115940344,0.4232489364339056,1.5257280931904338,-0.1448838105613269,-0.2172505640230674,-0.0343665376408577,0
-1.0689257198359312,0.8668228160111734,1.1366299862406606,-0.1448838105613269,-0.2172505640230674,-0.0343665376408577,0
0.9006860051274654,-0.7815650959323721,-2.3652529763073,-0.1448838105613269,-0.2172505640230674,-0.0343665376408577,0
-0.1205941485572587,-1.502092155972716,-0.419762441558433,-0.1448838105613269,-0.2172505640230674,0.3690958534655043,0
-0.047645566151207,1.1632425357047744,1.1366299862406606,-0.1448838105613269,-0.2172505640230674,-0.276443972304675,0
0.9006860051274654,-0.9827256467551992,-0.419762441558433,13.267171353549536,-0.2172505640230674,1.5794830267845903,1
-1.43366863186619,-0.4149484298111873,0.7475318792908872,-0.1448838105613269,-0.2172505640230674,0.7725582445718663,0
1.265428917157724,-1.2905450324184269,-1.1979586554579795,-0.1448838105613269,-0.2172505640230674,-1.6482161020663058,0
2.067863323624293,-0.5726501211650897,2.3039243070899804,2.5443942631752794,-0.2172505640230674,-2.858603275385392,0
0.3900459282851033,-0.951528055916396,1.1366299862406606,-0.1448838105613269,-0.2172505640230674,0.7725582445718663,0
-0.2664913133693622,0.4802188617987249,-0.0306643346086596,-0.1448838105613269,-0.2172505640230674,0.2077108970229594,0
-0.4123884781814657,0.2230352017215125,-0.419762441558433,-0.1448838105613269,-0.2172505640230674,1.5794830267845903,0
0.0253030162548446,0.1982664922725566,1.9148262001402072,-0.1448838105613269,-0.2172505640230674,-0.7605988416323094,0
-0.4123884781814657,1.1778235038054596,0.3584337723411137,-0.1448838105613269,-0.2172505640230674,-0.0343665376408577,0
0.3170973458790516,-0.1816718765224357,-0.419762441558433,-0.1448838105613269,-0.2172505640230674,0.2884033752442319,0
-0.850079972617776,0.2039947297406829,-0.419762441558433,-0.1448838105613269,-0.2172505640230674,0.7725582445718663,0
-1.2877714670540863,-0.436157110684911,-0.0306643346086596,-0.1448838105613269,-0.2172505640230674,-2.293755927836485,0
-0.9959771374298796,1.3690708899520418,-0.419762441558433,-0.1448838105613269,-0.2172505640230674,0.3690958534655043,0
1.3383774995637758,0.439117574444781,-0.419762441558433,-0.1448838105613269,-0.2172505640230674,-0.0343665376408577,0
-0.339439895775414,-0.8219468030423861,-0.419762441558433,-0.1448838105613269,-0.2172505640230674,-0.0343665376408577,0
-0.850079972617776,-0.0380872133751057,-0.419762441558433,-0.1448838105613269,-0.2172505640230674,0.7725582445718663,0
0.9736345875335172,-0.0403595720401475,1.1366299862406606,-0.1448838105613269,-0.2172505640230674,0.7725582445718663,0
0.6818402579093102,1.0526828184893855,-1.1979586554579795,-0.1448838105613269,-0.2172505640230674,1.256713113899501,0
-0.4853370605875174,0.0737317692671605,-0.419762441558433,0.0524094938357878,-0.2172505640230674,-0.1957514940834025,0
1.9219661588121892,0.7694333108919227,-0.419762441558433,-0.1448838105613269,-0.2172505640230674,1.1760206356782283,0
2.5055548180606038,-0.3945066699869153,-0.0306643346086596,2.5443942631752794,-0.2172505640230674,-0.3571364505259474,0
-0.4853370605875174,2.079324995194176,-0.419762441558433,-0.1448838105613269,-0.2172505640230674,-0.0343665376408577,0
0.6088916755032585,-1.3290615117908855,-0.419762441558433,-0.1448838105613269,-0.2172505640230674,0.7725582445718663,0
-0.2664913133693622,0.6398615261790171,-0.419762441558433,-0.1448838105613269,-0.2172505640230674,-0.0343665376408577,0
-0.4853370605875174,0.2712849507092338,-0.419762441558433,-0.1448838105613269,-0.2172505640230674,-0.0343665376408577,0
-0.7771313902117244,0.1335610792854908,-1.5870567624077532,-0.1448838105613269,-0.2172505640230674,0.7725582445718663,0
-0.1205941485572587,-0.0104780555948475,1.5257280931904338,-0.1448838105613269,4.435424124800013,-0.0343665376408577,0
1.046583169939569,-0.1518661053659705,-0.419762441558433,-0.1448838105613269,-0.2172505640230674,-0.0343665376408577,0
1.7031204115940344,-0.487730184220256,-0.419762441558433,-0.1448838105613269,-0.2172505640230674,-2.293755927836485,0
3.162092059715069,-0.5377883519789064,-0.419762441558433,-0.1448838105613269,10.58608149595206,-1.809601058508851,0
1.7760689940000862,0.7331323812178796,1.1366299862406606,-0.1448838105613269,-0.2172505640230674,1.5794830267845903,0
-1.2877714670540863,-0.545523839601153,-0.0306643346086596,-0.1448838105613269,-0.2172505640230674,-0.4378289287472198,0
1.046583169939569,-0.7815650959323721,-0.419762441558433,-0.1448838105613269,-0.2172505640230674,-0.0343665376408577,0
-1.141874302241983,-0.2909533919887386,-0.0306643346086596,-0.1448838105613269,-0.2172505640230674,1.1760206356782283,0
1.4113260819698277,3.93718650341016,-0.419762441558433,-0.1448838105613269,-0.2172505640230674,-0.0343665376408577,0
-0.1205941485572587,0.2705937749486169,-1.1979586554579795,-0.1448838105613269,-0.2172505640230674,-0.8412913198535819,0
0.2441487634729998,0.9464973917042022,-0.419762441558433,-0.1448838105613269,-0.2172505640230674,0.4497883316867767,0
0.462994510691155,-0.4639935043316733,0.7475318792908872,-0.1448838105613269,-0.2172505640230674,1.1760206356782283,0
-0.339439895775414,0.0717907962407706,1.1366299862406606,-0.1448838105613269,-0.2172505640230674,0.3690958534655043,0
-0.339439895775414,-0.4596949591903025,1.5257280931904338,-0.1448838105613269,-0.2172505640230674,1.5794830267845903,0
-1.0689257198359312,0.1833446703721153,-0.419762441558433,-0.1448838105613269,-0.2172505640230674,0.7725582445718663,0
-0.4123884781814657,0.617942733222468,-0.0306643346086596,-0.1448838105613269,-0.2172505640230674,0.3690958534655043,0
1.046583169939569,-1.0750307493614188,-0.419762441558433,-0.1448838105613269,-0.2172505640230674,1.5794830267845903,0
1.046583169939569,-1.593090652346537,-0.0306643346086596,-0.1448838105613269,-0.2172505640230674,-0.0343665376408577,0
0.5359430930972068,0.0242890319802922,-1.1979586554579795,-0.1448838105613269,-0.2172505640230674,-0.0343665376408577,0
0.6088916755032585,-0.215643638564811,-0.0306643346086596,-0.1448838105613269,-0.2172505640230674,-0.0343665376408577,0
1.557223246781931,0.1539933709486585,-0.419762441558433,-0.1448838105613269,-0.2172505640230674,-1.2447537109599438,0
0.5359430930972068,-0.6606850831132516,0.3584337723411137,-0.1448838105613269,-0.2172505640230674,-0.8412913198535819,0
-1.5066172142722416,-0.0231843277968731,-0.419762441558433,-0.1448838105613269,-0.2172505640230674,-2.293755927836485,0
2.067863323624293,-0.5185111759704684,-0.419762441558433,-0.1448838105613269,-0.2172505640230674,-0.6799063634110369,0
-1.2877714670540863,0.4061778419627789,-0.419762441558433,-0.1448838105613269,-0.2172505640230674,-0.0343665376408577,0
-0.047645566151207,0.1769441934655809,0.3584337723411137,-0.1448838105613269,-0.2172505640230674,-0.0343665376408577,0
0.9006860051274654,0.1263558086850873,-0.419762441558433,-0.1448838105613269,-0.2172505640230674,-0.0343665376408577,0
0.0982515986608963,-1.5413187474280006,-0.0306643346086596,-0.1448838105613269,-0.2172505640230674,-0.0343665376408577,0
-0.6312342253996209,0.063581900563307,1.1366299862406606,1.8701635077678724,-0.2172505640230674,-0.4378289287472198,0
0.8277374227214137,-1.0999793538713571,-0.0306643346086596,-0.1448838105613269,-0.2172505640230674,-0.0343665376408577,0
-0.4853370605875174,0.6741173330545226,1.1366299862406606,-0.1448838105613269,-0.2172505640230674,-0.0343665376408577,0
-0.1205941485572587,-0.6826796213586356,1.1366299862406606,-0.1448838105613269,-0.2172505640230674,1.5794830267845903,0
-1.214822884648035,0.2031804678857096,0.3584337723411137,-0.1448838105613269,-0.2172505640230674,-2.45514088427903,0
1.1195317523456203,-0.4055749503178898,-0.419762441558433,-0.1448838105613269,-0.2172505640230674,0.3690958534655043,0
0.9006860051274654,1.818827478730444,-0.419762441558433,-0.1448838105613269,-0.2172505640230674,0.7725582445718663,0
-1.214822884648035,-0.142435816906047,-2.3652529763073,-0.1448838105613269,-0.2172505640230674,-0.0343665376408577,0
0.5359430930972068,0.1220477953826122,-0.419762441558433,-0.1448838105613269,-0.2172505640230674,-0.0343665376408577,0
0.0982515986608963,0.3108808004475875,0.3584337723411137,-0.1448838105613269,-0.2172505640230674,-0.3571364505259474,0
2.432606235654552,0.7835408709373907,-0.419762441558433,0.3671935763782952,-0.2172505640230674,-2.939295753606664,0
0.1712001810669481,1.3139661923247776,-3.1434491902068467,-0.1448838105613269,-0.2172505640230674,-0.4378289287472198,0
1.1924803347516724,-1.320379208058205,0.3584337723411137,-0.1448838105613269,-0.2172505640230674,0.127018418801687,0
-0.1935427309633105,-0.5868712991438098,-0.419762441558433,-0.1448838105613269,-0.2172505640230674,-0.276443972304675,0
-0.9959771374298796,0.6802811059334486,-0.419762441558433,-0.1448838105613269,-0.2172505640230674,-0.4378289287472198,0
-0.9230285550238276,0.0816092793059721,-0.8088605485082063,-0.1448838105613269,-0.2172505640230674,-0.0343665376408577,0
0.8277374227214137,-1.1657736053854222,1.5257280931904338,-0.1448838105613269,-0.2172505640230674,1.9829454178909525,0
-0.5582856429935692,-0.6651161825100831,-0.419762441558433,-0.1448838105613269,-0.2172505640230674,-0.0343665376408577,0
-0.047645566151207,-0.4413172584867768,1.1366299862406606,-0.1448838105613269,-0.2172505640230674,0.3690958534655043,0
-0.339439895775414,-1.4703643481120696,-0.0306643346086596,-0.1448838105613269,-0.2172505640230674,0.7725582445718663,0
0.0982515986608963,-1.0822738926062396,-0.0306643346086596,-0.1448838105613269,-0.2172505640230674,-0.0343665376408577,0
0.2441487634729998,0.2116828765574077,1.1366299862406606,-0.1448838105613269,-0.2172505640230674,-0.0343665376408577,0
0.6088916755032585,2.2113111609886884,1.9148262001402072,-0.1448838105613269,-0.2172505640230674,0.3690958534655043,0
-1.360720049460138,2.662497442093846,-0.419762441558433,-0.1448838105613269,-0.2172505640230674,-0.6799063634110369,0
-0.1205941485572587,0.4298577128847355,-0.419762441558433,-0.1448838105613269,-0.2172505640230674,-0.4378289287472198,0
-0.339439895775414,-0.98896516492296,1.5257280931904338,-0.1448838105613269,-0.2172505640230674,-1.3254461891812162,0
-0.850079972617776,-0.7747196154539336,-0.419762441558433,-0.1448838105613269,-0.2172505640230674,-0.8412913198535819,0
-1.2877714670540863,-1.3036773718701478,-0.0306643346086596,-0.1448838105613269,-0.2172505640230674,-2.3744484060577573,0
-0.4853370605875174,1.928724424668529,1.1366299862406606,-0.1448838105613269,-0.2172505640230674,0.6111732881293215,0
-0.6312342253996209,0.4480649866883831,-0.0306643346086596,-0.1448838105613269,-0.2172505640230674,-0.8412913198535819,0
0.2441487634729998,-0.4414403445811332,-0.419762441558433,-0.1448838105613269,-0.2172505640230674,-0.0343665376408577,0
-0.9959771374298796,0.4967597392480085,-0.419762441558433,-0.1448838105613269,-0.2172505640230674,-0.0343665376408577,0
-0.2664913133693622,0.2828739799009471,-0.0306643346086596,-0.1448838105613269,-0.2172505640230674,0.3690958534655043,0
-1.0689257198359312,-0.7215085500475377,1.1366299862406606,-0.1448838105613269,-0.2172505640230674,-0.0343665376408577,0
-0.9230285550238276,0.2636630810202394,0.3584337723411137,0.2420578503398804,-0.2172505640230674,-0.0343665376408577,0
0.3170973458790516,0.606808175763763,-0.419762441558433,-0.1448838105613269,-0.2172505640230674,0.3690958534655043,0
-1.141874302241983,0.2435716431568279,-0.419762441558433,-0.1448838105613269,-0.2172505640230674,-0.0343665376408577,0
-0.1935427309633105,1.494277852395846,2.3039243070899804,-0.1448838105613269,-0.2172505640230674,-0.4378289287472198,0
-0.339439895775414,-0.5406761411157304,-0.8088605485082063,-0.1448838105613269,-0.2172505640230674,-0.0343665376408577,0
-1.214822884648035,-0.4138122504786664,-0.419762441558433,-0.1448838105613269,-0.2172505640230674,-0.0343665376408577,0
1.557223246781931,-0.3114614289407411,-0.419762441558433,-0.1448838105613269,-0.2172505640230674,0.3690958534655043,0
1.046583169939569,-1.4967426449487635,1.1366299862406606,-0.1448838105613269,-0.2172505640230674,0.9339432010144112,0
-0.9959771374298796,-1.555464180117886,0.3584337723411137,-0.1448838105613269,-0.2172505640230674,-0.0343665376408577,0
-0.047645566151207,-0.1250901457628944,-0.419762441558433,-0.1448838105613269,-0.2172505640230674,-0.4378289287472198,0
-1.2877714670540863,-1.0613587247267506,-0.419762441558433,-0.1448838105613269,-0.2172505640230674,-0.5185214069684921,0
1.1924803347516724,-0.2600398459830655,-0.419762441558433,0.5495993506679457,-0.2172505640230674,2.5477927654398598,0
-0.5582856429935692,-0.6652203322822309,-0.419762441558433,-0.1448838105613269,-0.2172505640230674,0.7725582445718663,0
0.6818402579093102,0.8391947219087066,-0.419762441558433,-0.1448838105613269,-0.2172505640230674,1.1760206356782283,0
-1.2877714670540863,-1.556609827611511,0.3584337723411137,-0.1448838105613269,-0.2172505640230674,-0.8412913198535819,0
0.462994510691155,-0.0615587847527668,-0.0306643346086596,-0.1448838105613269,-0.2172505640230674,-0.0343665376408577,0
-1.360720049460138,0.6300241067916069,-0.0306643346086596,-0.1448838105613269,-0.2172505640230674,-0.0343665376408577,0
-1.141874302241983,2.310225040045738,0.7475318792908872,-0.1448838105613269,-0.2172505640230674,-0.0343665376408577,0
-0.7041828078056727,-1.0637257650028358,-0.419762441558433,-0.1448838105613269,-0.2172505640230674,-0.6799063634110369,0
1.7760689940000862,0.3088451458101542,1.1366299862406606,0.8862453017466392,-0.2172505640230674,1.095328157456956,0
-1.141874302241983,0.1137158136107922,-0.8088605485082063,-0.1448838105613269,-0.2172505640230674,-0.0343665376408577,0
1.7031204115940344,-0.8540249328638931,-0.419762441558433,-0.1448838105613269,-0.2172505640230674,0.3690958534655043,0
0.0982515986608963,-0.4958065256422588,1.1366299862406606,-0.1448838105613269,-0.2172505640230674,1.9829454178909525,0
0.0253030162548446,-0.912263591816694,-0.419762441558433,-0.1448838105613269,-0.2172505640230674,-2.939295753606664,0
-0.1935427309633105,-0.2201694195726859,-0.419762441558433,-0.1448838105613269,-0.2172505640230674,-0.0343665376408577,0
-0.1935427309633105,-0.6941266281337837,1.5257280931904338,-0.1448838105613269,-0.2172505640230674,0.3690958534655043,0
-0.5582856429935692,-0.0992610022702524,1.1366299862406606,-0.1448838105613269,-0.2172505640230674,4.000257373422762,0
1.046583169939569,0.6984599752537831,0.3584337723411137,-0.1448838105613269,-0.2172505640230674,0.7725582445718663,0
-0.4123884781814657,-0.117913279645804,-0.419762441558433,-0.1448838105613269,-0.2172505640230674,-0.0343665376408577,0
0.3170973458790516,-0.9551732979415672,-0.0306643346086596,-0.1448838105613269,-0.2172505640230674,0.3690958534655043,0
0.6088916755032585,0.3761164304564965,-1.1979586554579795,-0.1448838105613269,-0.2172505640230674,1.1760206356782283,0
0.0982515986608963,-0.6965410092153906,-0.0306643346086596,0.5168736088100968,-0.2172505640230674,0.5304808099080491,0
-1.43366863186619,-1.427274746926214,-1.1979586554579795,-0.1448838105613269,-0.2172505640230674,-0.0343665376408577,0
-1.0689257198359312,1.1767630697617733,1.1366299862406606,-0.1448838105613269,-0.2172505640230674,-0.0343665376408577,0
0.9006860051274654,0.1257971871799312,0.3584337723411137,-0.1448838105613269,-0.2172505640230674,-0.0343665376408577,0
-1.43366863186619,-0.3200869237067957,-0.0306643346086596,-0.1448838105613269,3.7558756894388594,-0.8412913198535819,0
1.4842746643758793,-0.1299757168927343,-0.419762441558433,-0.1448838105613269,-0.2172505640230674,0.3690958534655043,0
-0.1935427309633105,0.5088127083338345,1.1366299862406606,-0.1448838105613269,-0.2172505640230674,0.3690958534655043,0
0.8277374227214137,-0.2470589971090141,1.5257280931904338,-0.1448838105613269,-0.2172505640230674,0.7725582445718663,0
0.5359430930972068,1.1383128675170449,-0.0306643346086596,-0.1448838105613269,-0.2172505640230674,-0.0343665376408577,0
-0.6312342253996209,-0.5515645263857225,1.1366299862406606,-0.1448838105613269,-0.2172505640230674,1.5794830267845903,0
-0.4123884781814657,0.4424124945090916,-0.419762441558433,-0.1448838105613269,-0.2172505640230674,-0.4378289287472198,0
-1.214822884648035,-1.560103579059013,-0.0306643346086596,-0.1448838105613269,-0.2172505640230674,-0.6799063634110369,0
3.526834971745328,-0.4364411555180412,-0.419762441558433,-0.1448838105613269,-0.2172505640230674,-1.970986014951396,0
0.3170973458790516,-0.1522448318101442,1.1366299862406606,-0.1448838105613269,-0.2172505640230674,-0.0343665376408577,0
-0.6312342253996209,-0.0199746211825015,1.1366299862406606,-0.1448838105613269,-0.2172505640230674,-0.0343665376408577,0
-0.339439895775414,-0.1305816792034121,-0.0306643346086596,-0.1448838105613269,-0.2172505640230674,-0.0343665376408577,0
1.1195317523456203,-0.3308332865602226,0.3584337723411137,0.8862453017466392,-0.2172505640230674,-0.0343665376408577,0
-1.214822884648035,0.949773375446304,-1.1979586554579795,-0.1448838105613269,-0.2172505640230674,-0.0343665376408577,0
-1.0689257198359312,1.3051702706588448,0.3584337723411137,-0.1448838105613269,-0.2172505640230674,0.3690958534655043,0
-0.7041828078056727,0.7233707071193041,1.1366299862406606,-0.1448838105613269,-0.2172505640230674,3.1933325912100385,0
-0.339439895775414,-0.7224743024801804,0.7475318792908872,-0.1448838105613269,-0.2172505640230674,-0.4378289287472198,0
0.0253030162548446,-0.7889123889493407,-0.419762441558433,-0.1448838105613269,-0.2172505640230674,-0.0343665376408577,0
-0.7771313902117244,1.91664305109939,-0.419762441558433,-0.1448838105613269,-0.2172505640230674,-0.0343665376408577,0
-0.4853370605875174,0.0224332724038414,0.3584337723411137,-0.1448838105613269,-0.2172505640230674,-0.0343665376408577,0
-1.2877714670540863,1.3183120782716702,-0.419762441558433,0.5076191982027541,-0.2172505640230674,-0.4378289287472198,0
0.3170973458790516,0.2354858335737208,-0.0306643346086596,-0.1448838105613269,-0.2172505640230674,-0.0343665376408577,0
-0.1205941485572587,0.5089641989115039,-0.419762441558433,-0.1448838105613269,-0.2172505640230674,0.7725582445718663,0
-1.360720049460138,1.2763018474517094,-0.0306643346086596,-0.1448838105613269,-0.2172505640230674,-0.0343665376408577,0
0.3900459282851033,-1.3255866966655927,0.3584337723411137,-0.1448838105613269,-0.2172505640230674,-0.0343665376408577,0
-0.9959771374298796,0.0871102809075942,1.1366299862406606,-0.1448838105613269,-0.2172505640230674,-0.4378289287472198,0
-0.9230285550238276,0.5471208881619979,1.1366299862406606,0.5495993506679457,-0.2172505640230674,0.127018418801687,0
0.9736345875335172,-1.5117023394936222,1.5257280931904338,-0.1448838105613269,-0.2172505640230674,0.3690958534655043,0
-0.1205941485572587,-0.8605958366703058,-0.419762441558433,-0.1448838105613269,-0.2172505640230674,-2.051678493172668,0
-0.7771313902117244,0.7585543937830349,-0.419762441558433,-0.1448838105613269,-0.2172505640230674,-0.0343665376408577,0
0.9006860051274654,-0.5727542709372374,-0.419762441558433,-0.1448838105613269,-0.2172505640230674,-0.1957514940834025,0
0.2441487634729998,0.0069433608371396,-0.0306643346086596,-0.1448838105613269,-0.2172505640230674,1.5794830267845903,0
-0.339439895775414,-0.3802665556859865,-0.419762441558433,-0.1448838105613269,-0.2172505640230674,1.1760206356782283,0
-0.4853370605875174,0.6508067204156353,1.1366299862406606,-0.1448838105613269,-0.2172505640230674,-0.0343665376408577,0
-1.5066172142722416,0.2408732172420908,-0.419762441558433,-0.1448838105613269,-0.2172505640230674,-0.0343665376408577,0
-1.43366863186619,0.253210231161047,-0.419762441558433,-0.1448838105613269,-0.2172505640230674,1.1760206356782283,0
1.4842746643758793,-1.5010127856068212,-0.419762441558433,-0.1448838105613269,-0.2172505640230674,2.386407808997314,0
0.6818402579093102,0.3295330778231392,-0.0306643346086596,-0.1448838105613269,-0.2172505640230674,-0.0343665376408577,0
0.5359430930972068,2.2898306210269874,1.1366299862406606,-0.1448838105613269,-0.2172505640230674,-0.0343665376408577,0
-0.7041828078056727,1.943409542541362,-0.0306643346086596,-0.1448838105613269,-0.2172505640230674,0.3690958534655043,0
1.4842746643758793,0.0400061794134981,-0.419762441558433,-0.1448838105613269,-0.2172505640230674,-0.0343665376408577,0
-0.1935427309633105,-1.0679296285331632,-0.419762441558433,0.5495993506679457,-0.2172505640230674,-0.0343665376408577,0
2.3596576532485,1.4739023696993043,0.3584337723411137,-0.1448838105613269,-0.2172505640230674,-1.0026762762961263,0
-1.0689257198359312,0.1373104710828098,1.1366299862406606,-0.1448838105613269,-0.2172505640230674,-0.0343665376408577,0
-0.4123884781814657,0.3038554249081666,-0.0306643346086596,-0.1448838105613269,-0.2172505640230674,-0.0343665376408577,0
-1.5066172142722416,-0.3280591153566507,-1.1979586554579795,-0.1448838105613269,-0.2172505640230674,-2.7779107971641195,0
0.754788840315362,0.9941695828645588,1.1366299862406606,-0.1448838105613269,-0.2172505640230674,0.7725582445718663,0
2.067863323624293,-0.1601412781711645,-3.1434491902068467,0.1316755325160698,-0.2172505640230674,-0.5185214069684921,0
-0.4853370605875174,1.3813984357098936,-0.419762441558433,-0.1448838105613269,-0.2172505640230674,-0.0343665376408577,0
-1.0689257198359312,1.946912762149968,-0.0306643346086596,-0.1448838105613269,-0.2172505640230674,-0.8412913198535819,0
1.265428917157724,-1.1512305099291549,-0.419762441558433,-0.1448838105613269,-0.2172505640230674,0.7725582445718663,0
0.8277374227214137,-1.1196352563239689,-0.419762441558433,0.2712964229833686,-0.2172505640230674,-0.0343665376408577,0
-0.7041828078056727,-0.7071548178133568,1.1366299862406606,-0.1448838105613269,-0.2172505640230674,-0.0343665376408577,0
-0.5582856429935692,0.5065024770243753,-0.419762441558433,-0.1448838105613269,-0.2172505640230674,0.7725582445718663,0
0.6088916755032585,-0.2332070774133633,-0.0306643346086596,-0.1448838105613269,-0.2172505640230674,-0.0343665376408577,0
-1.0689257198359312,-1.1538437223939528,-0.419762441558433,-0.1448838105613269,-0.2172505640230674,-0.0343665376408577,0
1.8490175764061376,-0.1034080568339537,-3.1434491902068467,-0.1448838105613269,-0.2172505640230674,-0.0343665376408577,0
-0.850079972617776,0.5368668696859966,-0.419762441558433,-0.1448838105613269,-0.2172505640230674,-0.0343665376408577,0
-0.1935427309633105,-0.3658560144851797,-2.3652529763073,-0.1448838105613269,-0.2172505640230674,1.1760206356782283,0
-0.6312342253996209,0.0008458650859441,-0.419762441558433,-0.1448838105613269,-0.2172505640230674,0.3690958534655043,0
1.7031204115940344,-0.6915891609578203,2.3039243070899804,-0.1448838105613269,-0.2172505640230674,-0.0343665376408577,0
-1.2877714670540863,0.7166104400908047,-0.0306643346086596,-0.1448838105613269,-0.2172505640230674,-0.0343665376408577,0
-0.4123884781814657,-0.4978516484407964,1.1366299862406606,-0.1448838105613269,-0.2172505640230674,-0.0343665376408577,0
-0.9959771374298796,0.880172923168294,-0.419762441558433,-0.1448838105613269,-0.2172505640230674,-0.0343665376408577,0
-0.1205941485572587,0.2728756017747631,-0.419762441558433,0.8862453017466392,-0.2172505640230674,-0.4378289287472198,0
0.1712001810669481,0.06971726895892,-0.0306643346086596,-0.1448838105613269,-0.2172505640230674,-0.4378289287472198,0
-0.850079972617776,-0.3960594484080272,-0.0306643346086596,-0.1448838105613269,-0.2172505640230674,-0.1957514940834025,0
-0.4853370605875174,-0.6641693663996491,1.1366299862406606,-0.1448838105613269,-0.2172505640230674,0.7725582445718663,0
-0.4123884781814657,0.9184621666742488,-1.1979586554579795,-0.1448838105613269,-0.2172505640230674,-0.0343665376408577,0
0.9006860051274654,1.1088574183214404,-0.419762441558433,-0.1448838105613269,-0.2172505640230674,-0.8412913198535819,0
-0.9959771374298796,-0.5122432533193947,-0.419762441558433,-0.1448838105613269,-0.2172505640230674,-0.0343665376408577,0
0.6818402579093102,-0.1368022610489641,-0.419762441558433,-0.1448838105613269,-0.2172505640230674,-0.0343665376408577,0
0.6088916755032585,-0.3851142541714091,1.5257280931904338,-0.1448838105613269,-0.2172505640230674,1.9829454178909525,0
-0.1935427309633105,-0.4730924071529449,1.5257280931904338,-0.1448838105613269,-0.2172505640230674,-0.0343665376408577,0
1.265428917157724,-0.9227164416758864,-1.9761548693575264,-0.1448838105613269,-0.2172505640230674,-0.0343665376408577,0
0.3170973458790516,-0.9322414117468536,1.1366299862406606,-0.1448838105613269,-0.2172505640230674,-0.0343665376408577,0
-1.141874302241983,1.4495691956611485,1.1366299862406606,-0.1448838105613269,-0.2172505640230674,-1.6482161020663058,0
-0.2664913133693622,-0.2080975141646512,-0.419762441558433,-0.1448838105613269,-0.2172505640230674,-1.6482161020663058,0
1.7031204115940344,0.7230582578028608,-0.0306643346086596,-0.1448838105613269,-0.2172505640230674,-0.0343665376408577,0
1.046583169939569,-0.3622391769433215,1.1366299862406606,-0.1448838105613269,-0.2172505640230674,0.3690958534655043,0
-1.214822884648035,-0.7242637849289009,-0.0306643346086596,-0.1448838105613269,-0.2172505640230674,-1.6482161020663058,0
-0.9230285550238276,0.3254712367093769,0.7475318792908872,-0.1448838105613269,-0.2172505640230674,-0.3571364505259474,0
-0.9230285550238276,0.3371549475121336,-0.0306643346086596,-0.1448838105613269,3.7558756894388594,-0.0343665376408577,0
-0.2664913133693622,0.7097081506457401,-1.1979586554579795,-0.1448838105613269,-0.2172505640230674,3.516102504095128,0
2.724400565278758,-0.4462785749054515,-0.419762441558433,-0.1448838105613269,-0.2172505640230674,-2.7779107971641195,0
-1.2877714670540863,-0.7030077632496555,-0.419762441558433,-0.1448838105613269,-0.2172505640230674,0.7725582445718663,0
-0.1935427309633105,0.0262584094899951,-0.0306643346086596,1.6724678376921776,-0.2172505640230674,-0.0343665376408577,0
-1.214822884648035,0.7853398215472154,-1.1979586554579795,-0.1448838105613269,-0.2172505640230674,-0.0343665376408577,0
0.9006860051274654,-0.6311349523066035,-0.419762441558433,-0.1448838105613269,-0.2172505640230674,-0.0343665376408577,0
0.0982515986608963,0.3312752194663379,1.1366299862406606,-0.1448838105613269,-0.2172505640230674,0.3690958534655043,0
0.9006860051274654,-0.838411935202835,-0.419762441558433,-0.1448838105613269,-0.2172505640230674,2.386407808997314,0
-0.9230285550238276,-1.1519784946563976,1.5257280931904338,-0.1448838105613269,-0.2172505640230674,-0.0343665376408577,0
0.9736345875335172,1.2242837703444605,-0.419762441558433,-0.1448838105613269,-0.2172505640230674,-0.0343665376408577,0
-1.43366863186619,0.3841075584285602,-0.419762441558433,-0.1448838105613269,-0.2172505640230674,0.4497883316867767,0
-0.7041828078056727,2.676406170756123,-2.754351083257073,-0.1448838105613269,-0.2172505640230674,-0.0343665376408577,0
-1.5066172142722416,1.3705857957287364,-1.5870567624077532,-0.1448838105613269,-0.2172505640230674,-0.3571364505259474,0
0.6088916755032585,-0.1926360070812625,1.5257280931904338,0.4433748115227963,-0.2172505640230674,-0.4378289287472198,0
-0.9230285550238276,-0.2780104157591046,1.5257280931904338,-0.1448838105613269,4.745437097136306,-0.0343665376408577,0
-1.214822884648035,-1.5313109011407122,-0.0306643346086596,-0.1448838105613269,-0.2172505640230674,-0.3571364505259474,0
-0.2664913133693622,0.4904444757914131,-1.9761548693575264,0.2085273771248711,-0.2172505640230674,-0.8412913198535819,0
-0.047645566151207,-1.110915079946871,-0.419762441558433,-0.1448838105613269,-0.2172505640230674,1.095328157456956,0
0.9006860051274654,-0.3344879967464982,1.5257280931904338,0.8862453017466392,-0.2172505640230674,0.3690958534655043,0
-0.339439895775414,0.1694264735487342,-0.0306643346086596,-0.1448838105613269,-0.2172505640230674,-2.293755927836485,0
-0.9959771374298796,0.1142554987937396,-0.0306643346086596,-0.1448838105613269,-0.2172505640230674,-0.0343665376408577,0
0.6818402579093102,-1.28274326766845,1.9148262001402072,1.8701635077678724,-0.2172505640230674,-0.0343665376408577,0
0.0253030162548446,-0.7830989380312753,-0.419762441558433,-0.1448838105613269,-0.2172505640230674,-0.0343665376408577,0
2.724400565278758,-0.9933489235142698,-0.0306643346086596,-0.1448838105613269,-0.2172505640230674,-0.0343665376408577,0
0.6088916755032585,1.122652529050465,-0.419762441558433,-0.1448838105613269,-0.2172505640230674,-0.0343665376408577,0
0.8277374227214137,-0.7242543167677965,-0.419762441558433,-0.1448838105613269,-0.2172505640230674,-0.0343665376408577,0
1.3383774995637758,0.0120466996723794,-3.1434491902068467,-0.1448838105613269,-0.2172505640230674,-0.8412913198535819,0
2.432606235654552,0.1289500848276767,-0.0306643346086596,-0.1448838105613269,-0.2172505640230674,-0.4378289287472198,0
-1.5066172142722416,-0.9491894201236236,-0.419762441558433,-0.1448838105613269,-0.2172505640230674,-2.45514088427903,0
0.8277374227214137,0.6386874742020788,-0.419762441558433,-0.1448838105613269,-0.2172505640230674,-0.0343665376408577,0
0.3900459282851033,-1.1210365441674115,-0.0306643346086596,-0.1448838105613269,-0.2172505640230674,0.7725582445718663,0
-1.5066172142722416,-1.2551151735659831,-1.1979586554579795,-0.1448838105613269,-0.2172505640230674,-1.970986014951396,0
0.2441487634729998,0.7881329290729959,-0.419762441558433,-0.1448838105613269,-0.2172505640230674,-0.0343665376408577,0
-0.4123884781814657,-0.0194254678384497,1.1366299862406606,-0.1448838105613269,4.100610114676817,-0.0343665376408577,0
-0.6312342253996209,1.4318637343960308,1.9148262001402072,-0.1448838105613269,3.7261144440945753,3.1933325912100385,0
-0.9959771374298796,1.6038812853396966,-0.0306643346086596,-0.1448838105613269,-0.2172505640230674,-1.6482161020663058,0
-0.9230285550238276,1.291110051418899,1.1366299862406606,-0.1448838105613269,-0.2172505640230674,3.1933325912100385,0
-0.9959771374298796,-0.6592553907864961,1.1366299862406606,-0.1448838105613269,-0.2172505640230674,-0.0343665376408577,0
-0.9230285550238276,0.1182226582964585,-0.419762441558433,-0.1448838105613269,-0.2172505640230674,-0.8412913198535819,0
1.4113260819698277,-1.4592203224922604,1.1366299862406606,-0.1448838105613269,-0.2172505640230674,2.386407808997314,0
-0.1935427309633105,0.4310412330227782,-0.0306643346086596,-0.1448838105613269,-0.2172505640230674,-0.6799063634110369,0
-0.5582856429935692,0.1308342488874406,-0.0306643346086596,-0.1448838105613269,-0.2172505640230674,0.2884033752442319,0
-0.7771313902117244,-1.0395630178645578,0.3584337723411137,-0.1448838105613269,-0.2172505640230674,-0.0343665376408577,0
0.3170973458790516,0.0650968063400016,1.1366299862406606,-0.1448838105613269,4.499906823045962,-0.0343665376408577,0
0.1712001810669481,-0.5662401760974509,-0.419762441558433,-0.1448838105613269,-0.2172505640230674,1.5794830267845903,0
0.0982515986608963,-1.4728355381603029,-0.419762441558433,0.773717033637068,-0.2172505640230674,0.2077108970229594,0
1.9949147412182413,-0.1689656043204102,-0.0306643346086596,-0.1448838105613269,-0.2172505640230674,-2.051678493172668,0
-0.850079972617776,0.216218125726387,-0.0306643346086596,-0.1448838105613269,-0.2172505640230674,-0.0343665376408577,0
0.0982515986608963,-0.3806547502912645,-0.419762441558433,-0.1448838105613269,-0.2172505640230674,-0.4378289287472198,0
-0.339439895775414,0.5258743346438568,-0.419762441558433,0.1281883633017088,-0.2172505640230674,-0.8412913198535819,0
0.3900459282851033,0.1386549499596262,-0.419762441558433,-0.1448838105613269,-0.2172505640230674,-0.1957514940834025,0
-1.141874302241983,-0.6076539127678381,-0.0306643346086596,-0.1448838105613269,-0.2172505640230674,-0.4378289287472198,0
2.2137604884363964,-1.4036611531319878,-2.3652529763073,-0.1448838105613269,-0.2172505640230674,-1.6482161020663058,0
0.3170973458790516,1.569455051564313,-0.0306643346086596,-0.1448838105613269,-0.2172505640230674,-0.0343665376408577,0
2.1408119060303448,0.2277124733070569,-0.419762441558433,-0.1448838105613269,-0.2172505640230674,-0.0343665376408577,0
-0.047645566151207,-0.440711296176099,1.1366299862406606,-0.1448838105613269,-0.2172505640230674,-0.0343665376408577,0
1.3383774995637758,-0.9665634957500894,2.3039243070899804,-0.1448838105613269,-0.2172505640230674,-1.2447537109599438,0
-1.141874302241983,-0.8869836016681039,-0.0306643346086596,-0.1448838105613269,-0.2172505640230674,-0.8412913198535819,0
0.8277374227214137,-0.0866115390348529,-0.0306643346086596,-0.1448838105613269,-0.2172505640230674,-0.1957514940834025,0
-0.9959771374298796,0.7810980853724706,1.1366299862406606,-0.1448838105613269,-0.2172505640230674,-0.8412913198535819,0
-0.047645566151207,0.0804825681345556,0.3584337723411137,-0.1448838105613269,-0.2172505640230674,-0.0343665376408577,0
-0.2664913133693622,0.7406122284903088,-0.419762441558433,-0.1448838105613269,-0.2172505640230674,-0.1957514940834025,0
0.9006860051274654,2.2544765074633784,-0.419762441558433,-0.1448838105613269,-0.2172505640230674,-0.0343665376408577,0
0.9006860051274654,0.5904282570532532,2.3039243070899804,-0.1448838105613269,-0.2172505640230674,0.3690958534655043,0
-0.6312342253996209,-0.8841620896590103,1.5257280931904338,-0.1448838105613269,-0.2172505640230674,0.3690958534655043,0
-0.4123884781814657,1.5933432220305652,-0.419762441558433,-0.1448838105613269,-0.2172505640230674,-0.4378289287472198,0
-1.2877714670540863,0.6871171182507827,-0.419762441558433,-0.1448838105613269,-0.2172505640230674,-0.0343665376408577,0
-0.1205941485572587,0.461699138678634,-3.1434491902068467,-0.1448838105613269,-0.2172505640230674,-0.0343665376408577,0
-0.047645566151207,-0.1893410870169519,-0.419762441558433,-0.1448838105613269,-0.2172505640230674,-0.0343665376408577,0
-0.1935427309633105,-0.8931663108692385,-0.419762441558433,-0.1448838105613269,-0.2172505640230674,0.3690958534655043,0
0.8277374227214137,0.0617640136312736,1.1366299862406606,-0.1448838105613269,-0.2172505640230674,-0.0343665376408577,0
0.6818402579093102,0.2587585735681908,-0.419762441558433,-0.1448838105613269,-0.2172505640230674,-0.0343665376408577,0
-0.5582856429935692,1.46311813420146,-0.0306643346086596,-0.1448838105613269,-0.2172505640230674,-0.0343665376408577,0
1.265428917157724,-0.1071479804701684,-0.0306643346086596,-0.1448838105613269,-0.2172505640230674,-0.0343665376408577,0
-0.4123884781814657,-0.8845597524253926,0.7475318792908872,-0.1448838105613269,-0.2172505640230674,0.7725582445718663,0
1.9219661588121892,1.5227486128365992,1.1366299862406606,1.277478863219368,-0.2172505640230674,-1.6482161020663058,0
0.1712001810669481,0.33261023018205,1.5257280931904338,-0.1448838105613269,-0.2172505640230674,1.1760206356782283,0
1.1195317523456203,-0.4055749503178898,-0.0306643346086596,-0.1448838105613269,-0.2172505640230674,-0.0343665376408577,0
-0.4123884781814657,0.1305975448598321,-0.0306643346086596,-0.1448838105613269,-0.2172505640230674,-0.0343665376408577,0
1.265428917157724,-0.3483872572476706,1.1366299862406606,-0.1448838105613269,4.100610114676817,-0.0343665376408577,0
0.3170973458790516,-1.1210365441674115,-0.0306643346086596,-0.1448838105613269,-0.2172505640230674,0.3690958534655043,0
-0.4123884781814657,-0.8705658103131767,-0.419762441558433,-0.1448838105613269,4.462705266365607,0.7725582445718663,0
0.9006860051274654,-0.4858270838382835,-1.5870567624077532,-0.1448838105613269,-0.2172505640230674,-0.4378289287472198,0
0.3900459282851033,-0.8330150833733606,-0.0306643346086596,-0.1448838105613269,-0.2172505640230674,-0.0343665376408577,0
-0.047645566151207,0.0663087309613572,1.1366299862406606,-0.1448838105613269,-0.2172505640230674,1.1760206356782283,0
-0.1935427309633105,1.4468328971019937,-1.1979586554579795,-0.1448838105613269,-0.2172505640230674,-0.0343665376408577,0
0.0982515986608963,0.1834014793387414,1.1366299862406606,-0.1448838105613269,-0.2172505640230674,-0.0343665376408577,0
0.5359430930972068,-0.3921301615497257,-0.419762441558433,-0.1448838105613269,-0.2172505640230674,1.5794830267845903,0
-0.5582856429935692,-0.8395670508575646,-0.0306643346086596,-0.1448838105613269,-0.2172505640230674,-0.0343665376408577,0
0.1712001810669481,-0.8113235262833156,-0.0306643346086596,-0.1448838105613269,-0.2172505640230674,0.9339432010144112,0
1.046583169939569,0.8962498607234649,1.5257280931904338,-0.1448838105613269,-0.2172505640230674,0.7725582445718663,0
-1.2877714670540863,0.4333798688155503,-0.419762441558433,-0.1448838105613269,-0.2172505640230674,-0.0343665376408577,0
-1.141874302241983,-1.354180543200702,1.1366299862406606,-0.1448838105613269,-0.2172505640230674,-1.2447537109599438,0
0.3900459282851033,-0.0526871177979994,1.1366299862406606,0.5274692383460396,-0.2172505640230674,-0.0343665376408577,0
-1.141874302241983,-1.536253281237178,-1.1979586554579795,-0.1448838105613269,-0.2172505640230674,-0.0343665376408577,0
1.7031204115940344,-0.5198177822028673,-0.8088605485082063,-0.1448838105613269,-0.2172505640230674,-0.0343665376408577,0
-0.1205941485572587,0.2035497261687789,-0.0306643346086596,-0.1448838105613269,-0.2172505640230674,-0.4378289287472198,0
-1.43366863186619,0.976208481249624,-0.419762441558433,-0.1448838105613269,-0.2172505640230674,-0.0343665376408577,0
-1.141874302241983,-0.5163145625942612,1.1366299862406606,-0.1448838105613269,-0.2172505640230674,-0.0343665376408577,0
-0.1935427309633105,1.865761153324662,1.5257280931904338,-0.1448838105613269,4.685914606447738,0.2884033752442319,0
0.3900459282851033,5.650109401440893,-0.419762441558433,-0.1448838105613269,-0.2172505640230674,1.5794830267845903,0
-0.9959771374298796,1.2453977696071408,1.1366299862406606,0.4051500720576858,-0.2172505640230674,-0.4378289287472198,0
-0.1205941485572587,-0.903846396594935,-3.1434491902068467,-0.1448838105613269,-0.2172505640230674,-0.4378289287472198,0
0.754788840315362,-0.8365088348208625,1.1366299862406606,-0.1448838105613269,3.6616317458486263,-0.0343665376408577,0
-0.6312342253996209,0.3548320042939381,1.1366299862406606,-0.1448838105613269,-0.2172505640230674,-0.0343665376408577,0
-0.7771313902117244,-1.4947259266335389,-0.419762441558433,-0.1448838105613269,-0.2172505640230674,1.5794830267845903,0
0.6818402579093102,1.6649414563015912,-0.419762441558433,-0.1448838105613269,-0.2172505640230674,-0.4378289287472198,0
0.6088916755032585,-1.521028478181398,2.3039243070899804,-0.1448838105613269,-0.2172505640230674,-0.0343665376408577,0
-1.360720049460138,1.354130131729392,-2.754351083257073,-0.1448838105613269,-0.2172505640230674,-0.0343665376408577,0
-0.1935427309633105,-0.4946987507930509,-0.8088605485082063,-0.1448838105613269,-0.2172505640230674,0.3690958534655043,0
0.0253030162548446,0.0173583380519147,1.1366299862406606,-0.1448838105613269,4.462705266365607,-0.0343665376408577,0
0.9006860051274654,0.2873524201033003,0.7475318792908872,-0.1448838105613269,-0.2172505640230674,-0.0343665376408577,0
0.0982515986608963,-0.5170909518048172,0.7475318792908872,-0.1448838105613269,-0.2172505640230674,-0.0343665376408577,0
-1.214822884648035,0.0511786095166204,-0.0306643346086596,-0.1448838105613269,-0.2172505640230674,-0.1957514940834025,0
-0.7771313902117244,-0.2414349094130356,0.3584337723411137,-0.1448838105613269,-0.2172505640230674,-0.0343665376408577,0
-0.2664913133693622,-0.8138799297814877,1.5257280931904338,-0.1448838105613269,-0.2172505640230674,-0.0343665376408577,0
-0.9959771374298796,0.1288554032166333,1.1366299862406606,-0.1448838105613269,-0.2172505640230674,-1.6482161020663058,0
1.557223246781931,-0.3129573983952269,-0.419762441558433,-0.1448838105613269,-0.2172505640230674,-0.0343665376408577,0
-0.850079972617776,-0.1848342423312856,1.1366299862406606,-0.1448838105613269,-0.2172505640230674,-1.0026762762961263,0
0.5359430930972068,0.161312259482314,-0.0306643346086596,-0.1448838105613269,-0.2172505640230674,-0.0343665376408577,0
0.0253030162548446,-0.4724580403589541,1.5257280931904338,-0.1448838105613269,-0.2172505640230674,-0.8412913198535819,0
3.0161948949029656,-0.7755149409866983,-0.419762441558433,-0.1448838105613269,-0.2172505640230674,-1.3254461891812162,0
1.4113260819698277,-0.0720305709341679,2.3039243070899804,-0.1448838105613269,-0.2172505640230674,-1.3254461891812162,0
-0.4123884781814657,-0.0557832064791189,0.7475318792908872,-0.1448838105613269,-0.2172505640230674,-0.0343665376408577,0
1.1195317523456203,-1.5031809944997152,-2.3652529763073,-0.1448838105613269,-0.2172505640230674,1.5794830267845903,0
-0.4853370605875174,-0.1605389409375468,-0.419762441558433,-0.1448838105613269,-0.2172505640230674,-0.0343665376408577,0
-0.4853370605875174,-0.4694092924833563,-1.1979586554579795,-0.1448838105613269,-0.2172505640230674,-0.0343665376408577,0
-0.6312342253996209,0.6604547765809586,0.3584337723411137,-0.1448838105613269,-0.2172505640230674,-0.0343665376408577,0
-0.4853370605875174,-1.4822658266202262,0.3584337723411137,-0.1448838105613269,-0.2172505640230674,-0.0343665376408577,0
0.5359430930972068,1.7085234018648725,1.9148262001402072,13.267171353549536,-0.2172505640230674,1.5794830267845903,1
-0.7041828078056727,0.834318618939971,-0.0306643346086596,-0.1448838105613269,-0.2172505640230674,-1.2447537109599438,0
1.4842746643758793,-0.1736618122281633,-1.5870567624077532,-0.1448838105613269,-0.2172505640230674,-0.8412913198535819,0
-1.5795657966782934,-0.8231966003081591,-0.8088605485082063,-0.1448838105613269,-0.2172505640230674,-1.970986014951396,0
0.0253030162548446,1.657991826051005,-0.0306643346086596,-0.1448838105613269,-0.2172505640230674,-0.0343665376408577,0
0.2441487634729998,-0.0126746689710546,-0.0306643346086596,1.8701635077678724,-0.2172505640230674,-0.0343665376408577,0
0.3170973458790516,-1.3395238298111825,0.7475318792908872,-0.1448838105613269,-0.2172505640230674,-0.0343665376408577,0
-0.339439895775414,-0.7450653348751378,1.9148262001402072,-0.1448838105613269,-0.2172505640230674,-0.0343665376408577,0
-0.9230285550238276,1.8855117373883168,-0.0306643346086596,-0.1448838105613269,-0.2172505640230674,-0.4378289287472198,0
0.3900459282851033,-1.3819601278808384,0.7475318792908872,0.8862453017466392,-0.2172505640230674,-0.0343665376408577,0
0.9006860051274654,-0.9134565801158412,-0.419762441558433,-0.1448838105613269,-0.2172505640230674,-0.0343665376408577,0
0.0253030162548446,3.3457862245108174,-0.419762441558433,0.5495993506679457,-0.2172505640230674,0.7725582445718663,0
-0.850079972617776,1.425898792900296,-0.0306643346086596,-0.1448838105613269,-0.2172505640230674,-0.0343665376408577,0
-1.43366863186619,0.0680508726045559,-0.419762441558433,-0.1448838105613269,-0.2172505640230674,-0.0343665376408577,0
0.5359430930972068,2.551852511428518,-0.0306643346086596,-0.1448838105613269,4.499906823045962,0.7725582445718663,0
0.1712001810669481,-1.2539316534279406,1.1366299862406606,-0.1448838105613269,-0.2172505640230674,2.386407808997314,0
-0.4123884781814657,3.4813418870416664,-0.419762441558433,-0.1448838105613269,-0.2172505640230674,-0.0343665376408577,0
-1.360720049460138,1.2153931670674842,-0.419762441558433,-0.1448838105613269,-0.2172505640230674,-0.0343665376408577,0
-0.850079972617776,0.1335610792854908,-0.0306643346086596,-0.1448838105613269,-0.2172505640230674,0.3690958534655043,0
-0.339439895775414,-1.1031227833579984,-0.419762441558433,-0.1448838105613269,-0.2172505640230674,-0.0343665376408577,0
-0.5582856429935692,-0.1408925066460394,1.1366299862406606,-0.1448838105613269,-0.2172505640230674,-0.0343665376408577,0
-0.7771313902117244,-0.5887175905591563,-0.419762441558433,0.622427538490946,-0.2172505640230674,-0.0343665376408577,0
2.1408119060303448,-0.1098653427071142,-1.9761548693575264,0.0961332309081599,-0.2172505640230674,-1.3254461891812162,0
-1.214822884648035,1.8185623702195224,-0.419762441558433,-0.1448838105613269,-0.2172505640230674,-0.0343665376408577,0
-1.360720049460138,0.0884452916233063,-0.0306643346086596,-0.1448838105613269,-0.2172505640230674,-2.293755927836485,0
-0.4123884781814657,-0.4909777634790449,-0.419762441558433,-0.1448838105613269,-0.2172505640230674,-0.6799063634110369,0
-0.339439895775414,0.4604872140572784,-0.0306643346086596,-0.1448838105613269,3.820358387684808,-2.293755927836485,0
0.9006860051274654,-1.470487434206426,-0.0306643346086596,-0.1448838105613269,-0.2172505640230674,-1.6482161020663058,0
0.9006860051274654,0.0636765821743504,-0.419762441558433,-0.1448838105613269,-0.2172505640230674,1.5794830267845903,0
0.6818402579093102,0.1844051044158015,-0.419762441558433,-0.1448838105613269,-0.2172505640230674,1.5794830267845903,0
0.0253030162548446,-0.8138799297814877,-0.419762441558433,-0.1448838105613269,-0.2172505640230674,1.5794830267845903,0
-1.214822884648035,0.2575087763024178,-2.754351083257073,-0.1448838105613269,-0.2172505640230674,0.6111732881293215,0
-1.5795657966782934,-0.7230707966297539,-1.1979586554579795,-0.1448838105613269,-0.2172505640230674,-2.293755927836485,0
-0.7771313902117244,2.227047244744103,-1.5870567624077532,-0.1448838105613269,-0.2172505640230674,-0.8412913198535819,0
0.2441487634729998,-0.7305885165466006,-0.8088605485082063,-0.1448838105613269,-0.2172505640230674,-0.8412913198535819,0
-0.2664913133693622,-0.3890340728686062,-0.419762441558433,-0.1448838105613269,4.098130010898126,-0.0343665376408577,0
-0.047645566151207,-0.8548013220744491,0.7475318792908872,-0.1448838105613269,-0.2172505640230674,-0.0343665376408577,0
1.046583169939569,0.8907015183163212,-0.419762441558433,-0.1448838105613269,4.747917200914996,-0.0343665376408577,0
-0.4123884781814657,-0.6687992971796718,-1.9761548693575264,-0.1448838105613269,-0.2172505640230674,-0.0343665376408577,0
1.7031204115940344,-1.5134066084924034,-0.419762441558433,-0.1448838105613269,-0.2172505640230674,-0.0343665376408577,0
0.9736345875335172,-1.3723310080377238,-0.0306643346086596,-0.1448838105613269,-0.2172505640230674,1.1760206356782283,0
-1.2877714670540863,-1.2055872228291755,-1.5870567624077532,-0.1448838105613269,-0.2172505640230674,-0.0343665376408577,0
-0.4123884781814657,0.2609930595888152,-0.419762441558433,-0.1448838105613269,-0.2172505640230674,-1.6482161020663058,0
-0.4123884781814657,0.6111824661939685,-0.419762441558433,-0.1448838105613269,-0.2172505640230674,-0.0343665376408577,0
1.557223246781931,-1.2787287673602097,0.3584337723411137,-0.1448838105613269,-0.2172505640230674,-0.0343665376408577,0
0.0253030162548446,-1.269696141666668,1.1366299862406606,-0.1448838105613269,-0.2172505640230674,0.7725582445718663,0
1.1195317523456203,-0.3794238893477002,1.1366299862406606,-0.1448838105613269,-0.2172505640230674,0.3690958534655043,0
-0.850079972617776,-0.5148185931397754,1.1366299862406606,-0.1448838105613269,-0.2172505640230674,-0.0343665376408577,0
-0.4853370605875174,1.0111649320468508,-0.419762441558433,-0.1448838105613269,-0.2172505640230674,0.7725582445718663,0
0.3900459282851033,-1.2849588173668658,-0.0306643346086596,-0.1448838105613269,-0.2172505640230674,1.3374055921207733,0
-0.9959771374298796,0.2870494389479615,0.7475318792908872,-0.1448838105613269,-0.2172505640230674,-2.2130634496152126,0
-0.7771313902117244,-0.9350250511115298,1.1366299862406606,-0.1448838105613269,-0.2172505640230674,-0.0343665376408577,0
-0.9959771374298796,0.0865705957246468,1.1366299862406606,-0.1448838105613269,-0.2172505640230674,-0.0343665376408577,0
0.6088916755032585,0.1129110199169232,-0.419762441558433,-0.1448838105613269,-0.2172505640230674,-0.0343665376408577,0
1.046583169939569,-0.8520176827097729,1.5257280931904338,0.146697184516394,-0.2172505640230674,-0.0343665376408577,0
-0.4853370605875174,0.0199526141945041,0.3584337723411137,-0.1448838105613269,-0.2172505640230674,-0.4378289287472198,0
-1.0689257198359312,2.575418764417223,-1.5870567624077532,-0.1448838105613269,-0.2172505640230674,-0.0343665376408577,0
0.6088916755032585,0.3831418059959174,-0.419762441558433,-0.1448838105613269,-0.2172505640230674,1.5794830267845903,0
0.462994510691155,-0.5945405096383259,-0.419762441558433,-0.1448838105613269,-0.2172505640230674,-0.0343665376408577,0
-0.2664913133693622,-0.060507818870185,-0.419762441558433,-0.1448838105613269,-0.2172505640230674,-0.0343665376408577,0
-1.360720049460138,0.0212118796213814,-0.419762441558433,-0.1448838105613269,-0.2172505640230674,-0.0343665376408577,0
0.3900459282851033,-0.6079379576009684,1.1366299862406606,-0.1448838105613269,-0.2172505640230674,-0.0343665376408577,0
-0.1935427309633105,-1.585203674146621,-0.419762441558433,-0.1448838105613269,-0.2172505640230674,-0.0343665376408577,0
-0.9959771374298796,-0.8572819802837864,0.3584337723411137,0.8862453017466392,-0.2172505640230674,-0.0343665376408577,0
-0.4853370605875174,-0.1276749537443795,1.1366299862406606,0.8339377635312247,-0.2172505640230674,-0.0343665376408577,0
-1.0689257198359312,0.6124133271375328,-0.0306643346086596,-0.1448838105613269,-0.2172505640230674,-0.4378289287472198,0
0.2441487634729998,-1.498645745330736,2.3039243070899804,-0.1448838105613269,-0.2172505640230674,-0.0343665376408577,0
-1.43366863186619,-0.9947218068743992,-0.0306643346086596,-0.1448838105613269,-0.2172505640230674,-0.8412913198535819,0
1.265428917157724,-0.7961555321941615,-0.0306643346086596,-0.1448838105613269,-0.2172505640230674,0.3690958534655043,0
-0.9230285550238276,-1.242636137230462,-0.419762441558433,-0.1448838105613269,-0.2172505640230674,0.7725582445718663,0
-0.7041828078056727,-1.346757504894899,-0.419762441558433,-0.1448838105613269,-0.2172505640230674,-0.0343665376408577,0
-0.4123884781814657,-0.0519959420373825,0.7475318792908872,-0.1448838105613269,-0.2172505640230674,-0.4378289287472198,0
-0.850079972617776,2.046025472590209,-0.419762441558433,-0.1448838105613269,-0.2172505640230674,-0.0343665376408577,0
0.0253030162548446,0.5654607162211062,1.5257280931904338,-0.1448838105613269,-0.2172505640230674,2.5477927654398598,0
1.9949147412182413,-0.3810713493798555,-2.3652529763073,-0.1448838105613269,-0.2172505640230674,-2.939295753606664,0
1.265428917157724,-0.6204738029031157,1.9148262001402072,13.267171353549536,-0.2172505640230674,0.3690958534655043,1
-0.9959771374298796,-0.6802178994715069,-0.0306643346086596,-0.1448838105613269,-0.2172505640230674,-0.0343665376408577,0
0.2441487634729998,-1.3581950435089427,2.3039243070899804,3.5874602239477893,-0.2172505640230674,1.5794830267845903,0
0.3900459282851033,-0.7030929766995946,-0.0306643346086596,-0.1448838105613269,-0.2172505640230674,-0.0343665376408577,0
0.9736345875335172,-0.4780821280549326,-0.419762441558433,-0.1448838105613269,-0.2172505640230674,-2.616525840721575,0
2.2137604884363964,1.262544609367102,1.1366299862406606,13.267171353549536,-0.2172505640230674,-0.0343665376408577,1
0.6088916755032585,0.4938814182722889,-1.9761548693575264,-0.1448838105613269,-0.2172505640230674,-0.0343665376408577,0
1.1924803347516724,1.0299402955167587,2.3039243070899804,-0.1448838105613269,5.186895569743186,1.5794830267845903,0
-1.141874302241983,-0.2442753577443379,-0.419762441558433,-0.1448838105613269,-0.2172505640230674,-0.0343665376408577,0
0.0253030162548446,-0.1451153064985754,-1.9761548693575264,-0.1448838105613269,-0.2172505640230674,-0.0343665376408577,0
-1.0689257198359312,-0.5882820551483565,-1.9761548693575264,-0.1448838105613269,-0.2172505640230674,-0.4378289287472198,0
0.0253030162548446,-0.2686558725880158,0.7475318792908872,-0.1448838105613269,-0.2172505640230674,-0.0343665376408577,0
-0.1935427309633105,-0.2595569697667442,-0.419762441558433,-0.1448838105613269,-0.2172505640230674,-0.0343665376408577,0
-1.214822884648035,-0.9262480657678056,-0.0306643346086596,-0.1448838105613269,-0.2172505640230674,0.127018418801687,0
-0.6312342253996209,0.9871631436473464,-0.419762441558433,-0.1448838105613269,-0.2172505640230674,1.9829454178909525,0
-0.6312342253996209,-1.2723188222925708,1.1366299862406606,-0.1448838105613269,-0.2172505640230674,-0.0343665376408577,0
-0.7771313902117244,0.0059965447267056,0.7475318792908872,-0.1448838105613269,-0.2172505640230674,-0.0343665376408577,0
1.1924803347516724,-0.6522489515692839,2.3039243070899804,-0.1448838105613269,-0.2172505640230674,-0.0343665376408577,0
0.3900459282851033,-0.4408911912370815,-0.0306643346086596,-0.1448838105613269,-0.2172505640230674,-0.1957514940834025,0
-1.2877714670540863,0.2111242550522516,-0.0306643346086596,-0.1448838105613269,4.152692294029314,-1.0026762762961263,0
2.432606235654552,1.0785971754319668,-0.419762441558433,-0.1448838105613269,-0.2172505640230674,-1.6482161020663058,0
-0.7771313902117244,-0.8894831961996499,0.3584337723411137,-0.1448838105613269,-0.2172505640230674,0.3690958534655043,0
1.265428917157724,0.1523364427553988,-0.419762441558433,-0.1448838105613269,-0.2172505640230674,-0.0343665376408577,0
-1.2877714670540863,0.3918241097285981,-0.419762441558433,-0.1448838105613269,-0.2172505640230674,-0.8412913198535819,0
0.9736345875335172,-0.3269229360241298,2.3039243070899804,-0.1448838105613269,-0.2172505640230674,-0.0343665376408577,0
1.1924803347516724,-1.5380332955247942,-0.0306643346086596,-0.1448838105613269,4.685914606447738,-0.4378289287472198,0
-1.360720049460138,-0.0910615747538931,-0.0306643346086596,-0.1448838105613269,-0.2172505640230674,-1.6482161020663058,0
-0.4123884781814657,-1.3078054901116405,-0.419762441558433,-0.1448838105613269,-0.2172505640230674,1.5794830267845903,0
0.1712001810669481,-0.6496546754266944,-0.419762441558433,-0.1448838105613269,-0.2172505640230674,-0.0343665376408577,0
0.8277374227214137,0.1068987376156667,-0.0306643346086596,-0.1448838105613269,-0.2172505640230674,0.7725582445718663,0
0.0253030162548446,-1.032329342780841,-0.0306643346086596,-0.1448838105613269,-0.2172505640230674,3.516102504095128,0
0.462994510691155,-0.7911279386477564,-0.0306643346086596,-0.1448838105613269,-0.2172505640230674,-0.0343665376408577,0
0.462994510691155,-0.7381725135911776,-3.1434491902068467,-0.1448838105613269,-0.2172505640230674,-0.0343665376408577,0
-1.214822884648035,-0.6809753523598542,-0.0306643346086596,-0.1448838105613269,-0.2172505640230674,-0.0343665376408577,0
0.3900459282851033,2.273895705888382,-0.0306643346086596,-0.1448838105613269,-0.2172505640230674,-0.0343665376408577,0
-0.4853370605875174,-0.0597787704651507,-0.419762441558433,-0.1448838105613269,-0.2172505640230674,-0.0343665376408577,0
-0.6312342253996209,-0.2071601662153215,-0.419762441558433,-0.1448838105613269,-0.2172505640230674,-0.0343665376408577,0
0.6088916755032585,-0.9673209486384368,1.1366299862406606,-0.1448838105613269,-0.2172505640230674,0.7725582445718663,0
-0.850079972617776,0.973349096596113,-0.0306643346086596,-0.1448838105613269,-0.2172505640230674,-0.0343665376408577,0
-0.4853370605875174,0.0504684974337949,1.1366299862406606,0.8339377635312247,-0.2172505640230674,0.3690958534655043,0
0.0982515986608963,0.2377581922387626,-0.0306643346086596,0.8339377635312247,-0.2172505640230674,1.9829454178909525,0
-1.141874302241983,-0.3316570165763002,-0.419762441558433,-0.1448838105613269,-0.2172505640230674,-0.0343665376408577,0
-1.0689257198359312,-0.0132143541540021,1.1366299862406606,-0.1448838105613269,-0.2172505640230674,0.7725582445718663,0
-1.0689257198359312,-0.0715098220734291,1.1366299862406606,-0.1448838105613269,-0.2172505640230674,-1.0026762762961263,0
-0.1935427309633105,-1.3121040352530111,1.1366299862406606,-0.1448838105613269,-0.2172505640230674,1.5794830267845903,0
-0.2664913133693622,0.2928060808994007,-0.419762441558433,-0.1448838105613269,-0.2172505640230674,-0.0343665376408577,0
-0.5582856429935692,0.2788121387871848,-0.0306643346086596,0.5867511149901761,-0.2172505640230674,1.5794830267845903,0
-1.214822884648035,-1.4207417157642188,-0.0306643346086596,-0.1448838105613269,-0.2172505640230674,0.3690958534655043,0
-0.4123884781814657,-0.6233521238788353,-1.9761548693575264,-0.1448838105613269,-0.2172505640230674,-0.0343665376408577,0
-0.1205941485572587,1.2991863928409015,-0.419762441558433,-0.1448838105613269,-0.2172505640230674,-0.0343665376408577,0
0.6088916755032585,0.3691668002059102,-0.0306643346086596,-0.1448838105613269,4.685914606447738,-0.0343665376408577,0
0.754788840315362,-0.910010169473861,0.7475318792908872,-0.1448838105613269,-0.2172505640230674,0.3690958534655043,0
-0.7771313902117244,-0.5525586833016782,-0.419762441558433,-0.1448838105613269,-0.2172505640230674,-0.0343665376408577,0
1.4842746643758793,-0.0797944630397274,-1.5870567624077532,-0.1448838105613269,-0.2172505640230674,-0.0343665376408577,0
-1.360720049460138,-0.081782776871639,-0.0306643346086596,-0.1448838105613269,-0.2172505640230674,-0.0343665376408577,0
0.3170973458790516,0.2806110893970096,-1.9761548693575264,-0.1448838105613269,-0.2172505640230674,-0.0343665376408577,0
-0.6312342253996209,-1.379668832893588,-0.419762441558433,-0.1448838105613269,4.678474295111666,-0.0343665376408577,0
-1.214822884648035,-1.5691551410747628,-0.419762441558433,-0.1448838105613269,-0.2172505640230674,-0.0343665376408577,0
0.0253030162548446,2.5303881902049774,1.1366299862406606,-0.1448838105613269,-0.2172505640230674,-0.0343665376408577,0
0.0253030162548446,-0.7107243145496933,-0.419762441558433,-0.1448838105613269,-0.2172505640230674,-0.0343665376408577,0
-0.9959771374298796,-0.155823796707585,1.1366299862406606,-0.1448838105613269,-0.2172505640230674,-0.0343665376408577,0
-0.7041828078056727,2.927208290249009,-0.419762441558433,-0.1448838105613269,-0.2172505640230674,-0.0343665376408577,0
-1.5795657966782934,2.119801383915233,-1.9761548693575264,-0.1448838105613269,-0.2172505640230674,-0.0343665376408577,0
0.462994510691155,-0.867072058865675,-0.419762441558433,-0.1448838105613269,-0.2172505640230674,1.5794830267845903,0
0.8277374227214137,-0.8731600864557661,-0.0306643346086596,-0.1448838105613269,-0.2172505640230674,0.6111732881293215,0
-0.339439895775414,-0.259026752744901,1.1366299862406606,-0.1448838105613269,-0.2172505640230674,-0.0343665376408577,0
-0.7771313902117244,0.1849637259209576,1.1366299862406606,-0.1448838105613269,-0.2172505640230674,1.5794830267845903,0
0.5359430930972068,-0.2747912409836287,1.1366299862406606,-0.1448838105613269,-0.2172505640230674,-0.1957514940834025,0
0.3900459282851033,0.014451612592882,-0.0306643346086596,-0.1448838105613269,-0.2172505640230674,-0.4378289287472198,0
1.1924803347516724,-0.7172857501950016,0.3584337723411137,-0.1448838105613269,-0.2172505640230674,-1.6482161020663058,0
-0.850079972617776,-0.806807213436545,1.1366299862406606,-0.1448838105613269,-0.2172505640230674,-0.0343665376408577,0
2.1408119060303448,-0.6421653599931607,-2.3652529763073,-0.1448838105613269,-0.2172505640230674,-1.6482161020663058,0
-0.850079972617776,0.0309262129144352,1.1366299862406606,-0.1448838105613269,-0.2172505640230674,0.3690958534655043,0
-0.4123884781814657,-0.0943186221737864,-0.419762441558433,-0.1448838105613269,-0.2172505640230674,0.6111732881293215,0
0.2441487634729998,0.5334488635273296,1.1366299862406606,-0.1448838105613269,-0.2172505640230674,1.1760206356782283,0
-0.9959771374298796,-0.3377545123274958,-1.5870567624077532,-0.1448838105613269,-0.2172505640230674,-0.0343665376408577,0
-0.6312342253996209,-0.8724783788562536,1.1366299862406606,-0.1448838105613269,-0.2172505640230674,0.7725582445718663,0
-0.1205941485572587,-0.3588306389457587,-2.3652529763073,-0.1448838105613269,-0.2172505640230674,-0.0343665376408577,0
-0.1935427309633105,1.5658760866668722,-0.419762441558433,-0.1448838105613269,-0.2172505640230674,-1.0026762762961263,0
-1.43366863186619,0.4013585479606694,-0.0306643346086596,-0.1448838105613269,-0.2172505640230674,-0.4378289287472198,0
-1.2877714670540863,0.356356378231737,-0.419762441558433,-0.1448838105613269,-0.2172505640230674,0.2077108970229594,0
-0.7041828078056727,-1.271381474343241,-0.419762441558433,-0.1448838105613269,-0.2172505640230674,-0.0343665376408577,0
-1.141874302241983,-0.6720184719551476,0.3584337723411137,-0.1448838105613269,-0.2172505640230674,-0.0343665376408577,0
-0.6312342253996209,0.1403592189584075,-0.0306643346086596,0.2758565673406098,-0.2172505640230674,2.386407808997314,0
-0.9959771374298796,0.1546372059037537,-0.419762441558433,-0.1448838105613269,-0.2172505640230674,-0.0343665376408577,0
1.1195317523456203,-0.032624084417901,-0.419762441558433,-0.1448838105613269,-0.2172505640230674,-0.0343665376408577,0
-0.2664913133693622,-1.0416933541130344,1.1366299862406606,-0.1448838105613269,-0.2172505640230674,0.7725582445718663,0
-0.339439895775414,0.00528643264388,1.1366299862406606,-0.1448838105613269,4.499906823045962,0.6111732881293215,0
0.2441487634729998,-0.0913740240703364,-0.419762441558433,-0.1448838105613269,-0.2172505640230674,1.9829454178909525,0
-1.5795657966782934,0.0802553322680514,-1.1979586554579795,-0.1448838105613269,-0.2172505640230674,-2.051678493172668,0
-0.9959771374298796,0.9983071692671556,-0.419762441558433,-0.1448838105613269,-0.2172505640230674,-1.2447537109599438,0
0.462994510691155,-0.0217735717923263,1.5257280931904338,0.8516418533887496,-0.2172505640230674,2.386407808997314,0
-0.1205941485572587,-0.0388446662634529,-0.419762441558433,-0.1448838105613269,-0.2172505640230674,-0.0343665376408577,0
-0.5582856429935692,0.4244608610552612,1.1366299862406606,-0.1448838105613269,-0.2172505640230674,-0.0343665376408577,0
0.9736345875335172,-0.0640299748009998,-0.419762441558433,-0.1448838105613269,-0.2172505640230674,1.1760206356782283,0
-0.7771313902117244,-0.4274748069522304,-0.419762441558433,-0.1448838105613269,-0.2172505640230674,-0.0343665376408577,0
-0.2664913133693622,-0.4724580403589541,0.3584337723411137,-0.1448838105613269,-0.2172505640230674,-1.6482161020663058,0
